datum,prijs
2023-10-23T00:00:00+02:00,0.311622
2023-10-23T01:00:00+02:00,0.294658
2023-10-23T02:00:00+02:00,0.294997
2023-10-23T03:00:00+02:00,0.293714
2023-10-23T04:00:00+02:00,0.292165
2023-10-23T05:00:00+02:00,0.300684
2023-10-23T06:00:00+02:00,0.336439
2023-10-23T07:00:00+02:00,0.382504
2023-10-23T08:00:00+02:00,0.412500
2023-10-23T09:00:00+02:00,0.356138
2023-10-23T10:00:00+02:00,0.327413
2023-10-23T11:00:00+02:00,0.304374
2023-10-23T12:00:00+02:00,0.296183
2023-10-23T13:00:00+02:00,0.297344
2023-10-23T14:00:00+02:00,0.301918
2023-10-23T15:00:00+02:00,0.323783
2023-10-23T16:00:00+02:00,0.332700
2023-10-23T17:00:00+02:00,0.350620
2023-10-23T18:00:00+02:00,0.364451
2023-10-23T19:00:00+02:00,0.359635
2023-10-23T20:00:00+02:00,0.323335
2023-10-23T21:00:00+02:00,0.298070
2023-10-23T22:00:00+02:00,0.303128
2023-10-23T23:00:00+02:00,0.284688
2023-10-24T00:00:00+02:00,0.295057
2023-10-24T01:00:00+02:00,0.290072
2023-10-24T02:00:00+02:00,0.286841
2023-10-24T03:00:00+02:00,0.280695
2023-10-24T04:00:00+02:00,0.281675
2023-10-24T05:00:00+02:00,0.286732
2023-10-24T06:00:00+02:00,0.294803
2023-10-24T07:00:00+02:00,0.317249
2023-10-24T08:00:00+02:00,0.330123
2023-10-24T09:00:00+02:00,0.337431
2023-10-24T10:00:00+02:00,0.327776
2023-10-24T11:00:00+02:00,0.323698
2023-10-24T12:00:00+02:00,0.316426
2023-10-24T13:00:00+02:00,0.308621
2023-10-24T14:00:00+02:00,0.300587
2023-10-24T15:00:00+02:00,0.293569
2023-10-24T16:00:00+02:00,0.305427
2023-10-24T17:00:00+02:00,0.339355
2023-10-24T18:00:00+02:00,0.353827
2023-10-24T19:00:00+02:00,0.358969
2023-10-24T20:00:00+02:00,0.333922
2023-10-24T21:00:00+02:00,0.316813
2023-10-24T22:00:00+02:00,0.310509
2023-10-24T23:00:00+02:00,0.296812
2023-10-25T00:00:00+02:00,0.292323
2023-10-25T01:00:00+02:00,0.286866
2023-10-25T02:00:00+02:00,0.282558
2023-10-25T03:00:00+02:00,0.283381
2023-10-25T04:00:00+02:00,0.289031
2023-10-25T05:00:00+02:00,0.293460
2023-10-25T06:00:00+02:00,0.316390
2023-10-25T07:00:00+02:00,0.345163
2023-10-25T08:00:00+02:00,0.354553
2023-10-25T09:00:00+02:00,0.342477
2023-10-25T10:00:00+02:00,0.329228
2023-10-25T11:00:00+02:00,0.323226
2023-10-25T12:00:00+02:00,0.314490
2023-10-25T13:00:00+02:00,0.312445
2023-10-25T14:00:00+02:00,0.323057
2023-10-25T15:00:00+02:00,0.330934
2023-10-25T16:00:00+02:00,0.347111
2023-10-25T17:00:00+02:00,0.357227
2023-10-25T18:00:00+02:00,0.358461
2023-10-25T19:00:00+02:00,0.363507
2023-10-25T20:00:00+02:00,0.338436
2023-10-25T21:00:00+02:00,0.322077
2023-10-25T22:00:00+02:00,0.317721
2023-10-25T23:00:00+02:00,0.308936
2023-10-26T00:00:00+02:00,0.298772
2023-10-26T01:00:00+02:00,0.300708
2023-10-26T02:00:00+02:00,0.304338
2023-10-26T03:00:00+02:00,0.293400
2023-10-26T04:00:00+02:00,0.293448
2023-10-26T05:00:00+02:00,0.293448
2023-10-26T06:00:00+02:00,0.314405
2023-10-26T07:00:00+02:00,0.334334
2023-10-26T08:00:00+02:00,0.346748
2023-10-26T09:00:00+02:00,0.352738
2023-10-26T10:00:00+02:00,0.349556
2023-10-26T11:00:00+02:00,0.341848
2023-10-26T12:00:00+02:00,0.331091
2023-10-26T13:00:00+02:00,0.317757
2023-10-26T14:00:00+02:00,0.317164
2023-10-26T15:00:00+02:00,0.315482
2023-10-26T16:00:00+02:00,0.324908
2023-10-26T17:00:00+02:00,0.339404
2023-10-26T18:00:00+02:00,0.355218
2023-10-26T19:00:00+02:00,0.355255
2023-10-26T20:00:00+02:00,0.330776
2023-10-26T21:00:00+02:00,0.316523
2023-10-26T22:00:00+02:00,0.314091
2023-10-26T23:00:00+02:00,0.299316
2023-10-27T00:00:00+02:00,0.298966
2023-10-27T01:00:00+02:00,0.290556
2023-10-27T02:00:00+02:00,0.290133
2023-10-27T03:00:00+02:00,0.292117
2023-10-27T04:00:00+02:00,0.300611
2023-10-27T05:00:00+02:00,0.304144
2023-10-27T06:00:00+02:00,0.320552
2023-10-27T07:00:00+02:00,0.341122
2023-10-27T08:00:00+02:00,0.359453
2023-10-27T09:00:00+02:00,0.357215
2023-10-27T10:00:00+02:00,0.351250
2023-10-27T11:00:00+02:00,0.344909
2023-10-27T12:00:00+02:00,0.324654
2023-10-27T13:00:00+02:00,0.308198
2023-10-27T14:00:00+02:00,0.300684
2023-10-27T15:00:00+02:00,0.296824
2023-10-27T16:00:00+02:00,0.309372
2023-10-27T17:00:00+02:00,0.324763
2023-10-27T18:00:00+02:00,0.341727
2023-10-27T19:00:00+02:00,0.342574
2023-10-27T20:00:00+02:00,0.318918
2023-10-27T21:00:00+02:00,0.293605
2023-10-27T22:00:00+02:00,0.289661
2023-10-27T23:00:00+02:00,0.285825
2023-10-28T00:00:00+02:00,0.274814
2023-10-28T01:00:00+02:00,0.255466
2023-10-28T02:00:00+02:00,0.250602
2023-10-28T03:00:00+02:00,0.238998
2023-10-28T04:00:00+02:00,0.241236
2023-10-28T05:00:00+02:00,0.245363
2023-10-28T06:00:00+02:00,0.250880
2023-10-28T07:00:00+02:00,0.261988
2023-10-28T08:00:00+02:00,0.280561
2023-10-28T09:00:00+02:00,0.281033
2023-10-28T10:00:00+02:00,0.277730
2023-10-28T11:00:00+02:00,0.256591
2023-10-28T12:00:00+02:00,0.241866
2023-10-28T13:00:00+02:00,0.236046
2023-10-28T14:00:00+02:00,0.234424
2023-10-28T15:00:00+02:00,0.260693
2023-10-28T16:00:00+02:00,0.278517
2023-10-28T17:00:00+02:00,0.311840
2023-10-28T18:00:00+02:00,0.332168
2023-10-28T19:00:00+02:00,0.300418
2023-10-28T20:00:00+02:00,0.269079
2023-10-28T21:00:00+02:00,0.233964
2023-10-28T22:00:00+02:00,0.218222
2023-10-28T23:00:00+02:00,0.193768
2023-10-29T00:00:00+02:00,0.178909
2023-10-29T01:00:00+01:00,0.169108
2023-10-29T02:00:00+01:00,0.170113
2023-10-29T03:00:00+01:00,0.170524
2023-10-29T04:00:00+01:00,0.170585
2023-10-29T05:00:00+01:00,0.170427
2023-10-29T06:00:00+01:00,0.170222
2023-10-29T07:00:00+01:00,0.171238
2023-10-29T08:00:00+01:00,0.171177
2023-10-29T09:00:00+01:00,0.171456
2023-10-29T10:00:00+01:00,0.171468
2023-10-29T11:00:00+01:00,0.171480
2023-10-29T12:00:00+01:00,0.171746
2023-10-29T13:00:00+01:00,0.172448
2023-10-29T14:00:00+01:00,0.172448
2023-10-29T15:00:00+01:00,0.184052
2023-10-29T16:00:00+01:00,0.214580
2023-10-29T17:00:00+01:00,0.275165
2023-10-29T18:00:00+01:00,0.305415
2023-10-29T19:00:00+01:00,0.296715
2023-10-29T20:00:00+01:00,0.263198
2023-10-29T21:00:00+01:00,0.247964
2023-10-29T22:00:00+01:00,0.238115
2023-10-29T23:00:00+01:00,0.235368
2023-10-30T00:00:00+01:00,0.182128
2023-10-30T01:00:00+01:00,0.182285
2023-10-30T02:00:00+01:00,0.182564
2023-10-30T03:00:00+01:00,0.184572
2023-10-30T04:00:00+01:00,0.189267
2023-10-30T05:00:00+01:00,0.200605
2023-10-30T06:00:00+01:00,0.268280
2023-10-30T07:00:00+01:00,0.300599
2023-10-30T08:00:00+01:00,0.306758
2023-10-30T09:00:00+01:00,0.297078
2023-10-30T10:00:00+01:00,0.281348
2023-10-30T11:00:00+01:00,0.288814
2023-10-30T12:00:00+01:00,0.296521
2023-10-30T13:00:00+01:00,0.311138
2023-10-30T14:00:00+01:00,0.322464
2023-10-30T15:00:00+01:00,0.341182
2023-10-30T16:00:00+01:00,0.348382
2023-10-30T17:00:00+01:00,0.373114
2023-10-30T18:00:00+01:00,0.379358
2023-10-30T19:00:00+01:00,0.355315
2023-10-30T20:00:00+01:00,0.328574
2023-10-30T21:00:00+01:00,0.311453
2023-10-30T22:00:00+01:00,0.327328
2023-10-30T23:00:00+01:00,0.310703
2023-10-31T00:00:00+01:00,0.276568
2023-10-31T01:00:00+01:00,0.268280
2023-10-31T02:00:00+01:00,0.259520
2023-10-31T03:00:00+01:00,0.250856
2023-10-31T04:00:00+01:00,0.264408
2023-10-31T05:00:00+01:00,0.284083
2023-10-31T06:00:00+01:00,0.302087
2023-10-31T07:00:00+01:00,0.329869
2023-10-31T08:00:00+01:00,0.380326
2023-10-31T09:00:00+01:00,0.361377
2023-10-31T10:00:00+01:00,0.328961
2023-10-31T11:00:00+01:00,0.307484
2023-10-31T12:00:00+01:00,0.300708
2023-10-31T13:00:00+01:00,0.309964
2023-10-31T14:00:00+01:00,0.318447
2023-10-31T15:00:00+01:00,0.320552
2023-10-31T16:00:00+01:00,0.335931
2023-10-31T17:00:00+01:00,0.368238
2023-10-31T18:00:00+01:00,0.380616
2023-10-31T19:00:00+01:00,0.357481
2023-10-31T20:00:00+01:00,0.324763
2023-10-31T21:00:00+01:00,0.312711
2023-10-31T22:00:00+01:00,0.320310
2023-10-31T23:00:00+01:00,0.301313
2023-11-01T00:00:00+01:00,0.251642
2023-11-01T01:00:00+01:00,0.253893
2023-11-01T02:00:00+01:00,0.243644
2023-11-01T03:00:00+01:00,0.231375
2023-11-01T04:00:00+01:00,0.228894
2023-11-01T05:00:00+01:00,0.238599
2023-11-01T06:00:00+01:00,0.253941
2023-11-01T07:00:00+01:00,0.267614
2023-11-01T08:00:00+01:00,0.269514
2023-11-01T09:00:00+01:00,0.256216
2023-11-01T10:00:00+01:00,0.239772
2023-11-01T11:00:00+01:00,0.231932
2023-11-01T12:00:00+01:00,0.230092
2023-11-01T13:00:00+01:00,0.238998
2023-11-01T14:00:00+01:00,0.236977
2023-11-01T15:00:00+01:00,0.249295
2023-11-01T16:00:00+01:00,0.256966
2023-11-01T17:00:00+01:00,0.278577
2023-11-01T18:00:00+01:00,0.269175
2023-11-01T19:00:00+01:00,0.263162
2023-11-01T20:00:00+01:00,0.246476
2023-11-01T21:00:00+01:00,0.220642
2023-11-01T22:00:00+01:00,0.231012
2023-11-01T23:00:00+01:00,0.206570
2023-11-02T00:00:00+01:00,0.196309
2023-11-02T01:00:00+01:00,0.186290
2023-11-02T02:00:00+01:00,0.183507
2023-11-02T03:00:00+01:00,0.180519
2023-11-02T04:00:00+01:00,0.180918
2023-11-02T05:00:00+01:00,0.181959
2023-11-02T06:00:00+01:00,0.219396
2023-11-02T07:00:00+01:00,0.262944
2023-11-02T08:00:00+01:00,0.296255
2023-11-02T09:00:00+01:00,0.266090
2023-11-02T10:00:00+01:00,0.246137
2023-11-02T11:00:00+01:00,0.248920
2023-11-02T12:00:00+01:00,0.249525
2023-11-02T13:00:00+01:00,0.250251
2023-11-02T14:00:00+01:00,0.276447
2023-11-02T15:00:00+01:00,0.322488
2023-11-02T16:00:00+01:00,0.329615
2023-11-02T17:00:00+01:00,0.343530
2023-11-02T18:00:00+01:00,0.346688
2023-11-02T19:00:00+01:00,0.293315
2023-11-02T20:00:00+01:00,0.278722
2023-11-02T21:00:00+01:00,0.264396
2023-11-02T22:00:00+01:00,0.259895
2023-11-02T23:00:00+01:00,0.241466
2023-11-03T00:00:00+01:00,0.190804
2023-11-03T01:00:00+01:00,0.186327
2023-11-03T02:00:00+01:00,0.184548
2023-11-03T03:00:00+01:00,0.179381
2023-11-03T04:00:00+01:00,0.184221
2023-11-03T05:00:00+01:00,0.201004
2023-11-03T06:00:00+01:00,0.247032
2023-11-03T07:00:00+01:00,0.281687
2023-11-03T08:00:00+01:00,0.287458
2023-11-03T09:00:00+01:00,0.280852
2023-11-03T10:00:00+01:00,0.272757
2023-11-03T11:00:00+01:00,0.262835
2023-11-03T12:00:00+01:00,0.247238
2023-11-03T13:00:00+01:00,0.246076
2023-11-03T14:00:00+01:00,0.250965
2023-11-03T15:00:00+01:00,0.257015
2023-11-03T16:00:00+01:00,0.272515
2023-11-03T17:00:00+01:00,0.305669
2023-11-03T18:00:00+01:00,0.302886
2023-11-03T19:00:00+01:00,0.283163
2023-11-03T20:00:00+01:00,0.257753
2023-11-03T21:00:00+01:00,0.238865
2023-11-03T22:00:00+01:00,0.227539
2023-11-03T23:00:00+01:00,0.208748
2023-11-04T00:00:00+01:00,0.227769
2023-11-04T01:00:00+01:00,0.211241
2023-11-04T02:00:00+01:00,0.208748
2023-11-04T03:00:00+01:00,0.199080
2023-11-04T04:00:00+01:00,0.195668
2023-11-04T05:00:00+01:00,0.191082
2023-11-04T06:00:00+01:00,0.191965
2023-11-04T07:00:00+01:00,0.202795
2023-11-04T08:00:00+01:00,0.203726
2023-11-04T09:00:00+01:00,0.196648
2023-11-04T10:00:00+01:00,0.189327
2023-11-04T11:00:00+01:00,0.190840
2023-11-04T12:00:00+01:00,0.196648
2023-11-04T13:00:00+01:00,0.198027
2023-11-04T14:00:00+01:00,0.209704
2023-11-04T15:00:00+01:00,0.224103
2023-11-04T16:00:00+01:00,0.220848
2023-11-04T17:00:00+01:00,0.243838
2023-11-04T18:00:00+01:00,0.242398
2023-11-04T19:00:00+01:00,0.236941
2023-11-04T20:00:00+01:00,0.232948
2023-11-04T21:00:00+01:00,0.213697
2023-11-04T22:00:00+01:00,0.186641
2023-11-04T23:00:00+01:00,0.180978
2023-11-05T00:00:00+01:00,0.182987
2023-11-05T01:00:00+01:00,0.180422
2023-11-05T02:00:00+01:00,0.178716
2023-11-05T03:00:00+01:00,0.176054
2023-11-05T04:00:00+01:00,0.177578
2023-11-05T05:00:00+01:00,0.182116
2023-11-05T06:00:00+01:00,0.192401
2023-11-05T07:00:00+01:00,0.239119
2023-11-05T08:00:00+01:00,0.245048
2023-11-05T09:00:00+01:00,0.234727
2023-11-05T10:00:00+01:00,0.224272
2023-11-05T11:00:00+01:00,0.225022
2023-11-05T12:00:00+01:00,0.220703
2023-11-05T13:00:00+01:00,0.204380
2023-11-05T14:00:00+01:00,0.212826
2023-11-05T15:00:00+01:00,0.234509
2023-11-05T16:00:00+01:00,0.248787
2023-11-05T17:00:00+01:00,0.263089
2023-11-05T18:00:00+01:00,0.260427
2023-11-05T19:00:00+01:00,0.244092
2023-11-05T20:00:00+01:00,0.233069
2023-11-05T21:00:00+01:00,0.234823
2023-11-05T22:00:00+01:00,0.233069
2023-11-05T23:00:00+01:00,0.227975
2023-11-06T00:00:00+01:00,0.229608
2023-11-06T01:00:00+01:00,0.211035
2023-11-06T02:00:00+01:00,0.192715
2023-11-06T03:00:00+01:00,0.180652
2023-11-06T04:00:00+01:00,0.177651
2023-11-06T05:00:00+01:00,0.192933
2023-11-06T06:00:00+01:00,0.260475
2023-11-06T07:00:00+01:00,0.288862
2023-11-06T08:00:00+01:00,0.298857
2023-11-06T09:00:00+01:00,0.276508
2023-11-06T10:00:00+01:00,0.249876
2023-11-06T11:00:00+01:00,0.245229
2023-11-06T12:00:00+01:00,0.242688
2023-11-06T13:00:00+01:00,0.253494
2023-11-06T14:00:00+01:00,0.269659
2023-11-06T15:00:00+01:00,0.293448
2023-11-06T16:00:00+01:00,0.308525
2023-11-06T17:00:00+01:00,0.339428
2023-11-06T18:00:00+01:00,0.355388
2023-11-06T19:00:00+01:00,0.341570
2023-11-06T20:00:00+01:00,0.307351
2023-11-06T21:00:00+01:00,0.300611
2023-11-06T22:00:00+01:00,0.292565
2023-11-06T23:00:00+01:00,0.283768
2023-11-07T00:00:00+01:00,0.283853
2023-11-07T01:00:00+01:00,0.264868
2023-11-07T02:00:00+01:00,0.258576
2023-11-07T03:00:00+01:00,0.254740
2023-11-07T04:00:00+01:00,0.257450
2023-11-07T05:00:00+01:00,0.273374
2023-11-07T06:00:00+01:00,0.295251
2023-11-07T07:00:00+01:00,0.333293
2023-11-07T08:00:00+01:00,0.337552
2023-11-07T09:00:00+01:00,0.326118
2023-11-07T10:00:00+01:00,0.292903
2023-11-07T11:00:00+01:00,0.280174
2023-11-07T12:00:00+01:00,0.276762
2023-11-07T13:00:00+01:00,0.279884
2023-11-07T14:00:00+01:00,0.290907
2023-11-07T15:00:00+01:00,0.303612
2023-11-07T16:00:00+01:00,0.309468
2023-11-07T17:00:00+01:00,0.338436
2023-11-07T18:00:00+01:00,0.353585
2023-11-07T19:00:00+01:00,0.333136
2023-11-07T20:00:00+01:00,0.299619
2023-11-07T21:00:00+01:00,0.284954
2023-11-07T22:00:00+01:00,0.292952
2023-11-07T23:00:00+01:00,0.291585
2023-11-08T00:00:00+01:00,0.286188
2023-11-08T01:00:00+01:00,0.277186
2023-11-08T02:00:00+01:00,0.258297
2023-11-08T03:00:00+01:00,0.250457
2023-11-08T04:00:00+01:00,0.253228
2023-11-08T05:00:00+01:00,0.263210
2023-11-08T06:00:00+01:00,0.274826
2023-11-08T07:00:00+01:00,0.302741
2023-11-08T08:00:00+01:00,0.307327
2023-11-08T09:00:00+01:00,0.285861
2023-11-08T10:00:00+01:00,0.275419
2023-11-08T11:00:00+01:00,0.267856
2023-11-08T12:00:00+01:00,0.264408
2023-11-08T13:00:00+01:00,0.264747
2023-11-08T14:00:00+01:00,0.273156
2023-11-08T15:00:00+01:00,0.299135
2023-11-08T16:00:00+01:00,0.309831
2023-11-08T17:00:00+01:00,0.316607
2023-11-08T18:00:00+01:00,0.326287
2023-11-08T19:00:00+01:00,0.318858
2023-11-08T20:00:00+01:00,0.305427
2023-11-08T21:00:00+01:00,0.301918
2023-11-08T22:00:00+01:00,0.298288
2023-11-08T23:00:00+01:00,0.295444
2023-11-09T00:00:00+01:00,0.280380
2023-11-09T01:00:00+01:00,0.292274
2023-11-09T02:00:00+01:00,0.284990
2023-11-09T03:00:00+01:00,0.281348
2023-11-09T04:00:00+01:00,0.282788
2023-11-09T05:00:00+01:00,0.279291
2023-11-09T06:00:00+01:00,0.305076
2023-11-09T07:00:00+01:00,0.317721
2023-11-09T08:00:00+01:00,0.341812
2023-11-09T09:00:00+01:00,0.329748
2023-11-09T10:00:00+01:00,0.293545
2023-11-09T11:00:00+01:00,0.287398
2023-11-09T12:00:00+01:00,0.281542
2023-11-09T13:00:00+01:00,0.284155
2023-11-09T14:00:00+01:00,0.294186
2023-11-09T15:00:00+01:00,0.313026
2023-11-09T16:00:00+01:00,0.317950
2023-11-09T17:00:00+01:00,0.332023
2023-11-09T18:00:00+01:00,0.328054
2023-11-09T19:00:00+01:00,0.308137
2023-11-09T20:00:00+01:00,0.293448
2023-11-09T21:00:00+01:00,0.278928
2023-11-09T22:00:00+01:00,0.274136
2023-11-09T23:00:00+01:00,0.262424
2023-11-10T00:00:00+01:00,0.249985
2023-11-10T01:00:00+01:00,0.244721
2023-11-10T02:00:00+01:00,0.237473
2023-11-10T03:00:00+01:00,0.230964
2023-11-10T04:00:00+01:00,0.232948
2023-11-10T05:00:00+01:00,0.253494
2023-11-10T06:00:00+01:00,0.274390
2023-11-10T07:00:00+01:00,0.301591
2023-11-10T08:00:00+01:00,0.309178
2023-11-10T09:00:00+01:00,0.313256
2023-11-10T10:00:00+01:00,0.300466
2023-11-10T11:00:00+01:00,0.291028
2023-11-10T12:00:00+01:00,0.283526
2023-11-10T13:00:00+01:00,0.293448
2023-11-10T14:00:00+01:00,0.288898
2023-11-10T15:00:00+01:00,0.306359
2023-11-10T16:00:00+01:00,0.318943
2023-11-10T17:00:00+01:00,0.335979
2023-11-10T18:00:00+01:00,0.335919
2023-11-10T19:00:00+01:00,0.321980
2023-11-10T20:00:00+01:00,0.309093
2023-11-10T21:00:00+01:00,0.299619
2023-11-10T22:00:00+01:00,0.298252
2023-11-10T23:00:00+01:00,0.285220
2023-11-11T00:00:00+01:00,0.278081
2023-11-11T01:00:00+01:00,0.276375
2023-11-11T02:00:00+01:00,0.276363
2023-11-11T03:00:00+01:00,0.273132
2023-11-11T04:00:00+01:00,0.272527
2023-11-11T05:00:00+01:00,0.275830
2023-11-11T06:00:00+01:00,0.276871
2023-11-11T07:00:00+01:00,0.278928
2023-11-11T08:00:00+01:00,0.283768
2023-11-11T09:00:00+01:00,0.287265
2023-11-11T10:00:00+01:00,0.282897
2023-11-11T11:00:00+01:00,0.281614
2023-11-11T12:00:00+01:00,0.278855
2023-11-11T13:00:00+01:00,0.278686
2023-11-11T14:00:00+01:00,0.283163
2023-11-11T15:00:00+01:00,0.296921
2023-11-11T16:00:00+01:00,0.312493
2023-11-11T17:00:00+01:00,0.327304
2023-11-11T18:00:00+01:00,0.336718
2023-11-11T19:00:00+01:00,0.323057
2023-11-11T20:00:00+01:00,0.309795
2023-11-11T21:00:00+01:00,0.296570
2023-11-11T22:00:00+01:00,0.284228
2023-11-11T23:00:00+01:00,0.278214
2023-11-12T00:00:00+01:00,0.280840
2023-11-12T01:00:00+01:00,0.275734
2023-11-12T02:00:00+01:00,0.275746
2023-11-12T03:00:00+01:00,0.274572
2023-11-12T04:00:00+01:00,0.277428
2023-11-12T05:00:00+01:00,0.279315
2023-11-12T06:00:00+01:00,0.278020
2023-11-12T07:00:00+01:00,0.278057
2023-11-12T08:00:00+01:00,0.278976
2023-11-12T09:00:00+01:00,0.281045
2023-11-12T10:00:00+01:00,0.279727
2023-11-12T11:00:00+01:00,0.277258
2023-11-12T12:00:00+01:00,0.279037
2023-11-12T13:00:00+01:00,0.281348
2023-11-12T14:00:00+01:00,0.287362
2023-11-12T15:00:00+01:00,0.306008
2023-11-12T16:00:00+01:00,0.320685
2023-11-12T17:00:00+01:00,0.344220
2023-11-12T18:00:00+01:00,0.330341
2023-11-12T19:00:00+01:00,0.324908
2023-11-12T20:00:00+01:00,0.313776
2023-11-12T21:00:00+01:00,0.302317
2023-11-12T22:00:00+01:00,0.293617
2023-11-12T23:00:00+01:00,0.278952
2023-11-13T00:00:00+01:00,0.282873
2023-11-13T01:00:00+01:00,0.277500
2023-11-13T02:00:00+01:00,0.277718
2023-11-13T03:00:00+01:00,0.278020
2023-11-13T04:00:00+01:00,0.275637
2023-11-13T05:00:00+01:00,0.279606
2023-11-13T06:00:00+01:00,0.308210
2023-11-13T07:00:00+01:00,0.334842
2023-11-13T08:00:00+01:00,0.347898
2023-11-13T09:00:00+01:00,0.324787
2023-11-13T10:00:00+01:00,0.316269
2023-11-13T11:00:00+01:00,0.313619
2023-11-13T12:00:00+01:00,0.303733
2023-11-13T13:00:00+01:00,0.295396
2023-11-13T14:00:00+01:00,0.279230
2023-11-13T15:00:00+01:00,0.269405
2023-11-13T16:00:00+01:00,0.267639
2023-11-13T17:00:00+01:00,0.282957
2023-11-13T18:00:00+01:00,0.288608
2023-11-13T19:00:00+01:00,0.278444
2023-11-13T20:00:00+01:00,0.265376
2023-11-13T21:00:00+01:00,0.247456
2023-11-13T22:00:00+01:00,0.246839
2023-11-13T23:00:00+01:00,0.208760
2023-11-14T00:00:00+01:00,0.185274
2023-11-14T01:00:00+01:00,0.174239
2023-11-14T02:00:00+01:00,0.172799
2023-11-14T03:00:00+01:00,0.172545
2023-11-14T04:00:00+01:00,0.172835
2023-11-14T05:00:00+01:00,0.174650
2023-11-14T06:00:00+01:00,0.230080
2023-11-14T07:00:00+01:00,0.269284
2023-11-14T08:00:00+01:00,0.288983
2023-11-14T09:00:00+01:00,0.277065
2023-11-14T10:00:00+01:00,0.262956
2023-11-14T11:00:00+01:00,0.260560
2023-11-14T12:00:00+01:00,0.263295
2023-11-14T13:00:00+01:00,0.263464
2023-11-14T14:00:00+01:00,0.276968
2023-11-14T15:00:00+01:00,0.294174
2023-11-14T16:00:00+01:00,0.292129
2023-11-14T17:00:00+01:00,0.333136
2023-11-14T18:00:00+01:00,0.324944
2023-11-14T19:00:00+01:00,0.313982
2023-11-14T20:00:00+01:00,0.293992
2023-11-14T21:00:00+01:00,0.285462
2023-11-14T22:00:00+01:00,0.288802
2023-11-14T23:00:00+01:00,0.275903
2023-11-15T00:00:00+01:00,0.270579
2023-11-15T01:00:00+01:00,0.264916
2023-11-15T02:00:00+01:00,0.260657
2023-11-15T03:00:00+01:00,0.257983
2023-11-15T04:00:00+01:00,0.262532
2023-11-15T05:00:00+01:00,0.271656
2023-11-15T06:00:00+01:00,0.294985
2023-11-15T07:00:00+01:00,0.319294
2023-11-15T08:00:00+01:00,0.325186
2023-11-15T09:00:00+01:00,0.314599
2023-11-15T10:00:00+01:00,0.303685
2023-11-15T11:00:00+01:00,0.289600
2023-11-15T12:00:00+01:00,0.282485
2023-11-15T13:00:00+01:00,0.284325
2023-11-15T14:00:00+01:00,0.286853
2023-11-15T15:00:00+01:00,0.310098
2023-11-15T16:00:00+01:00,0.316692
2023-11-15T17:00:00+01:00,0.325634
2023-11-15T18:00:00+01:00,0.329627
2023-11-15T19:00:00+01:00,0.318955
2023-11-15T20:00:00+01:00,0.305427
2023-11-15T21:00:00+01:00,0.290423
2023-11-15T22:00:00+01:00,0.283357
2023-11-15T23:00:00+01:00,0.274342
2023-11-16T00:00:00+01:00,0.275855
2023-11-16T01:00:00+01:00,0.273362
2023-11-16T02:00:00+01:00,0.288088
2023-11-16T03:00:00+01:00,0.288088
2023-11-16T04:00:00+01:00,0.291391
2023-11-16T05:00:00+01:00,0.297320
2023-11-16T06:00:00+01:00,0.299498
2023-11-16T07:00:00+01:00,0.325997
2023-11-16T08:00:00+01:00,0.329736
2023-11-16T09:00:00+01:00,0.328042
2023-11-16T10:00:00+01:00,0.317769
2023-11-16T11:00:00+01:00,0.313558
2023-11-16T12:00:00+01:00,0.320830
2023-11-16T13:00:00+01:00,0.331732
2023-11-16T14:00:00+01:00,0.349737
2023-11-16T15:00:00+01:00,0.364233
2023-11-16T16:00:00+01:00,0.363918
2023-11-16T17:00:00+01:00,0.391724
2023-11-16T18:00:00+01:00,0.342380
2023-11-16T19:00:00+01:00,0.324013
2023-11-16T20:00:00+01:00,0.319088
2023-11-16T21:00:00+01:00,0.311598
2023-11-16T22:00:00+01:00,0.305790
2023-11-16T23:00:00+01:00,0.294476
2023-11-17T00:00:00+01:00,0.300708
2023-11-17T01:00:00+01:00,0.293448
2023-11-17T02:00:00+01:00,0.293448
2023-11-17T03:00:00+01:00,0.284809
2023-11-17T04:00:00+01:00,0.288245
2023-11-17T05:00:00+01:00,0.297320
2023-11-17T06:00:00+01:00,0.316861
2023-11-17T07:00:00+01:00,0.330994
2023-11-17T08:00:00+01:00,0.344171
2023-11-17T09:00:00+01:00,0.335495
2023-11-17T10:00:00+01:00,0.327207
2023-11-17T11:00:00+01:00,0.323916
2023-11-17T12:00:00+01:00,0.317091
2023-11-17T13:00:00+01:00,0.308089
2023-11-17T14:00:00+01:00,0.322379
2023-11-17T15:00:00+01:00,0.329458
2023-11-17T16:00:00+01:00,0.339004
2023-11-17T17:00:00+01:00,0.349495
2023-11-17T18:00:00+01:00,0.353706
2023-11-17T19:00:00+01:00,0.344062
2023-11-17T20:00:00+01:00,0.327860
2023-11-17T21:00:00+01:00,0.318084
2023-11-17T22:00:00+01:00,0.315518
2023-11-17T23:00:00+01:00,0.308089
2023-11-18T00:00:00+01:00,0.306226
2023-11-18T01:00:00+01:00,0.290278
2023-11-18T02:00:00+01:00,0.282086
2023-11-18T03:00:00+01:00,0.276435
2023-11-18T04:00:00+01:00,0.272225
2023-11-18T05:00:00+01:00,0.272273
2023-11-18T06:00:00+01:00,0.276738
2023-11-18T07:00:00+01:00,0.283865
2023-11-18T08:00:00+01:00,0.293654
2023-11-18T09:00:00+01:00,0.289757
2023-11-18T10:00:00+01:00,0.287652
2023-11-18T11:00:00+01:00,0.284845
2023-11-18T12:00:00+01:00,0.284542
2023-11-18T13:00:00+01:00,0.283296
2023-11-18T14:00:00+01:00,0.284845
2023-11-18T15:00:00+01:00,0.284046
2023-11-18T16:00:00+01:00,0.286769
2023-11-18T17:00:00+01:00,0.299837
2023-11-18T18:00:00+01:00,0.302668
2023-11-18T19:00:00+01:00,0.282316
2023-11-18T20:00:00+01:00,0.273531
2023-11-18T21:00:00+01:00,0.266961
2023-11-18T22:00:00+01:00,0.261698
2023-11-18T23:00:00+01:00,0.242761
2023-11-19T00:00:00+01:00,0.195728
2023-11-19T01:00:00+01:00,0.179405
2023-11-19T02:00:00+01:00,0.177409
2023-11-19T03:00:00+01:00,0.172605
2023-11-19T04:00:00+01:00,0.172533
2023-11-19T05:00:00+01:00,0.172557
2023-11-19T06:00:00+01:00,0.175267
2023-11-19T07:00:00+01:00,0.179212
2023-11-19T08:00:00+01:00,0.189981
2023-11-19T09:00:00+01:00,0.195341
2023-11-19T10:00:00+01:00,0.187658
2023-11-19T11:00:00+01:00,0.187706
2023-11-19T12:00:00+01:00,0.186557
2023-11-19T13:00:00+01:00,0.173404
2023-11-19T14:00:00+01:00,0.190949
2023-11-19T15:00:00+01:00,0.253893
2023-11-19T16:00:00+01:00,0.270434
2023-11-19T17:00:00+01:00,0.287386
2023-11-19T18:00:00+01:00,0.298990
2023-11-19T19:00:00+01:00,0.298119
2023-11-19T20:00:00+01:00,0.279823
2023-11-19T21:00:00+01:00,0.274596
2023-11-19T22:00:00+01:00,0.278988
2023-11-19T23:00:00+01:00,0.269308
2023-11-20T00:00:00+01:00,0.255091
2023-11-20T01:00:00+01:00,0.248291
2023-11-20T02:00:00+01:00,0.244939
2023-11-20T03:00:00+01:00,0.242156
2023-11-20T04:00:00+01:00,0.249162
2023-11-20T05:00:00+01:00,0.269768
2023-11-20T06:00:00+01:00,0.296437
2023-11-20T07:00:00+01:00,0.326989
2023-11-20T08:00:00+01:00,0.324908
2023-11-20T09:00:00+01:00,0.314732
2023-11-20T10:00:00+01:00,0.306262
2023-11-20T11:00:00+01:00,0.300708
2023-11-20T12:00:00+01:00,0.297078
2023-11-20T13:00:00+01:00,0.310751
2023-11-20T14:00:00+01:00,0.318071
2023-11-20T15:00:00+01:00,0.324146
2023-11-20T16:00:00+01:00,0.336839
2023-11-20T17:00:00+01:00,0.351673
2023-11-20T18:00:00+01:00,0.341824
2023-11-20T19:00:00+01:00,0.329869
2023-11-20T20:00:00+01:00,0.317708
2023-11-20T21:00:00+01:00,0.301930
2023-11-20T22:00:00+01:00,0.303188
2023-11-20T23:00:00+01:00,0.293448
2023-11-21T00:00:00+01:00,0.296775
2023-11-21T01:00:00+01:00,0.291270
2023-11-21T02:00:00+01:00,0.288753
2023-11-21T03:00:00+01:00,0.282764
2023-11-21T04:00:00+01:00,0.287834
2023-11-21T05:00:00+01:00,0.294803
2023-11-21T06:00:00+01:00,0.317769
2023-11-21T07:00:00+01:00,0.335193
2023-11-21T08:00:00+01:00,0.341001
2023-11-21T09:00:00+01:00,0.337032
2023-11-21T10:00:00+01:00,0.335798
2023-11-21T11:00:00+01:00,0.334733
2023-11-21T12:00:00+01:00,0.339222
2023-11-21T13:00:00+01:00,0.338242
2023-11-21T14:00:00+01:00,0.338303
2023-11-21T15:00:00+01:00,0.338496
2023-11-21T16:00:00+01:00,0.342538
2023-11-21T17:00:00+01:00,0.348866
2023-11-21T18:00:00+01:00,0.344365
2023-11-21T19:00:00+01:00,0.332591
2023-11-21T20:00:00+01:00,0.323444
2023-11-21T21:00:00+01:00,0.306177
2023-11-21T22:00:00+01:00,0.306649
2023-11-21T23:00:00+01:00,0.291076
2023-11-22T00:00:00+01:00,0.291028
2023-11-22T01:00:00+01:00,0.287410
2023-11-22T02:00:00+01:00,0.287410
2023-11-22T03:00:00+01:00,0.283768
2023-11-22T04:00:00+01:00,0.284482
2023-11-22T05:00:00+01:00,0.289213
2023-11-22T06:00:00+01:00,0.316740
2023-11-22T07:00:00+01:00,0.342513
2023-11-22T08:00:00+01:00,0.356646
2023-11-22T09:00:00+01:00,0.331321
2023-11-22T10:00:00+01:00,0.311586
2023-11-22T11:00:00+01:00,0.297768
2023-11-22T12:00:00+01:00,0.288124
2023-11-22T13:00:00+01:00,0.296364
2023-11-22T14:00:00+01:00,0.312917
2023-11-22T15:00:00+01:00,0.317648
2023-11-22T16:00:00+01:00,0.326360
2023-11-22T17:00:00+01:00,0.333317
2023-11-22T18:00:00+01:00,0.329615
2023-11-22T19:00:00+01:00,0.316172
2023-11-22T20:00:00+01:00,0.321278
2023-11-22T21:00:00+01:00,0.296860
2023-11-22T22:00:00+01:00,0.303818
2023-11-22T23:00:00+01:00,0.269490
2023-11-23T00:00:00+01:00,0.251062
2023-11-23T01:00:00+01:00,0.228168
2023-11-23T02:00:00+01:00,0.222203
2023-11-23T03:00:00+01:00,0.208905
2023-11-23T04:00:00+01:00,0.196866
2023-11-23T05:00:00+01:00,0.211374
2023-11-23T06:00:00+01:00,0.271668
2023-11-23T07:00:00+01:00,0.310908
2023-11-23T08:00:00+01:00,0.341606
2023-11-23T09:00:00+01:00,0.341727
2023-11-23T10:00:00+01:00,0.316450
2023-11-23T11:00:00+01:00,0.278928
2023-11-23T12:00:00+01:00,0.258201
2023-11-23T13:00:00+01:00,0.275165
2023-11-23T14:00:00+01:00,0.287398
2023-11-23T15:00:00+01:00,0.291028
2023-11-23T16:00:00+01:00,0.308089
2023-11-23T17:00:00+01:00,0.360930
2023-11-23T18:00:00+01:00,0.336887
2023-11-23T19:00:00+01:00,0.329869
2023-11-23T20:00:00+01:00,0.288608
2023-11-23T21:00:00+01:00,0.284978
2023-11-23T22:00:00+01:00,0.283526
2023-11-23T23:00:00+01:00,0.245435
2023-11-24T00:00:00+01:00,0.229318
2023-11-24T01:00:00+01:00,0.197132
2023-11-24T02:00:00+01:00,0.201972
2023-11-24T03:00:00+01:00,0.173162
2023-11-24T04:00:00+01:00,0.174590
2023-11-24T05:00:00+01:00,0.210781
2023-11-24T06:00:00+01:00,0.258237
2023-11-24T07:00:00+01:00,0.286926
2023-11-24T08:00:00+01:00,0.325598
2023-11-24T09:00:00+01:00,0.331224
2023-11-24T10:00:00+01:00,0.302099
2023-11-24T11:00:00+01:00,0.292056
2023-11-24T12:00:00+01:00,0.266659
2023-11-24T13:00:00+01:00,0.267179
2023-11-24T14:00:00+01:00,0.280513
2023-11-24T15:00:00+01:00,0.281457
2023-11-24T16:00:00+01:00,0.309299
2023-11-24T17:00:00+01:00,0.348019
2023-11-24T18:00:00+01:00,0.351552
2023-11-24T19:00:00+01:00,0.337419
2023-11-24T20:00:00+01:00,0.319584
2023-11-24T21:00:00+01:00,0.293569
2023-11-24T22:00:00+01:00,0.284942
2023-11-24T23:00:00+01:00,0.275721
2023-11-25T00:00:00+01:00,0.266913
2023-11-25T01:00:00+01:00,0.262024
2023-11-25T02:00:00+01:00,0.259653
2023-11-25T03:00:00+01:00,0.259096
2023-11-25T04:00:00+01:00,0.257136
2023-11-25T05:00:00+01:00,0.262218
2023-11-25T06:00:00+01:00,0.269018
2023-11-25T07:00:00+01:00,0.277815
2023-11-25T08:00:00+01:00,0.286539
2023-11-25T09:00:00+01:00,0.283792
2023-11-25T10:00:00+01:00,0.280344
2023-11-25T11:00:00+01:00,0.277791
2023-11-25T12:00:00+01:00,0.275104
2023-11-25T13:00:00+01:00,0.272987
2023-11-25T14:00:00+01:00,0.281457
2023-11-25T15:00:00+01:00,0.288366
2023-11-25T16:00:00+01:00,0.311537
2023-11-25T17:00:00+01:00,0.322609
2023-11-25T18:00:00+01:00,0.340384
2023-11-25T19:00:00+01:00,0.327388
2023-11-25T20:00:00+01:00,0.340783
2023-11-25T21:00:00+01:00,0.318858
2023-11-25T22:00:00+01:00,0.315059
2023-11-25T23:00:00+01:00,0.306939
2023-11-26T00:00:00+01:00,0.307641
2023-11-26T01:00:00+01:00,0.299583
2023-11-26T02:00:00+01:00,0.295674
2023-11-26T03:00:00+01:00,0.292649
2023-11-26T04:00:00+01:00,0.289310
2023-11-26T05:00:00+01:00,0.290012
2023-11-26T06:00:00+01:00,0.293569
2023-11-26T07:00:00+01:00,0.305645
2023-11-26T08:00:00+01:00,0.309335
2023-11-26T09:00:00+01:00,0.314865
2023-11-26T10:00:00+01:00,0.312663
2023-11-26T11:00:00+01:00,0.311356
2023-11-26T12:00:00+01:00,0.309989
2023-11-26T13:00:00+01:00,0.305717
2023-11-26T14:00:00+01:00,0.311719
2023-11-26T15:00:00+01:00,0.321593
2023-11-26T16:00:00+01:00,0.334769
2023-11-26T17:00:00+01:00,0.348745
2023-11-26T18:00:00+01:00,0.366774
2023-11-26T19:00:00+01:00,0.349870
2023-11-26T20:00:00+01:00,0.336899
2023-11-26T21:00:00+01:00,0.320564
2023-11-26T22:00:00+01:00,0.316426
2023-11-26T23:00:00+01:00,0.296461
2023-11-27T00:00:00+01:00,0.292613
2023-11-27T01:00:00+01:00,0.286369
2023-11-27T02:00:00+01:00,0.281227
2023-11-27T03:00:00+01:00,0.279920
2023-11-27T04:00:00+01:00,0.278819
2023-11-27T05:00:00+01:00,0.286297
2023-11-27T06:00:00+01:00,0.320080
2023-11-27T07:00:00+01:00,0.338085
2023-11-27T08:00:00+01:00,0.347886
2023-11-27T09:00:00+01:00,0.341134
2023-11-27T10:00:00+01:00,0.339428
2023-11-27T11:00:00+01:00,0.338145
2023-11-27T12:00:00+01:00,0.334552
2023-11-27T13:00:00+01:00,0.332979
2023-11-27T14:00:00+01:00,0.329857
2023-11-27T15:00:00+01:00,0.319620
2023-11-27T16:00:00+01:00,0.313824
2023-11-27T17:00:00+01:00,0.324376
2023-11-27T18:00:00+01:00,0.328659
2023-11-27T19:00:00+01:00,0.300200
2023-11-27T20:00:00+01:00,0.304338
2023-11-27T21:00:00+01:00,0.303249
2023-11-27T22:00:00+01:00,0.286551
2023-11-27T23:00:00+01:00,0.275165
2023-11-28T00:00:00+01:00,0.266513
2023-11-28T01:00:00+01:00,0.257741
2023-11-28T02:00:00+01:00,0.254087
2023-11-28T03:00:00+01:00,0.250493
2023-11-28T04:00:00+01:00,0.255079
2023-11-28T05:00:00+01:00,0.269345
2023-11-28T06:00:00+01:00,0.290568
2023-11-28T07:00:00+01:00,0.315688
2023-11-28T08:00:00+01:00,0.326844
2023-11-28T09:00:00+01:00,0.339767
2023-11-28T10:00:00+01:00,0.340965
2023-11-28T11:00:00+01:00,0.340045
2023-11-28T12:00:00+01:00,0.336536
2023-11-28T13:00:00+01:00,0.339101
2023-11-28T14:00:00+01:00,0.346700
2023-11-28T15:00:00+01:00,0.353948
2023-11-28T16:00:00+01:00,0.370900
2023-11-28T17:00:00+01:00,0.402324
2023-11-28T18:00:00+01:00,0.386618
2023-11-28T19:00:00+01:00,0.367851
2023-11-28T20:00:00+01:00,0.342465
2023-11-28T21:00:00+01:00,0.317648
2023-11-28T22:00:00+01:00,0.313824
2023-11-28T23:00:00+01:00,0.304689
2023-11-29T00:00:00+01:00,0.291548
2023-11-29T01:00:00+01:00,0.287531
2023-11-29T02:00:00+01:00,0.283865
2023-11-29T03:00:00+01:00,0.276653
2023-11-29T04:00:00+01:00,0.275225
2023-11-29T05:00:00+01:00,0.288245
2023-11-29T06:00:00+01:00,0.296884
2023-11-29T07:00:00+01:00,0.332882
2023-11-29T08:00:00+01:00,0.353440
2023-11-29T09:00:00+01:00,0.347898
2023-11-29T10:00:00+01:00,0.334406
2023-11-29T11:00:00+01:00,0.329736
2023-11-29T12:00:00+01:00,0.327582
2023-11-29T13:00:00+01:00,0.332628
2023-11-29T14:00:00+01:00,0.349907
2023-11-29T15:00:00+01:00,0.375728
2023-11-29T16:00:00+01:00,0.414448
2023-11-29T17:00:00+01:00,0.474948
2023-11-29T18:00:00+01:00,0.474948
2023-11-29T19:00:00+01:00,0.414448
2023-11-29T20:00:00+01:00,0.367258
2023-11-29T21:00:00+01:00,0.340650
2023-11-29T22:00:00+01:00,0.327933
2023-11-29T23:00:00+01:00,0.310715
2023-11-30T00:00:00+01:00,0.299244
2023-11-30T01:00:00+01:00,0.298917
2023-11-30T02:00:00+01:00,0.296110
2023-11-30T03:00:00+01:00,0.293448
2023-11-30T04:00:00+01:00,0.295420
2023-11-30T05:00:00+01:00,0.301071
2023-11-30T06:00:00+01:00,0.329034
2023-11-30T07:00:00+01:00,0.375837
2023-11-30T08:00:00+01:00,0.437765
2023-11-30T09:00:00+01:00,0.459291
2023-11-30T10:00:00+01:00,0.441552
2023-11-30T11:00:00+01:00,0.442544
2023-11-30T12:00:00+01:00,0.408579
2023-11-30T13:00:00+01:00,0.402058
2023-11-30T14:00:00+01:00,0.408398
2023-11-30T15:00:00+01:00,0.408398
2023-11-30T16:00:00+01:00,0.445908
2023-11-30T17:00:00+01:00,0.488258
2023-11-30T18:00:00+01:00,0.474234
2023-11-30T19:00:00+01:00,0.410407
2023-11-30T20:00:00+01:00,0.358703
2023-11-30T21:00:00+01:00,0.333027
2023-11-30T22:00:00+01:00,0.323299
2023-11-30T23:00:00+01:00,0.310049
2023-12-01T00:00:00+01:00,0.301809
2023-12-01T01:00:00+01:00,0.296630
2023-12-01T02:00:00+01:00,0.292359
2023-12-01T03:00:00+01:00,0.288475
2023-12-01T04:00:00+01:00,0.288693
2023-12-01T05:00:00+01:00,0.296219
2023-12-01T06:00:00+01:00,0.317648
2023-12-01T07:00:00+01:00,0.356453
2023-12-01T08:00:00+01:00,0.418465
2023-12-01T09:00:00+01:00,0.441491
2023-12-01T10:00:00+01:00,0.432586
2023-12-01T11:00:00+01:00,0.430287
2023-12-01T12:00:00+01:00,0.410479
2023-12-01T13:00:00+01:00,0.383641
2023-12-01T14:00:00+01:00,0.383121
2023-12-01T15:00:00+01:00,0.394604
2023-12-01T16:00:00+01:00,0.414448
2023-12-01T17:00:00+01:00,0.450470
2023-12-01T18:00:00+01:00,0.413359
2023-12-01T19:00:00+01:00,0.376321
2023-12-01T20:00:00+01:00,0.344667
2023-12-01T21:00:00+01:00,0.323831
2023-12-01T22:00:00+01:00,0.315603
2023-12-01T23:00:00+01:00,0.303273
2023-12-02T00:00:00+01:00,0.299861
2023-12-02T01:00:00+01:00,0.296812
2023-12-02T02:00:00+01:00,0.295553
2023-12-02T03:00:00+01:00,0.292528
2023-12-02T04:00:00+01:00,0.291451
2023-12-02T05:00:00+01:00,0.291040
2023-12-02T06:00:00+01:00,0.292311
2023-12-02T07:00:00+01:00,0.299195
2023-12-02T08:00:00+01:00,0.318059
2023-12-02T09:00:00+01:00,0.327316
2023-12-02T10:00:00+01:00,0.330655
2023-12-02T11:00:00+01:00,0.325198
2023-12-02T12:00:00+01:00,0.317527
2023-12-02T13:00:00+01:00,0.311090
2023-12-02T14:00:00+01:00,0.315857
2023-12-02T15:00:00+01:00,0.321883
2023-12-02T16:00:00+01:00,0.329494
2023-12-02T17:00:00+01:00,0.346869
2023-12-02T18:00:00+01:00,0.347716
2023-12-02T19:00:00+01:00,0.329216
2023-12-02T20:00:00+01:00,0.320746
2023-12-02T21:00:00+01:00,0.309178
2023-12-02T22:00:00+01:00,0.304350
2023-12-02T23:00:00+01:00,0.301071
2023-12-03T00:00:00+01:00,0.303890
2023-12-03T01:00:00+01:00,0.297538
2023-12-03T02:00:00+01:00,0.293690
2023-12-03T03:00:00+01:00,0.292395
2023-12-03T04:00:00+01:00,0.287579
2023-12-03T05:00:00+01:00,0.283562
2023-12-03T06:00:00+01:00,0.280005
2023-12-03T07:00:00+01:00,0.284143
2023-12-03T08:00:00+01:00,0.289842
2023-12-03T09:00:00+01:00,0.293629
2023-12-03T10:00:00+01:00,0.299450
2023-12-03T11:00:00+01:00,0.299583
2023-12-03T12:00:00+01:00,0.296969
2023-12-03T13:00:00+01:00,0.293448
2023-12-03T14:00:00+01:00,0.300321
2023-12-03T15:00:00+01:00,0.311598
2023-12-03T16:00:00+01:00,0.320310
2023-12-03T17:00:00+01:00,0.327207
2023-12-03T18:00:00+01:00,0.328598
2023-12-03T19:00:00+01:00,0.324993
2023-12-03T20:00:00+01:00,0.308367
2023-12-03T21:00:00+01:00,0.293448
2023-12-03T22:00:00+01:00,0.292347
2023-12-03T23:00:00+01:00,0.280138
2023-12-04T00:00:00+01:00,0.286019
2023-12-04T01:00:00+01:00,0.281118
2023-12-04T02:00:00+01:00,0.278952
2023-12-04T03:00:00+01:00,0.275758
2023-12-04T04:00:00+01:00,0.276302
2023-12-04T05:00:00+01:00,0.283744
2023-12-04T06:00:00+01:00,0.297538
2023-12-04T07:00:00+01:00,0.312505
2023-12-04T08:00:00+01:00,0.320842
2023-12-04T09:00:00+01:00,0.325053
2023-12-04T10:00:00+01:00,0.327352
2023-12-04T11:00:00+01:00,0.330595
2023-12-04T12:00:00+01:00,0.325452
2023-12-04T13:00:00+01:00,0.329748
2023-12-04T14:00:00+01:00,0.326239
2023-12-04T15:00:00+01:00,0.323504
2023-12-04T16:00:00+01:00,0.320020
2023-12-04T17:00:00+01:00,0.327401
2023-12-04T18:00:00+01:00,0.324424
2023-12-04T19:00:00+01:00,0.317648
2023-12-04T20:00:00+01:00,0.310787
2023-12-04T21:00:00+01:00,0.300163
2023-12-04T22:00:00+01:00,0.293448
2023-12-04T23:00:00+01:00,0.283478
2023-12-05T00:00:00+01:00,0.282376
2023-12-05T01:00:00+01:00,0.278940
2023-12-05T02:00:00+01:00,0.276181
2023-12-05T03:00:00+01:00,0.273628
2023-12-05T04:00:00+01:00,0.274947
2023-12-05T05:00:00+01:00,0.282582
2023-12-05T06:00:00+01:00,0.303067
2023-12-05T07:00:00+01:00,0.310824
2023-12-05T08:00:00+01:00,0.321024
2023-12-05T09:00:00+01:00,0.321629
2023-12-05T10:00:00+01:00,0.318483
2023-12-05T11:00:00+01:00,0.318604
2023-12-05T12:00:00+01:00,0.315180
2023-12-05T13:00:00+01:00,0.315373
2023-12-05T14:00:00+01:00,0.323783
2023-12-05T15:00:00+01:00,0.320782
2023-12-05T16:00:00+01:00,0.328828
2023-12-05T17:00:00+01:00,0.349168
2023-12-05T18:00:00+01:00,0.350887
2023-12-05T19:00:00+01:00,0.343736
2023-12-05T20:00:00+01:00,0.328090
2023-12-05T21:00:00+01:00,0.315022
2023-12-05T22:00:00+01:00,0.307423
2023-12-05T23:00:00+01:00,0.297417
2023-12-06T00:00:00+01:00,0.287362
2023-12-06T01:00:00+01:00,0.285099
2023-12-06T02:00:00+01:00,0.284458
2023-12-06T03:00:00+01:00,0.282510
2023-12-06T04:00:00+01:00,0.282062
2023-12-06T05:00:00+01:00,0.286055
2023-12-06T06:00:00+01:00,0.301337
2023-12-06T07:00:00+01:00,0.333088
2023-12-06T08:00:00+01:00,0.374518
2023-12-06T09:00:00+01:00,0.373961
2023-12-06T10:00:00+01:00,0.353948
2023-12-06T11:00:00+01:00,0.349459
2023-12-06T12:00:00+01:00,0.316438
2023-12-06T13:00:00+01:00,0.305221
2023-12-06T14:00:00+01:00,0.329615
2023-12-06T15:00:00+01:00,0.346676
2023-12-06T16:00:00+01:00,0.370888
2023-12-06T17:00:00+01:00,0.387913
2023-12-06T18:00:00+01:00,0.372437
2023-12-06T19:00:00+01:00,0.353863
2023-12-06T20:00:00+01:00,0.329639
2023-12-06T21:00:00+01:00,0.312421
2023-12-06T22:00:00+01:00,0.302317
2023-12-06T23:00:00+01:00,0.293980
2023-12-07T00:00:00+01:00,0.292480
2023-12-07T01:00:00+01:00,0.290846
2023-12-07T02:00:00+01:00,0.289649
2023-12-07T03:00:00+01:00,0.283538
2023-12-07T04:00:00+01:00,0.281251
2023-12-07T05:00:00+01:00,0.286829
2023-12-07T06:00:00+01:00,0.289878
2023-12-07T07:00:00+01:00,0.327316
2023-12-07T08:00:00+01:00,0.353948
2023-12-07T09:00:00+01:00,0.339065
2023-12-07T10:00:00+01:00,0.303370
2023-12-07T11:00:00+01:00,0.286551
2023-12-07T12:00:00+01:00,0.268038
2023-12-07T13:00:00+01:00,0.269611
2023-12-07T14:00:00+01:00,0.276508
2023-12-07T15:00:00+01:00,0.301555
2023-12-07T16:00:00+01:00,0.325065
2023-12-07T17:00:00+01:00,0.323952
2023-12-07T18:00:00+01:00,0.317987
2023-12-07T19:00:00+01:00,0.297308
2023-12-07T20:00:00+01:00,0.293303
2023-12-07T21:00:00+01:00,0.288729
2023-12-07T22:00:00+01:00,0.289177
2023-12-07T23:00:00+01:00,0.277815
2023-12-08T00:00:00+01:00,0.277827
2023-12-08T01:00:00+01:00,0.273193
2023-12-08T02:00:00+01:00,0.270978
2023-12-08T03:00:00+01:00,0.268667
2023-12-08T04:00:00+01:00,0.269248
2023-12-08T05:00:00+01:00,0.277766
2023-12-08T06:00:00+01:00,0.293375
2023-12-08T07:00:00+01:00,0.302571
2023-12-08T08:00:00+01:00,0.308936
2023-12-08T09:00:00+01:00,0.315930
2023-12-08T10:00:00+01:00,0.316172
2023-12-08T11:00:00+01:00,0.315313
2023-12-08T12:00:00+01:00,0.313703
2023-12-08T13:00:00+01:00,0.307835
2023-12-08T14:00:00+01:00,0.309287
2023-12-08T15:00:00+01:00,0.312505
2023-12-08T16:00:00+01:00,0.309601
2023-12-08T17:00:00+01:00,0.314780
2023-12-08T18:00:00+01:00,0.315954
2023-12-08T19:00:00+01:00,0.300176
2023-12-08T20:00:00+01:00,0.299099
2023-12-08T21:00:00+01:00,0.294803
2023-12-08T22:00:00+01:00,0.295130
2023-12-08T23:00:00+01:00,0.282050
2023-12-09T00:00:00+01:00,0.287398
2023-12-09T01:00:00+01:00,0.275419
2023-12-09T02:00:00+01:00,0.268631
2023-12-09T03:00:00+01:00,0.260863
2023-12-09T04:00:00+01:00,0.256628
2023-12-09T05:00:00+01:00,0.260028
2023-12-09T06:00:00+01:00,0.264456
2023-12-09T07:00:00+01:00,0.272261
2023-12-09T08:00:00+01:00,0.275467
2023-12-09T09:00:00+01:00,0.283478
2023-12-09T10:00:00+01:00,0.282050
2023-12-09T11:00:00+01:00,0.282255
2023-12-09T12:00:00+01:00,0.282764
2023-12-09T13:00:00+01:00,0.279763
2023-12-09T14:00:00+01:00,0.276024
2023-12-09T15:00:00+01:00,0.273483
2023-12-09T16:00:00+01:00,0.267675
2023-12-09T17:00:00+01:00,0.273410
2023-12-09T18:00:00+01:00,0.269248
2023-12-09T19:00:00+01:00,0.267663
2023-12-09T20:00:00+01:00,0.251848
2023-12-09T21:00:00+01:00,0.246742
2023-12-09T22:00:00+01:00,0.241660
2023-12-09T23:00:00+01:00,0.228326
2023-12-10T00:00:00+01:00,0.213322
2023-12-10T01:00:00+01:00,0.198269
2023-12-10T02:00:00+01:00,0.187561
2023-12-10T03:00:00+01:00,0.180156
2023-12-10T04:00:00+01:00,0.183774
2023-12-10T05:00:00+01:00,0.193671
2023-12-10T06:00:00+01:00,0.201294
2023-12-10T07:00:00+01:00,0.223086
2023-12-10T08:00:00+01:00,0.244649
2023-12-10T09:00:00+01:00,0.252598
2023-12-10T10:00:00+01:00,0.254740
2023-12-10T11:00:00+01:00,0.254680
2023-12-10T12:00:00+01:00,0.252768
2023-12-10T13:00:00+01:00,0.250771
2023-12-10T14:00:00+01:00,0.255914
2023-12-10T15:00:00+01:00,0.264214
2023-12-10T16:00:00+01:00,0.269611
2023-12-10T17:00:00+01:00,0.269611
2023-12-10T18:00:00+01:00,0.275806
2023-12-10T19:00:00+01:00,0.270168
2023-12-10T20:00:00+01:00,0.266888
2023-12-10T21:00:00+01:00,0.265691
2023-12-10T22:00:00+01:00,0.266187
2023-12-10T23:00:00+01:00,0.253699
2023-12-11T00:00:00+01:00,0.214253
2023-12-11T01:00:00+01:00,0.191493
2023-12-11T02:00:00+01:00,0.188178
2023-12-11T03:00:00+01:00,0.183217
2023-12-11T04:00:00+01:00,0.186956
2023-12-11T05:00:00+01:00,0.215754
2023-12-11T06:00:00+01:00,0.262339
2023-12-11T07:00:00+01:00,0.284663
2023-12-11T08:00:00+01:00,0.291814
2023-12-11T09:00:00+01:00,0.291476
2023-12-11T10:00:00+01:00,0.285329
2023-12-11T11:00:00+01:00,0.282534
2023-12-11T12:00:00+01:00,0.276472
2023-12-11T13:00:00+01:00,0.274669
2023-12-11T14:00:00+01:00,0.283768
2023-12-11T15:00:00+01:00,0.289564
2023-12-11T16:00:00+01:00,0.300853
2023-12-11T17:00:00+01:00,0.315772
2023-12-11T18:00:00+01:00,0.321157
2023-12-11T19:00:00+01:00,0.319523
2023-12-11T20:00:00+01:00,0.310521
2023-12-11T21:00:00+01:00,0.292746
2023-12-11T22:00:00+01:00,0.289249
2023-12-11T23:00:00+01:00,0.281796
2023-12-12T00:00:00+01:00,0.279013
2023-12-12T01:00:00+01:00,0.277791
2023-12-12T02:00:00+01:00,0.276048
2023-12-12T03:00:00+01:00,0.274596
2023-12-12T04:00:00+01:00,0.275963
2023-12-12T05:00:00+01:00,0.278093
2023-12-12T06:00:00+01:00,0.292117
2023-12-12T07:00:00+01:00,0.315712
2023-12-12T08:00:00+01:00,0.342804
2023-12-12T09:00:00+01:00,0.328260
2023-12-12T10:00:00+01:00,0.323178
2023-12-12T11:00:00+01:00,0.316208
2023-12-12T12:00:00+01:00,0.313800
2023-12-12T13:00:00+01:00,0.317007
2023-12-12T14:00:00+01:00,0.313643
2023-12-12T15:00:00+01:00,0.312251
2023-12-12T16:00:00+01:00,0.301313
2023-12-12T17:00:00+01:00,0.298445
2023-12-12T18:00:00+01:00,0.299498
2023-12-12T19:00:00+01:00,0.285704
2023-12-12T20:00:00+01:00,0.283949
2023-12-12T21:00:00+01:00,0.279097
2023-12-12T22:00:00+01:00,0.273326
2023-12-12T23:00:00+01:00,0.266223
2023-12-13T00:00:00+01:00,0.263718
2023-12-13T01:00:00+01:00,0.260790
2023-12-13T02:00:00+01:00,0.261649
2023-12-13T03:00:00+01:00,0.258915
2023-12-13T04:00:00+01:00,0.260838
2023-12-13T05:00:00+01:00,0.263888
2023-12-13T06:00:00+01:00,0.272999
2023-12-13T07:00:00+01:00,0.296098
2023-12-13T08:00:00+01:00,0.291960
2023-12-13T09:00:00+01:00,0.297695
2023-12-13T10:00:00+01:00,0.293726
2023-12-13T11:00:00+01:00,0.293448
2023-12-13T12:00:00+01:00,0.290568
2023-12-13T13:00:00+01:00,0.290229
2023-12-13T14:00:00+01:00,0.295941
2023-12-13T15:00:00+01:00,0.296872
2023-12-13T16:00:00+01:00,0.294392
2023-12-13T17:00:00+01:00,0.305596
2023-12-13T18:00:00+01:00,0.300006
2023-12-13T19:00:00+01:00,0.295916
2023-12-13T20:00:00+01:00,0.287761
2023-12-13T21:00:00+01:00,0.282413
2023-12-13T22:00:00+01:00,0.284191
2023-12-13T23:00:00+01:00,0.274390
2023-12-14T00:00:00+01:00,0.266029
2023-12-14T01:00:00+01:00,0.264565
2023-12-14T02:00:00+01:00,0.265013
2023-12-14T03:00:00+01:00,0.266259
2023-12-14T04:00:00+01:00,0.268098
2023-12-14T05:00:00+01:00,0.271571
2023-12-14T06:00:00+01:00,0.282461
2023-12-14T07:00:00+01:00,0.313219
2023-12-14T08:00:00+01:00,0.323287
2023-12-14T09:00:00+01:00,0.319705
2023-12-14T10:00:00+01:00,0.310787
2023-12-14T11:00:00+01:00,0.316825
2023-12-14T12:00:00+01:00,0.287398
2023-12-14T13:00:00+01:00,0.293327
2023-12-14T14:00:00+01:00,0.294416
2023-12-14T15:00:00+01:00,0.303249
2023-12-14T16:00:00+01:00,0.317648
2023-12-14T17:00:00+01:00,0.317527
2023-12-14T18:00:00+01:00,0.320431
2023-12-14T19:00:00+01:00,0.310170
2023-12-14T20:00:00+01:00,0.293327
2023-12-14T21:00:00+01:00,0.288850
2023-12-14T22:00:00+01:00,0.286745
2023-12-14T23:00:00+01:00,0.275988
2023-12-15T00:00:00+01:00,0.276641
2023-12-15T01:00:00+01:00,0.272793
2023-12-15T02:00:00+01:00,0.269369
2023-12-15T03:00:00+01:00,0.265073
2023-12-15T04:00:00+01:00,0.263392
2023-12-15T05:00:00+01:00,0.269744
2023-12-15T06:00:00+01:00,0.288572
2023-12-15T07:00:00+01:00,0.301821
2023-12-15T08:00:00+01:00,0.319463
2023-12-15T09:00:00+01:00,0.314587
2023-12-15T10:00:00+01:00,0.305512
2023-12-15T11:00:00+01:00,0.296800
2023-12-15T12:00:00+01:00,0.286430
2023-12-15T13:00:00+01:00,0.279376
2023-12-15T14:00:00+01:00,0.277839
2023-12-15T15:00:00+01:00,0.281179
2023-12-15T16:00:00+01:00,0.291512
2023-12-15T17:00:00+01:00,0.298772
2023-12-15T18:00:00+01:00,0.295699
2023-12-15T19:00:00+01:00,0.285341
2023-12-15T20:00:00+01:00,0.285414
2023-12-15T21:00:00+01:00,0.279364
2023-12-15T22:00:00+01:00,0.277440
2023-12-15T23:00:00+01:00,0.265267
2023-12-16T00:00:00+01:00,0.253760
2023-12-16T01:00:00+01:00,0.248932
2023-12-16T02:00:00+01:00,0.245496
2023-12-16T03:00:00+01:00,0.242628
2023-12-16T04:00:00+01:00,0.237909
2023-12-16T05:00:00+01:00,0.239772
2023-12-16T06:00:00+01:00,0.244249
2023-12-16T07:00:00+01:00,0.251219
2023-12-16T08:00:00+01:00,0.269115
2023-12-16T09:00:00+01:00,0.278553
2023-12-16T10:00:00+01:00,0.274596
2023-12-16T11:00:00+01:00,0.265618
2023-12-16T12:00:00+01:00,0.258902
2023-12-16T13:00:00+01:00,0.257898
2023-12-16T14:00:00+01:00,0.263573
2023-12-16T15:00:00+01:00,0.269708
2023-12-16T16:00:00+01:00,0.273967
2023-12-16T17:00:00+01:00,0.301652
2023-12-16T18:00:00+01:00,0.316208
2023-12-16T19:00:00+01:00,0.297078
2023-12-16T20:00:00+01:00,0.285704
2023-12-16T21:00:00+01:00,0.263198
2023-12-16T22:00:00+01:00,0.252865
2023-12-16T23:00:00+01:00,0.240208
2023-12-17T00:00:00+01:00,0.227479
2023-12-17T01:00:00+01:00,0.224611
2023-12-17T02:00:00+01:00,0.225337
2023-12-17T03:00:00+01:00,0.207163
2023-12-17T04:00:00+01:00,0.204356
2023-12-17T05:00:00+01:00,0.208591
2023-12-17T06:00:00+01:00,0.219674
2023-12-17T07:00:00+01:00,0.227539
2023-12-17T08:00:00+01:00,0.242229
2023-12-17T09:00:00+01:00,0.244044
2023-12-17T10:00:00+01:00,0.238308
2023-12-17T11:00:00+01:00,0.231738
2023-12-17T12:00:00+01:00,0.225337
2023-12-17T13:00:00+01:00,0.220884
2023-12-17T14:00:00+01:00,0.228229
2023-12-17T15:00:00+01:00,0.241636
2023-12-17T16:00:00+01:00,0.250045
2023-12-17T17:00:00+01:00,0.280138
2023-12-17T18:00:00+01:00,0.293315
2023-12-17T19:00:00+01:00,0.276508
2023-12-17T20:00:00+01:00,0.252296
2023-12-17T21:00:00+01:00,0.250965
2023-12-17T22:00:00+01:00,0.253324
2023-12-17T23:00:00+01:00,0.234920
2023-12-18T00:00:00+01:00,0.238345
2023-12-18T01:00:00+01:00,0.235392
2023-12-18T02:00:00+01:00,0.233299
2023-12-18T03:00:00+01:00,0.231980
2023-12-18T04:00:00+01:00,0.236300
2023-12-18T05:00:00+01:00,0.248170
2023-12-18T06:00:00+01:00,0.274088
2023-12-18T07:00:00+01:00,0.297550
2023-12-18T08:00:00+01:00,0.304677
2023-12-18T09:00:00+01:00,0.305887
2023-12-18T10:00:00+01:00,0.280174
2023-12-18T11:00:00+01:00,0.270664
2023-12-18T12:00:00+01:00,0.263065
2023-12-18T13:00:00+01:00,0.263137
2023-12-18T14:00:00+01:00,0.270301
2023-12-18T15:00:00+01:00,0.278928
2023-12-18T16:00:00+01:00,0.287894
2023-12-18T17:00:00+01:00,0.298687
2023-12-18T18:00:00+01:00,0.297259
2023-12-18T19:00:00+01:00,0.288971
2023-12-18T20:00:00+01:00,0.272987
2023-12-18T21:00:00+01:00,0.263065
2023-12-18T22:00:00+01:00,0.249634
2023-12-18T23:00:00+01:00,0.242555
2023-12-19T00:00:00+01:00,0.235658
2023-12-19T01:00:00+01:00,0.234025
2023-12-19T02:00:00+01:00,0.232936
2023-12-19T03:00:00+01:00,0.240535
2023-12-19T04:00:00+01:00,0.243838
2023-12-19T05:00:00+01:00,0.251158
2023-12-19T06:00:00+01:00,0.269248
2023-12-19T07:00:00+01:00,0.285873
2023-12-19T08:00:00+01:00,0.293738
2023-12-19T09:00:00+01:00,0.286527
2023-12-19T10:00:00+01:00,0.276629
2023-12-19T11:00:00+01:00,0.268897
2023-12-19T12:00:00+01:00,0.265013
2023-12-19T13:00:00+01:00,0.269248
2023-12-19T14:00:00+01:00,0.270047
2023-12-19T15:00:00+01:00,0.275080
2023-12-19T16:00:00+01:00,0.279739
2023-12-19T17:00:00+01:00,0.295638
2023-12-19T18:00:00+01:00,0.286672
2023-12-19T19:00:00+01:00,0.282679
2023-12-19T20:00:00+01:00,0.275540
2023-12-19T21:00:00+01:00,0.268812
2023-12-19T22:00:00+01:00,0.264239
2023-12-19T23:00:00+01:00,0.244854
2023-12-20T00:00:00+01:00,0.242446
2023-12-20T01:00:00+01:00,0.233529
2023-12-20T02:00:00+01:00,0.230528
2023-12-20T03:00:00+01:00,0.220824
2023-12-20T04:00:00+01:00,0.210575
2023-12-20T05:00:00+01:00,0.220812
2023-12-20T06:00:00+01:00,0.230685
2023-12-20T07:00:00+01:00,0.256579
2023-12-20T08:00:00+01:00,0.291137
2023-12-20T09:00:00+01:00,0.302039
2023-12-20T10:00:00+01:00,0.287398
2023-12-20T11:00:00+01:00,0.278928
2023-12-20T12:00:00+01:00,0.252961
2023-12-20T13:00:00+01:00,0.257269
2023-12-20T14:00:00+01:00,0.274463
2023-12-20T15:00:00+01:00,0.282147
2023-12-20T16:00:00+01:00,0.291028
2023-12-20T17:00:00+01:00,0.306649
2023-12-20T18:00:00+01:00,0.294428
2023-12-20T19:00:00+01:00,0.280211
2023-12-20T20:00:00+01:00,0.266913
2023-12-20T21:00:00+01:00,0.253361
2023-12-20T22:00:00+01:00,0.246766
2023-12-20T23:00:00+01:00,0.231653
2023-12-21T00:00:00+01:00,0.208627
2023-12-21T01:00:00+01:00,0.202492
2023-12-21T02:00:00+01:00,0.197229
2023-12-21T03:00:00+01:00,0.175788
2023-12-21T04:00:00+01:00,0.171432
2023-12-21T05:00:00+01:00,0.172121
2023-12-21T06:00:00+01:00,0.202020
2023-12-21T07:00:00+01:00,0.228713
2023-12-21T08:00:00+01:00,0.267070
2023-12-21T09:00:00+01:00,0.273846
2023-12-21T10:00:00+01:00,0.278178
2023-12-21T11:00:00+01:00,0.276169
2023-12-21T12:00:00+01:00,0.264287
2023-12-21T13:00:00+01:00,0.250977
2023-12-21T14:00:00+01:00,0.263319
2023-12-21T15:00:00+01:00,0.264251
2023-12-21T16:00:00+01:00,0.261262
2023-12-21T17:00:00+01:00,0.293448
2023-12-21T18:00:00+01:00,0.296775
2023-12-21T19:00:00+01:00,0.282195
2023-12-21T20:00:00+01:00,0.280138
2023-12-21T21:00:00+01:00,0.245048
2023-12-21T22:00:00+01:00,0.229996
2023-12-21T23:00:00+01:00,0.188880
2023-12-22T00:00:00+01:00,0.172605
2023-12-22T01:00:00+01:00,0.172145
2023-12-22T02:00:00+01:00,0.172363
2023-12-22T03:00:00+01:00,0.172218
2023-12-22T04:00:00+01:00,0.172194
2023-12-22T05:00:00+01:00,0.171964
2023-12-22T06:00:00+01:00,0.172980
2023-12-22T07:00:00+01:00,0.211289
2023-12-22T08:00:00+01:00,0.259568
2023-12-22T09:00:00+01:00,0.283768
2023-12-22T10:00:00+01:00,0.249368
2023-12-22T11:00:00+01:00,0.244987
2023-12-22T12:00:00+01:00,0.237921
2023-12-22T13:00:00+01:00,0.238393
2023-12-22T14:00:00+01:00,0.245786
2023-12-22T15:00:00+01:00,0.245048
2023-12-22T16:00:00+01:00,0.232706
2023-12-22T17:00:00+01:00,0.259568
2023-12-22T18:00:00+01:00,0.250977
2023-12-22T19:00:00+01:00,0.245169
2023-12-22T20:00:00+01:00,0.240777
2023-12-22T21:00:00+01:00,0.226934
2023-12-22T22:00:00+01:00,0.209244
2023-12-22T23:00:00+01:00,0.186968
2023-12-23T00:00:00+01:00,0.184548
2023-12-23T01:00:00+01:00,0.177675
2023-12-23T02:00:00+01:00,0.172605
2023-12-23T03:00:00+01:00,0.172484
2023-12-23T04:00:00+01:00,0.172448
2023-12-23T05:00:00+01:00,0.172448
2023-12-23T06:00:00+01:00,0.172569
2023-12-23T07:00:00+01:00,0.181438
2023-12-23T08:00:00+01:00,0.196648
2023-12-23T09:00:00+01:00,0.223365
2023-12-23T10:00:00+01:00,0.222832
2023-12-23T11:00:00+01:00,0.227987
2023-12-23T12:00:00+01:00,0.228108
2023-12-23T13:00:00+01:00,0.232718
2023-12-23T14:00:00+01:00,0.232101
2023-12-23T15:00:00+01:00,0.232355
2023-12-23T16:00:00+01:00,0.238127
2023-12-23T17:00:00+01:00,0.249610
2023-12-23T18:00:00+01:00,0.252852
2023-12-23T19:00:00+01:00,0.242616
2023-12-23T20:00:00+01:00,0.231085
2023-12-23T21:00:00+01:00,0.218876
2023-12-23T22:00:00+01:00,0.197035
2023-12-23T23:00:00+01:00,0.181850
2023-12-24T00:00:00+01:00,0.172545
2023-12-24T01:00:00+01:00,0.172145
2023-12-24T02:00:00+01:00,0.171782
2023-12-24T03:00:00+01:00,0.170948
2023-12-24T04:00:00+01:00,0.167487
2023-12-24T05:00:00+01:00,0.166434
2023-12-24T06:00:00+01:00,0.167342
2023-12-24T07:00:00+01:00,0.168927
2023-12-24T08:00:00+01:00,0.170488
2023-12-24T09:00:00+01:00,0.172448
2023-12-24T10:00:00+01:00,0.174977
2023-12-24T11:00:00+01:00,0.172521
2023-12-24T12:00:00+01:00,0.172508
2023-12-24T13:00:00+01:00,0.172521
2023-12-24T14:00:00+01:00,0.172484
2023-12-24T15:00:00+01:00,0.172605
2023-12-24T16:00:00+01:00,0.173658
2023-12-24T17:00:00+01:00,0.194833
2023-12-24T18:00:00+01:00,0.210212
2023-12-24T19:00:00+01:00,0.214556
2023-12-24T20:00:00+01:00,0.184548
2023-12-24T21:00:00+01:00,0.174880
2023-12-24T22:00:00+01:00,0.172448
2023-12-24T23:00:00+01:00,0.172327
2023-12-25T00:00:00+01:00,0.170137
2023-12-25T01:00:00+01:00,0.167862
2023-12-25T02:00:00+01:00,0.164401
2023-12-25T03:00:00+01:00,0.160312
2023-12-25T04:00:00+01:00,0.160348
2023-12-25T05:00:00+01:00,0.164583
2023-12-25T06:00:00+01:00,0.163264
2023-12-25T07:00:00+01:00,0.170633
2023-12-25T08:00:00+01:00,0.172545
2023-12-25T09:00:00+01:00,0.184608
2023-12-25T10:00:00+01:00,0.202698
2023-12-25T11:00:00+01:00,0.190719
2023-12-25T12:00:00+01:00,0.172557
2023-12-25T13:00:00+01:00,0.172448
2023-12-25T14:00:00+01:00,0.172533
2023-12-25T15:00:00+01:00,0.178498
2023-12-25T16:00:00+01:00,0.214786
2023-12-25T17:00:00+01:00,0.235973
2023-12-25T18:00:00+01:00,0.220969
2023-12-25T19:00:00+01:00,0.212378
2023-12-25T20:00:00+01:00,0.186980
2023-12-25T21:00:00+01:00,0.184088
2023-12-25T22:00:00+01:00,0.178498
2023-12-25T23:00:00+01:00,0.172545
2023-12-26T00:00:00+01:00,0.172448
2023-12-26T01:00:00+01:00,0.172424
2023-12-26T02:00:00+01:00,0.172279
2023-12-26T03:00:00+01:00,0.169024
2023-12-26T04:00:00+01:00,0.167850
2023-12-26T05:00:00+01:00,0.170209
2023-12-26T06:00:00+01:00,0.172448
2023-12-26T07:00:00+01:00,0.174408
2023-12-26T08:00:00+01:00,0.218682
2023-12-26T09:00:00+01:00,0.235005
2023-12-26T10:00:00+01:00,0.231593
2023-12-26T11:00:00+01:00,0.202746
2023-12-26T12:00:00+01:00,0.184548
2023-12-26T13:00:00+01:00,0.175751
2023-12-26T14:00:00+01:00,0.220969
2023-12-26T15:00:00+01:00,0.262230
2023-12-26T16:00:00+01:00,0.283647
2023-12-26T17:00:00+01:00,0.310146
2023-12-26T18:00:00+01:00,0.329748
2023-12-26T19:00:00+01:00,0.328538
2023-12-26T20:00:00+01:00,0.310267
2023-12-26T21:00:00+01:00,0.272999
2023-12-26T22:00:00+01:00,0.290060
2023-12-26T23:00:00+01:00,0.275298
2023-12-27T00:00:00+01:00,0.281239
2023-12-27T01:00:00+01:00,0.268280
2023-12-27T02:00:00+01:00,0.242180
2023-12-27T03:00:00+01:00,0.235247
2023-12-27T04:00:00+01:00,0.232984
2023-12-27T05:00:00+01:00,0.239857
2023-12-27T06:00:00+01:00,0.251171
2023-12-27T07:00:00+01:00,0.266404
2023-12-27T08:00:00+01:00,0.272588
2023-12-27T09:00:00+01:00,0.269901
2023-12-27T10:00:00+01:00,0.263065
2023-12-27T11:00:00+01:00,0.262847
2023-12-27T12:00:00+01:00,0.261734
2023-12-27T13:00:00+01:00,0.259568
2023-12-27T14:00:00+01:00,0.261625
2023-12-27T15:00:00+01:00,0.269248
2023-12-27T16:00:00+01:00,0.268232
2023-12-27T17:00:00+01:00,0.269708
2023-12-27T18:00:00+01:00,0.262448
2023-12-27T19:00:00+01:00,0.250977
2023-12-27T20:00:00+01:00,0.238671
2023-12-27T21:00:00+01:00,0.202383
2023-12-27T22:00:00+01:00,0.193006
2023-12-27T23:00:00+01:00,0.172690
2023-12-28T00:00:00+01:00,0.172424
2023-12-28T01:00:00+01:00,0.171504
2023-12-28T02:00:00+01:00,0.170718
2023-12-28T03:00:00+01:00,0.170766
2023-12-28T04:00:00+01:00,0.170101
2023-12-28T05:00:00+01:00,0.171190
2023-12-28T06:00:00+01:00,0.171601
2023-12-28T07:00:00+01:00,0.191881
2023-12-28T08:00:00+01:00,0.218670
2023-12-28T09:00:00+01:00,0.219384
2023-12-28T10:00:00+01:00,0.208264
2023-12-28T11:00:00+01:00,0.214665
2023-12-28T12:00:00+01:00,0.186544
2023-12-28T13:00:00+01:00,0.186242
2023-12-28T14:00:00+01:00,0.204356
2023-12-28T15:00:00+01:00,0.233819
2023-12-28T16:00:00+01:00,0.221901
2023-12-28T17:00:00+01:00,0.267312
2023-12-28T18:00:00+01:00,0.267312
2023-12-28T19:00:00+01:00,0.251122
2023-12-28T20:00:00+01:00,0.250977
2023-12-28T21:00:00+01:00,0.237788
2023-12-28T22:00:00+01:00,0.220848
2023-12-28T23:00:00+01:00,0.174868
2023-12-29T00:00:00+01:00,0.172448
2023-12-29T01:00:00+01:00,0.172351
2023-12-29T02:00:00+01:00,0.172109
2023-12-29T03:00:00+01:00,0.170621
2023-12-29T04:00:00+01:00,0.170911
2023-12-29T05:00:00+01:00,0.172109
2023-12-29T06:00:00+01:00,0.172363
2023-12-29T07:00:00+01:00,0.172569
2023-12-29T08:00:00+01:00,0.202698
2023-12-29T09:00:00+01:00,0.243838
2023-12-29T10:00:00+01:00,0.245108
2023-12-29T11:00:00+01:00,0.232996
2023-12-29T12:00:00+01:00,0.209280
2023-12-29T13:00:00+01:00,0.193175
2023-12-29T14:00:00+01:00,0.222397
2023-12-29T15:00:00+01:00,0.245048
2023-12-29T16:00:00+01:00,0.261625
2023-12-29T17:00:00+01:00,0.263319
2023-12-29T18:00:00+01:00,0.256579
2023-12-29T19:00:00+01:00,0.263077
2023-12-29T20:00:00+01:00,0.248121
2023-12-29T21:00:00+01:00,0.238865
2023-12-29T22:00:00+01:00,0.216056
2023-12-29T23:00:00+01:00,0.195861
2023-12-30T00:00:00+01:00,0.211761
2023-12-30T01:00:00+01:00,0.207732
2023-12-30T02:00:00+01:00,0.183193
2023-12-30T03:00:00+01:00,0.179236
2023-12-30T04:00:00+01:00,0.179393
2023-12-30T05:00:00+01:00,0.184548
2023-12-30T06:00:00+01:00,0.211374
2023-12-30T07:00:00+01:00,0.226777
2023-12-30T08:00:00+01:00,0.261383
2023-12-30T09:00:00+01:00,0.261383
2023-12-30T10:00:00+01:00,0.236578
2023-12-30T11:00:00+01:00,0.238998
2023-12-30T12:00:00+01:00,0.216468
2023-12-30T13:00:00+01:00,0.212680
2023-12-30T14:00:00+01:00,0.223316
2023-12-30T15:00:00+01:00,0.261383
2023-12-30T16:00:00+01:00,0.257898
2023-12-30T17:00:00+01:00,0.268655
2023-12-30T18:00:00+01:00,0.269236
2023-12-30T19:00:00+01:00,0.258467
2023-12-30T20:00:00+01:00,0.247480
2023-12-30T21:00:00+01:00,0.236312
2023-12-30T22:00:00+01:00,0.233069
2023-12-30T23:00:00+01:00,0.224756
2023-12-31T00:00:00+01:00,0.214689
2023-12-31T01:00:00+01:00,0.187646
2023-12-31T02:00:00+01:00,0.177288
2023-12-31T03:00:00+01:00,0.172823
2023-12-31T04:00:00+01:00,0.172605
2023-12-31T05:00:00+01:00,0.172908
2023-12-31T06:00:00+01:00,0.171952
2023-12-31T07:00:00+01:00,0.171988
2023-12-31T08:00:00+01:00,0.176368
2023-12-31T09:00:00+01:00,0.183774
2023-12-31T10:00:00+01:00,0.189388
2023-12-31T11:00:00+01:00,0.185371
2023-12-31T12:00:00+01:00,0.185758
2023-12-31T13:00:00+01:00,0.179817
2023-12-31T14:00:00+01:00,0.182781
2023-12-31T15:00:00+01:00,0.188468
2023-12-31T16:00:00+01:00,0.206413
2023-12-31T17:00:00+01:00,0.232948
2023-12-31T18:00:00+01:00,0.226898
2023-12-31T19:00:00+01:00,0.220412
2023-12-31T20:00:00+01:00,0.214665
2023-12-31T21:00:00+01:00,0.188541
2023-12-31T22:00:00+01:00,0.185371
2023-12-31T23:00:00+01:00,0.176284
2024-01-01T00:00:00+01:00,0.151771
2024-01-01T01:00:00+01:00,0.151662
2024-01-01T02:00:00+01:00,0.151650
2024-01-01T03:00:00+01:00,0.151638
2024-01-01T04:00:00+01:00,0.151614
2024-01-01T05:00:00+01:00,0.151626
2024-01-01T06:00:00+01:00,0.151590
2024-01-01T07:00:00+01:00,0.151626
2024-01-01T08:00:00+01:00,0.151650
2024-01-01T09:00:00+01:00,0.151698
2024-01-01T10:00:00+01:00,0.151723
2024-01-01T11:00:00+01:00,0.152303
2024-01-01T12:00:00+01:00,0.154360
2024-01-01T13:00:00+01:00,0.154034
2024-01-01T14:00:00+01:00,0.153017
2024-01-01T15:00:00+01:00,0.155510
2024-01-01T16:00:00+01:00,0.200050
2024-01-01T17:00:00+01:00,0.253847
2024-01-01T18:00:00+01:00,0.226355
2024-01-01T19:00:00+01:00,0.225787
2024-01-01T20:00:00+01:00,0.224214
2024-01-01T21:00:00+01:00,0.218103
2024-01-01T22:00:00+01:00,0.209307
2024-01-01T23:00:00+01:00,0.194666
2024-01-02T00:00:00+01:00,0.187212
2024-01-02T01:00:00+01:00,0.175366
2024-01-02T02:00:00+01:00,0.184719
2024-01-02T03:00:00+01:00,0.171252
2024-01-02T04:00:00+01:00,0.163145
2024-01-02T05:00:00+01:00,0.165202
2024-01-02T06:00:00+01:00,0.205410
2024-01-02T07:00:00+01:00,0.220088
2024-01-02T08:00:00+01:00,0.229429
2024-01-02T09:00:00+01:00,0.231655
2024-01-02T10:00:00+01:00,0.237076
2024-01-02T11:00:00+01:00,0.246998
2024-01-02T12:00:00+01:00,0.272529
2024-01-02T13:00:00+01:00,0.275675
2024-01-02T14:00:00+01:00,0.285476
2024-01-02T15:00:00+01:00,0.279547
2024-01-02T16:00:00+01:00,0.273497
2024-01-02T17:00:00+01:00,0.295555
2024-01-02T18:00:00+01:00,0.250023
2024-01-02T19:00:00+01:00,0.236471
2024-01-02T20:00:00+01:00,0.232357
2024-01-02T21:00:00+01:00,0.218079
2024-01-02T22:00:00+01:00,0.215998
2024-01-02T23:00:00+01:00,0.218079
2024-01-03T00:00:00+01:00,0.151178
2024-01-03T01:00:00+01:00,0.149702
2024-01-03T02:00:00+01:00,0.149968
2024-01-03T03:00:00+01:00,0.150065
2024-01-03T04:00:00+01:00,0.149968
2024-01-03T05:00:00+01:00,0.149291
2024-01-03T06:00:00+01:00,0.152921
2024-01-03T07:00:00+01:00,0.200812
2024-01-03T08:00:00+01:00,0.234293
2024-01-03T09:00:00+01:00,0.243489
2024-01-03T10:00:00+01:00,0.240222
2024-01-03T11:00:00+01:00,0.235382
2024-01-03T12:00:00+01:00,0.224250
2024-01-03T13:00:00+01:00,0.222871
2024-01-03T14:00:00+01:00,0.225291
2024-01-03T15:00:00+01:00,0.243610
2024-01-03T16:00:00+01:00,0.247240
2024-01-03T17:00:00+01:00,0.273860
2024-01-03T18:00:00+01:00,0.290316
2024-01-03T19:00:00+01:00,0.272650
2024-01-03T20:00:00+01:00,0.240258
2024-01-03T21:00:00+01:00,0.233216
2024-01-03T22:00:00+01:00,0.230300
2024-01-03T23:00:00+01:00,0.221975
2024-01-04T00:00:00+01:00,0.220983
2024-01-04T01:00:00+01:00,0.212707
2024-01-04T02:00:00+01:00,0.200050
2024-01-04T03:00:00+01:00,0.182481
2024-01-04T04:00:00+01:00,0.194000
2024-01-04T05:00:00+01:00,0.221503
2024-01-04T06:00:00+01:00,0.239557
2024-01-04T07:00:00+01:00,0.254524
2024-01-04T08:00:00+01:00,0.262329
2024-01-04T09:00:00+01:00,0.265632
2024-01-04T10:00:00+01:00,0.262498
2024-01-04T11:00:00+01:00,0.260586
2024-01-04T12:00:00+01:00,0.256049
2024-01-04T13:00:00+01:00,0.255662
2024-01-04T14:00:00+01:00,0.263103
2024-01-04T15:00:00+01:00,0.270980
2024-01-04T16:00:00+01:00,0.278035
2024-01-04T17:00:00+01:00,0.309204
2024-01-04T18:00:00+01:00,0.321861
2024-01-04T19:00:00+01:00,0.300601
2024-01-04T20:00:00+01:00,0.274647
2024-01-04T21:00:00+01:00,0.268742
2024-01-04T22:00:00+01:00,0.264228
2024-01-04T23:00:00+01:00,0.258868
2024-01-05T00:00:00+01:00,0.255807
2024-01-05T01:00:00+01:00,0.249067
2024-01-05T02:00:00+01:00,0.244832
2024-01-05T03:00:00+01:00,0.239835
2024-01-05T04:00:00+01:00,0.238915
2024-01-05T05:00:00+01:00,0.241819
2024-01-05T06:00:00+01:00,0.248583
2024-01-05T07:00:00+01:00,0.257126
2024-01-05T08:00:00+01:00,0.260284
2024-01-05T09:00:00+01:00,0.266600
2024-01-05T10:00:00+01:00,0.268161
2024-01-05T11:00:00+01:00,0.270496
2024-01-05T12:00:00+01:00,0.263321
2024-01-05T13:00:00+01:00,0.262547
2024-01-05T14:00:00+01:00,0.268415
2024-01-05T15:00:00+01:00,0.272807
2024-01-05T16:00:00+01:00,0.276316
2024-01-05T17:00:00+01:00,0.281640
2024-01-05T18:00:00+01:00,0.282899
2024-01-05T19:00:00+01:00,0.277490
2024-01-05T20:00:00+01:00,0.272807
2024-01-05T21:00:00+01:00,0.265644
2024-01-05T22:00:00+01:00,0.266503
2024-01-05T23:00:00+01:00,0.256678
2024-01-06T00:00:00+01:00,0.251173
2024-01-06T01:00:00+01:00,0.248692
2024-01-06T02:00:00+01:00,0.243767
2024-01-06T03:00:00+01:00,0.239992
2024-01-06T04:00:00+01:00,0.239992
2024-01-06T05:00:00+01:00,0.241904
2024-01-06T06:00:00+01:00,0.242521
2024-01-06T07:00:00+01:00,0.250132
2024-01-06T08:00:00+01:00,0.258614
2024-01-06T09:00:00+01:00,0.263248
2024-01-06T10:00:00+01:00,0.269383
2024-01-06T11:00:00+01:00,0.273170
2024-01-06T12:00:00+01:00,0.271634
2024-01-06T13:00:00+01:00,0.266019
2024-01-06T14:00:00+01:00,0.263515
2024-01-06T15:00:00+01:00,0.265608
2024-01-06T16:00:00+01:00,0.271706
2024-01-06T17:00:00+01:00,0.278325
2024-01-06T18:00:00+01:00,0.277042
2024-01-06T19:00:00+01:00,0.271440
2024-01-06T20:00:00+01:00,0.263139
2024-01-06T21:00:00+01:00,0.258130
2024-01-06T22:00:00+01:00,0.256400
2024-01-06T23:00:00+01:00,0.248293
2024-01-07T00:00:00+01:00,0.253387
2024-01-07T01:00:00+01:00,0.248232
2024-01-07T02:00:00+01:00,0.244530
2024-01-07T03:00:00+01:00,0.240537
2024-01-07T04:00:00+01:00,0.238601
2024-01-07T05:00:00+01:00,0.238867
2024-01-07T06:00:00+01:00,0.242279
2024-01-07T07:00:00+01:00,0.245655
2024-01-07T08:00:00+01:00,0.250616
2024-01-07T09:00:00+01:00,0.254331
2024-01-07T10:00:00+01:00,0.257089
2024-01-07T11:00:00+01:00,0.259497
2024-01-07T12:00:00+01:00,0.258929
2024-01-07T13:00:00+01:00,0.254270
2024-01-07T14:00:00+01:00,0.253701
2024-01-07T15:00:00+01:00,0.258142
2024-01-07T16:00:00+01:00,0.264688
2024-01-07T17:00:00+01:00,0.274792
2024-01-07T18:00:00+01:00,0.278519
2024-01-07T19:00:00+01:00,0.276946
2024-01-07T20:00:00+01:00,0.273255
2024-01-07T21:00:00+01:00,0.264555
2024-01-07T22:00:00+01:00,0.261966
2024-01-07T23:00:00+01:00,0.253121
2024-01-08T00:00:00+01:00,0.256944
2024-01-08T01:00:00+01:00,0.253714
2024-01-08T02:00:00+01:00,0.250519
2024-01-08T03:00:00+01:00,0.247240
2024-01-08T04:00:00+01:00,0.246599
2024-01-08T05:00:00+01:00,0.250991
2024-01-08T06:00:00+01:00,0.265753
2024-01-08T07:00:00+01:00,0.286069
2024-01-08T08:00:00+01:00,0.298193
2024-01-08T09:00:00+01:00,0.294224
2024-01-08T10:00:00+01:00,0.285452
2024-01-08T11:00:00+01:00,0.276280
2024-01-08T12:00:00+01:00,0.254379
2024-01-08T13:00:00+01:00,0.260018
2024-01-08T14:00:00+01:00,0.272650
2024-01-08T15:00:00+01:00,0.282306
2024-01-08T16:00:00+01:00,0.292482
2024-01-08T17:00:00+01:00,0.307922
2024-01-08T18:00:00+01:00,0.302997
2024-01-08T19:00:00+01:00,0.287049
2024-01-08T20:00:00+01:00,0.272771
2024-01-08T21:00:00+01:00,0.261760
2024-01-08T22:00:00+01:00,0.262970
2024-01-08T23:00:00+01:00,0.262353
2024-01-09T00:00:00+01:00,0.249600
2024-01-09T01:00:00+01:00,0.248426
2024-01-09T02:00:00+01:00,0.254500
2024-01-09T03:00:00+01:00,0.252588
2024-01-09T04:00:00+01:00,0.249140
2024-01-09T05:00:00+01:00,0.255468
2024-01-09T06:00:00+01:00,0.253169
2024-01-09T07:00:00+01:00,0.261905
2024-01-09T08:00:00+01:00,0.303747
2024-01-09T09:00:00+01:00,0.296802
2024-01-09T10:00:00+01:00,0.270230
2024-01-09T11:00:00+01:00,0.260550
2024-01-09T12:00:00+01:00,0.246998
2024-01-09T13:00:00+01:00,0.245764
2024-01-09T14:00:00+01:00,0.254500
2024-01-09T15:00:00+01:00,0.272529
2024-01-09T16:00:00+01:00,0.287981
2024-01-09T17:00:00+01:00,0.315835
2024-01-09T18:00:00+01:00,0.308043
2024-01-09T19:00:00+01:00,0.304473
2024-01-09T20:00:00+01:00,0.283322
2024-01-09T21:00:00+01:00,0.264979
2024-01-09T22:00:00+01:00,0.254379
2024-01-09T23:00:00+01:00,0.258130
2024-01-10T00:00:00+01:00,0.243053
2024-01-10T01:00:00+01:00,0.256630
2024-01-10T02:00:00+01:00,0.256593
2024-01-10T03:00:00+01:00,0.249926
2024-01-10T04:00:00+01:00,0.249031
2024-01-10T05:00:00+01:00,0.245909
2024-01-10T06:00:00+01:00,0.247603
2024-01-10T07:00:00+01:00,0.267810
2024-01-10T08:00:00+01:00,0.311999
2024-01-10T09:00:00+01:00,0.309422
2024-01-10T10:00:00+01:00,0.286214
2024-01-10T11:00:00+01:00,0.283697
2024-01-10T12:00:00+01:00,0.259461
2024-01-10T13:00:00+01:00,0.257465
2024-01-10T14:00:00+01:00,0.254379
2024-01-10T15:00:00+01:00,0.280321
2024-01-10T16:00:00+01:00,0.306457
2024-01-10T17:00:00+01:00,0.325636
2024-01-10T18:00:00+01:00,0.321050
2024-01-10T19:00:00+01:00,0.311552
2024-01-10T20:00:00+01:00,0.296850
2024-01-10T21:00:00+01:00,0.269383
2024-01-10T22:00:00+01:00,0.262123
2024-01-10T23:00:00+01:00,0.251245
2024-01-11T00:00:00+01:00,0.262668
2024-01-11T01:00:00+01:00,0.258844
2024-01-11T02:00:00+01:00,0.257223
2024-01-11T03:00:00+01:00,0.251330
2024-01-11T04:00:00+01:00,0.249902
2024-01-11T05:00:00+01:00,0.247966
2024-01-11T06:00:00+01:00,0.260550
2024-01-11T07:00:00+01:00,0.293063
2024-01-11T08:00:00+01:00,0.322260
2024-01-11T09:00:00+01:00,0.307934
2024-01-11T10:00:00+01:00,0.289167
2024-01-11T11:00:00+01:00,0.280491
2024-01-11T12:00:00+01:00,0.271900
2024-01-11T13:00:00+01:00,0.271440
2024-01-11T14:00:00+01:00,0.279886
2024-01-11T15:00:00+01:00,0.293595
2024-01-11T16:00:00+01:00,0.312120
2024-01-11T17:00:00+01:00,0.329593
2024-01-11T18:00:00+01:00,0.317057
2024-01-11T19:00:00+01:00,0.311745
2024-01-11T20:00:00+01:00,0.294285
2024-01-11T21:00:00+01:00,0.281350
2024-01-11T22:00:00+01:00,0.272650
2024-01-11T23:00:00+01:00,0.249660
2024-01-12T00:00:00+01:00,0.251015
2024-01-12T01:00:00+01:00,0.249212
2024-01-12T02:00:00+01:00,0.252237
2024-01-12T03:00:00+01:00,0.245171
2024-01-12T04:00:00+01:00,0.246030
2024-01-12T05:00:00+01:00,0.247458
2024-01-12T06:00:00+01:00,0.250047
2024-01-12T07:00:00+01:00,0.294672
2024-01-12T08:00:00+01:00,0.321945
2024-01-12T09:00:00+01:00,0.314952
2024-01-12T10:00:00+01:00,0.299282
2024-01-12T11:00:00+01:00,0.290473
2024-01-12T12:00:00+01:00,0.281096
2024-01-12T13:00:00+01:00,0.276377
2024-01-12T14:00:00+01:00,0.278143
2024-01-12T15:00:00+01:00,0.284750
2024-01-12T16:00:00+01:00,0.296850
2024-01-12T17:00:00+01:00,0.305925
2024-01-12T18:00:00+01:00,0.304110
2024-01-12T19:00:00+01:00,0.296209
2024-01-12T20:00:00+01:00,0.281277
2024-01-12T21:00:00+01:00,0.262607
2024-01-12T22:00:00+01:00,0.254524
2024-01-12T23:00:00+01:00,0.251463
2024-01-13T00:00:00+01:00,0.260550
2024-01-13T01:00:00+01:00,0.255020
2024-01-13T02:00:00+01:00,0.250870
2024-01-13T03:00:00+01:00,0.246599
2024-01-13T04:00:00+01:00,0.242400
2024-01-13T05:00:00+01:00,0.242327
2024-01-13T06:00:00+01:00,0.246224
2024-01-13T07:00:00+01:00,0.245909
2024-01-13T08:00:00+01:00,0.242303
2024-01-13T09:00:00+01:00,0.254984
2024-01-13T10:00:00+01:00,0.258614
2024-01-13T11:00:00+01:00,0.255831
2024-01-13T12:00:00+01:00,0.248087
2024-01-13T13:00:00+01:00,0.249442
2024-01-13T14:00:00+01:00,0.250265
2024-01-13T15:00:00+01:00,0.256920
2024-01-13T16:00:00+01:00,0.269383
2024-01-13T17:00:00+01:00,0.290316
2024-01-13T18:00:00+01:00,0.276038
2024-01-13T19:00:00+01:00,0.254016
2024-01-13T20:00:00+01:00,0.242969
2024-01-13T21:00:00+01:00,0.249660
2024-01-13T22:00:00+01:00,0.254500
2024-01-13T23:00:00+01:00,0.248450
2024-01-14T00:00:00+01:00,0.242279
2024-01-14T01:00:00+01:00,0.241202
2024-01-14T02:00:00+01:00,0.236229
2024-01-14T03:00:00+01:00,0.234220
2024-01-14T04:00:00+01:00,0.238673
2024-01-14T05:00:00+01:00,0.248450
2024-01-14T06:00:00+01:00,0.237596
2024-01-14T07:00:00+01:00,0.243513
2024-01-14T08:00:00+01:00,0.247567
2024-01-14T09:00:00+01:00,0.264180
2024-01-14T10:00:00+01:00,0.269153
2024-01-14T11:00:00+01:00,0.257162
2024-01-14T12:00:00+01:00,0.248922
2024-01-14T13:00:00+01:00,0.244868
2024-01-14T14:00:00+01:00,0.247422
2024-01-14T15:00:00+01:00,0.251257
2024-01-14T16:00:00+01:00,0.256460
2024-01-14T17:00:00+01:00,0.262801
2024-01-14T18:00:00+01:00,0.266479
2024-01-14T19:00:00+01:00,0.254500
2024-01-14T20:00:00+01:00,0.247313
2024-01-14T21:00:00+01:00,0.246756
2024-01-14T22:00:00+01:00,0.242872
2024-01-14T23:00:00+01:00,0.232950
2024-01-15T00:00:00+01:00,0.233809
2024-01-15T01:00:00+01:00,0.230300
2024-01-15T02:00:00+01:00,0.229017
2024-01-15T03:00:00+01:00,0.226718
2024-01-15T04:00:00+01:00,0.226718
2024-01-15T05:00:00+01:00,0.235443
2024-01-15T06:00:00+01:00,0.248668
2024-01-15T07:00:00+01:00,0.253774
2024-01-15T08:00:00+01:00,0.271851
2024-01-15T09:00:00+01:00,0.273013
2024-01-15T10:00:00+01:00,0.266467
2024-01-15T11:00:00+01:00,0.260792
2024-01-15T12:00:00+01:00,0.249878
2024-01-15T13:00:00+01:00,0.251112
2024-01-15T14:00:00+01:00,0.254016
2024-01-15T15:00:00+01:00,0.260030
2024-01-15T16:00:00+01:00,0.269770
2024-01-15T17:00:00+01:00,0.280527
2024-01-15T18:00:00+01:00,0.288150
2024-01-15T19:00:00+01:00,0.278857
2024-01-15T20:00:00+01:00,0.265874
2024-01-15T21:00:00+01:00,0.247288
2024-01-15T22:00:00+01:00,0.245740
2024-01-15T23:00:00+01:00,0.246635
2024-01-16T00:00:00+01:00,0.233930
2024-01-16T01:00:00+01:00,0.244227
2024-01-16T02:00:00+01:00,0.245340
2024-01-16T03:00:00+01:00,0.244602
2024-01-16T04:00:00+01:00,0.240041
2024-01-16T05:00:00+01:00,0.239508
2024-01-16T06:00:00+01:00,0.263454
2024-01-16T07:00:00+01:00,0.291768
2024-01-16T08:00:00+01:00,0.326023
2024-01-16T09:00:00+01:00,0.319356
2024-01-16T10:00:00+01:00,0.299270
2024-01-16T11:00:00+01:00,0.284750
2024-01-16T12:00:00+01:00,0.258130
2024-01-16T13:00:00+01:00,0.258251
2024-01-16T14:00:00+01:00,0.253290
2024-01-16T15:00:00+01:00,0.285101
2024-01-16T16:00:00+01:00,0.286795
2024-01-16T17:00:00+01:00,0.306893
2024-01-16T18:00:00+01:00,0.299391
2024-01-16T19:00:00+01:00,0.275070
2024-01-16T20:00:00+01:00,0.260514
2024-01-16T21:00:00+01:00,0.253290
2024-01-16T22:00:00+01:00,0.251124
2024-01-16T23:00:00+01:00,0.242642
2024-01-17T00:00:00+01:00,0.238528
2024-01-17T01:00:00+01:00,0.238347
2024-01-17T02:00:00+01:00,0.237233
2024-01-17T03:00:00+01:00,0.236096
2024-01-17T04:00:00+01:00,0.235793
2024-01-17T05:00:00+01:00,0.237935
2024-01-17T06:00:00+01:00,0.243090
2024-01-17T07:00:00+01:00,0.254427
2024-01-17T08:00:00+01:00,0.268705
2024-01-17T09:00:00+01:00,0.280128
2024-01-17T10:00:00+01:00,0.285149
2024-01-17T11:00:00+01:00,0.286081
2024-01-17T12:00:00+01:00,0.289275
2024-01-17T13:00:00+01:00,0.292893
2024-01-17T14:00:00+01:00,0.294430
2024-01-17T15:00:00+01:00,0.300020
2024-01-17T16:00:00+01:00,0.304776
2024-01-17T17:00:00+01:00,0.317311
2024-01-17T18:00:00+01:00,0.299887
2024-01-17T19:00:00+01:00,0.288501
2024-01-17T20:00:00+01:00,0.271634
2024-01-17T21:00:00+01:00,0.265063
2024-01-17T22:00:00+01:00,0.259461
2024-01-17T23:00:00+01:00,0.252334
2024-01-18T00:00:00+01:00,0.248813
2024-01-18T01:00:00+01:00,0.244808
2024-01-18T02:00:00+01:00,0.242001
2024-01-18T03:00:00+01:00,0.241408
2024-01-18T04:00:00+01:00,0.243719
2024-01-18T05:00:00+01:00,0.245546
2024-01-18T06:00:00+01:00,0.259449
2024-01-18T07:00:00+01:00,0.283818
2024-01-18T08:00:00+01:00,0.299246
2024-01-18T09:00:00+01:00,0.294745
2024-01-18T10:00:00+01:00,0.285234
2024-01-18T11:00:00+01:00,0.248450
2024-01-18T12:00:00+01:00,0.253230
2024-01-18T13:00:00+01:00,0.237124
2024-01-18T14:00:00+01:00,0.256448
2024-01-18T15:00:00+01:00,0.255468
2024-01-18T16:00:00+01:00,0.271053
2024-01-18T17:00:00+01:00,0.277188
2024-01-18T18:00:00+01:00,0.276704
2024-01-18T19:00:00+01:00,0.257949
2024-01-18T20:00:00+01:00,0.249660
2024-01-18T21:00:00+01:00,0.252249
2024-01-18T22:00:00+01:00,0.244372
2024-01-18T23:00:00+01:00,0.240718
2024-01-19T00:00:00+01:00,0.235309
2024-01-19T01:00:00+01:00,0.231825
2024-01-19T02:00:00+01:00,0.227880
2024-01-19T03:00:00+01:00,0.227590
2024-01-19T04:00:00+01:00,0.228267
2024-01-19T05:00:00+01:00,0.232599
2024-01-19T06:00:00+01:00,0.244203
2024-01-19T07:00:00+01:00,0.255710
2024-01-19T08:00:00+01:00,0.277817
2024-01-19T09:00:00+01:00,0.272541
2024-01-19T10:00:00+01:00,0.257561
2024-01-19T11:00:00+01:00,0.253290
2024-01-19T12:00:00+01:00,0.239024
2024-01-19T13:00:00+01:00,0.240416
2024-01-19T14:00:00+01:00,0.242666
2024-01-19T15:00:00+01:00,0.240028
2024-01-19T16:00:00+01:00,0.254379
2024-01-19T17:00:00+01:00,0.265088
2024-01-19T18:00:00+01:00,0.258009
2024-01-19T19:00:00+01:00,0.242279
2024-01-19T20:00:00+01:00,0.239920
2024-01-19T21:00:00+01:00,0.237705
2024-01-19T22:00:00+01:00,0.234704
2024-01-19T23:00:00+01:00,0.229998
2024-01-20T00:00:00+01:00,0.231510
2024-01-20T01:00:00+01:00,0.233337
2024-01-20T02:00:00+01:00,0.228533
2024-01-20T03:00:00+01:00,0.226452
2024-01-20T04:00:00+01:00,0.226489
2024-01-20T05:00:00+01:00,0.226368
2024-01-20T06:00:00+01:00,0.227384
2024-01-20T07:00:00+01:00,0.232599
2024-01-20T08:00:00+01:00,0.242182
2024-01-20T09:00:00+01:00,0.245909
2024-01-20T10:00:00+01:00,0.238528
2024-01-20T11:00:00+01:00,0.235866
2024-01-20T12:00:00+01:00,0.230167
2024-01-20T13:00:00+01:00,0.232599
2024-01-20T14:00:00+01:00,0.240428
2024-01-20T15:00:00+01:00,0.247409
2024-01-20T16:00:00+01:00,0.257961
2024-01-20T17:00:00+01:00,0.266576
2024-01-20T18:00:00+01:00,0.272517
2024-01-20T19:00:00+01:00,0.262450
2024-01-20T20:00:00+01:00,0.248450
2024-01-20T21:00:00+01:00,0.243271
2024-01-20T22:00:00+01:00,0.236858
2024-01-20T23:00:00+01:00,0.235297
2024-01-21T00:00:00+01:00,0.227275
2024-01-21T01:00:00+01:00,0.220620
2024-01-21T02:00:00+01:00,0.218382
2024-01-21T03:00:00+01:00,0.213227
2024-01-21T04:00:00+01:00,0.210105
2024-01-21T05:00:00+01:00,0.208447
2024-01-21T06:00:00+01:00,0.206100
2024-01-21T07:00:00+01:00,0.202676
2024-01-21T08:00:00+01:00,0.213360
2024-01-21T09:00:00+01:00,0.224250
2024-01-21T10:00:00+01:00,0.223149
2024-01-21T11:00:00+01:00,0.219700
2024-01-21T12:00:00+01:00,0.224129
2024-01-21T13:00:00+01:00,0.215465
2024-01-21T14:00:00+01:00,0.219216
2024-01-21T15:00:00+01:00,0.220874
2024-01-21T16:00:00+01:00,0.218841
2024-01-21T17:00:00+01:00,0.234886
2024-01-21T18:00:00+01:00,0.250870
2024-01-21T19:00:00+01:00,0.229090
2024-01-21T20:00:00+01:00,0.224492
2024-01-21T21:00:00+01:00,0.220620
2024-01-21T22:00:00+01:00,0.217305
2024-01-21T23:00:00+01:00,0.216107
2024-01-22T00:00:00+01:00,0.204987
2024-01-22T01:00:00+01:00,0.212138
2024-01-22T02:00:00+01:00,0.206100
2024-01-22T03:00:00+01:00,0.185433
2024-01-22T04:00:00+01:00,0.173430
2024-01-22T05:00:00+01:00,0.176455
2024-01-22T06:00:00+01:00,0.202797
2024-01-22T07:00:00+01:00,0.234535
2024-01-22T08:00:00+01:00,0.308950
2024-01-22T09:00:00+01:00,0.260066
2024-01-22T10:00:00+01:00,0.241601
2024-01-22T11:00:00+01:00,0.224976
2024-01-22T12:00:00+01:00,0.220632
2024-01-22T13:00:00+01:00,0.220039
2024-01-22T14:00:00+01:00,0.222496
2024-01-22T15:00:00+01:00,0.224819
2024-01-22T16:00:00+01:00,0.232720
2024-01-22T17:00:00+01:00,0.259062
2024-01-22T18:00:00+01:00,0.285113
2024-01-22T19:00:00+01:00,0.270351
2024-01-22T20:00:00+01:00,0.233240
2024-01-22T21:00:00+01:00,0.229586
2024-01-22T22:00:00+01:00,0.219676
2024-01-22T23:00:00+01:00,0.212574
2024-01-23T00:00:00+01:00,0.172026
2024-01-23T01:00:00+01:00,0.164948
2024-01-23T02:00:00+01:00,0.163750
2024-01-23T03:00:00+01:00,0.157700
2024-01-23T04:00:00+01:00,0.164766
2024-01-23T05:00:00+01:00,0.199457
2024-01-23T06:00:00+01:00,0.226077
2024-01-23T07:00:00+01:00,0.258433
2024-01-23T08:00:00+01:00,0.291768
2024-01-23T09:00:00+01:00,0.268633
2024-01-23T10:00:00+01:00,0.249539
2024-01-23T11:00:00+01:00,0.230300
2024-01-23T12:00:00+01:00,0.229247
2024-01-23T13:00:00+01:00,0.228316
2024-01-23T14:00:00+01:00,0.236374
2024-01-23T15:00:00+01:00,0.241553
2024-01-23T16:00:00+01:00,0.245050
2024-01-23T17:00:00+01:00,0.250640
2024-01-23T18:00:00+01:00,0.254367
2024-01-23T19:00:00+01:00,0.242824
2024-01-23T20:00:00+01:00,0.230300
2024-01-23T21:00:00+01:00,0.228122
2024-01-23T22:00:00+01:00,0.216264
2024-01-23T23:00:00+01:00,0.194000
2024-01-24T00:00:00+01:00,0.157519
2024-01-24T01:00:00+01:00,0.154215
2024-01-24T02:00:00+01:00,0.151650
2024-01-24T03:00:00+01:00,0.146943
2024-01-24T04:00:00+01:00,0.145600
2024-01-24T05:00:00+01:00,0.151650
2024-01-24T06:00:00+01:00,0.171797
2024-01-24T07:00:00+01:00,0.233325
2024-01-24T08:00:00+01:00,0.266600
2024-01-24T09:00:00+01:00,0.264579
2024-01-24T10:00:00+01:00,0.233930
2024-01-24T11:00:00+01:00,0.214824
2024-01-24T12:00:00+01:00,0.199227
2024-01-24T13:00:00+01:00,0.197993
2024-01-24T14:00:00+01:00,0.207915
2024-01-24T15:00:00+01:00,0.234450
2024-01-24T16:00:00+01:00,0.248450
2024-01-24T17:00:00+01:00,0.270230
2024-01-24T18:00:00+01:00,0.263841
2024-01-24T19:00:00+01:00,0.272771
2024-01-24T20:00:00+01:00,0.253290
2024-01-24T21:00:00+01:00,0.250858
2024-01-24T22:00:00+01:00,0.238528
2024-01-24T23:00:00+01:00,0.250628
2024-01-25T00:00:00+01:00,0.230179
2024-01-25T01:00:00+01:00,0.219531
2024-01-25T02:00:00+01:00,0.232962
2024-01-25T03:00:00+01:00,0.242400
2024-01-25T04:00:00+01:00,0.242775
2024-01-25T05:00:00+01:00,0.243489
2024-01-25T06:00:00+01:00,0.246732
2024-01-25T07:00:00+01:00,0.263091
2024-01-25T08:00:00+01:00,0.276304
2024-01-25T09:00:00+01:00,0.265390
2024-01-25T10:00:00+01:00,0.253242
2024-01-25T11:00:00+01:00,0.246829
2024-01-25T12:00:00+01:00,0.242340
2024-01-25T13:00:00+01:00,0.244276
2024-01-25T14:00:00+01:00,0.253556
2024-01-25T15:00:00+01:00,0.258868
2024-01-25T16:00:00+01:00,0.268996
2024-01-25T17:00:00+01:00,0.292010
2024-01-25T18:00:00+01:00,0.287654
2024-01-25T19:00:00+01:00,0.270871
2024-01-25T20:00:00+01:00,0.248341
2024-01-25T21:00:00+01:00,0.253629
2024-01-25T22:00:00+01:00,0.247724
2024-01-25T23:00:00+01:00,0.241396
2024-01-26T00:00:00+01:00,0.227638
2024-01-26T01:00:00+01:00,0.226670
2024-01-26T02:00:00+01:00,0.222423
2024-01-26T03:00:00+01:00,0.217946
2024-01-26T04:00:00+01:00,0.209004
2024-01-26T05:00:00+01:00,0.213203
2024-01-26T06:00:00+01:00,0.222012
2024-01-26T07:00:00+01:00,0.238746
2024-01-26T08:00:00+01:00,0.245365
2024-01-26T09:00:00+01:00,0.248571
2024-01-26T10:00:00+01:00,0.237971
2024-01-26T11:00:00+01:00,0.222967
2024-01-26T12:00:00+01:00,0.214667
2024-01-26T13:00:00+01:00,0.207673
2024-01-26T14:00:00+01:00,0.212150
2024-01-26T15:00:00+01:00,0.213566
2024-01-26T16:00:00+01:00,0.242400
2024-01-26T17:00:00+01:00,0.266600
2024-01-26T18:00:00+01:00,0.315690
2024-01-26T19:00:00+01:00,0.286105
2024-01-26T20:00:00+01:00,0.267568
2024-01-26T21:00:00+01:00,0.250870
2024-01-26T22:00:00+01:00,0.253532
2024-01-26T23:00:00+01:00,0.247676
2024-01-27T00:00:00+01:00,0.241795
2024-01-27T01:00:00+01:00,0.235019
2024-01-27T02:00:00+01:00,0.231389
2024-01-27T03:00:00+01:00,0.223040
2024-01-27T04:00:00+01:00,0.220003
2024-01-27T05:00:00+01:00,0.222532
2024-01-27T06:00:00+01:00,0.224226
2024-01-27T07:00:00+01:00,0.232599
2024-01-27T08:00:00+01:00,0.256630
2024-01-27T09:00:00+01:00,0.255952
2024-01-27T10:00:00+01:00,0.248656
2024-01-27T11:00:00+01:00,0.224649
2024-01-27T12:00:00+01:00,0.219216
2024-01-27T13:00:00+01:00,0.216845
2024-01-27T14:00:00+01:00,0.223923
2024-01-27T15:00:00+01:00,0.246272
2024-01-27T16:00:00+01:00,0.251354
2024-01-27T17:00:00+01:00,0.262026
2024-01-27T18:00:00+01:00,0.267774
2024-01-27T19:00:00+01:00,0.263720
2024-01-27T20:00:00+01:00,0.253810
2024-01-27T21:00:00+01:00,0.243562
2024-01-27T22:00:00+01:00,0.243574
2024-01-27T23:00:00+01:00,0.239617
2024-01-28T00:00:00+01:00,0.232442
2024-01-28T01:00:00+01:00,0.225097
2024-01-28T02:00:00+01:00,0.223161
2024-01-28T03:00:00+01:00,0.222907
2024-01-28T04:00:00+01:00,0.224214
2024-01-28T05:00:00+01:00,0.227166
2024-01-28T06:00:00+01:00,0.223427
2024-01-28T07:00:00+01:00,0.223016
2024-01-28T08:00:00+01:00,0.223282
2024-01-28T09:00:00+01:00,0.218466
2024-01-28T10:00:00+01:00,0.213784
2024-01-28T11:00:00+01:00,0.206717
2024-01-28T12:00:00+01:00,0.201550
2024-01-28T13:00:00+01:00,0.200353
2024-01-28T14:00:00+01:00,0.211799
2024-01-28T15:00:00+01:00,0.218079
2024-01-28T16:00:00+01:00,0.231861
2024-01-28T17:00:00+01:00,0.244118
2024-01-28T18:00:00+01:00,0.242037
2024-01-28T19:00:00+01:00,0.236544
2024-01-28T20:00:00+01:00,0.234668
2024-01-28T21:00:00+01:00,0.221310
2024-01-28T22:00:00+01:00,0.223839
2024-01-28T23:00:00+01:00,0.219410
2024-01-29T00:00:00+01:00,0.212114
2024-01-29T01:00:00+01:00,0.208835
2024-01-29T02:00:00+01:00,0.209875
2024-01-29T03:00:00+01:00,0.209694
2024-01-29T04:00:00+01:00,0.214062
2024-01-29T05:00:00+01:00,0.224323
2024-01-29T06:00:00+01:00,0.248632
2024-01-29T07:00:00+01:00,0.263805
2024-01-29T08:00:00+01:00,0.271682
2024-01-29T09:00:00+01:00,0.258602
2024-01-29T10:00:00+01:00,0.247119
2024-01-29T11:00:00+01:00,0.237887
2024-01-29T12:00:00+01:00,0.236640
2024-01-29T13:00:00+01:00,0.242243
2024-01-29T14:00:00+01:00,0.250858
2024-01-29T15:00:00+01:00,0.267411
2024-01-29T16:00:00+01:00,0.278446
2024-01-29T17:00:00+01:00,0.297092
2024-01-29T18:00:00+01:00,0.291913
2024-01-29T19:00:00+01:00,0.281749
2024-01-29T20:00:00+01:00,0.261700
2024-01-29T21:00:00+01:00,0.255299
2024-01-29T22:00:00+01:00,0.252383
2024-01-29T23:00:00+01:00,0.248801
2024-01-30T00:00:00+01:00,0.238697
2024-01-30T01:00:00+01:00,0.234850
2024-01-30T02:00:00+01:00,0.235588
2024-01-30T03:00:00+01:00,0.232829
2024-01-30T04:00:00+01:00,0.232272
2024-01-30T05:00:00+01:00,0.235588
2024-01-30T06:00:00+01:00,0.246768
2024-01-30T07:00:00+01:00,0.261482
2024-01-30T08:00:00+01:00,0.267737
2024-01-30T09:00:00+01:00,0.254415
2024-01-30T10:00:00+01:00,0.245002
2024-01-30T11:00:00+01:00,0.236471
2024-01-30T12:00:00+01:00,0.234051
2024-01-30T13:00:00+01:00,0.234208
2024-01-30T14:00:00+01:00,0.238685
2024-01-30T15:00:00+01:00,0.246756
2024-01-30T16:00:00+01:00,0.250834
2024-01-30T17:00:00+01:00,0.258566
2024-01-30T18:00:00+01:00,0.271900
2024-01-30T19:00:00+01:00,0.285246
2024-01-30T20:00:00+01:00,0.260429
2024-01-30T21:00:00+01:00,0.248595
2024-01-30T22:00:00+01:00,0.251415
2024-01-30T23:00:00+01:00,0.245183
2024-01-31T00:00:00+01:00,0.247119
2024-01-31T01:00:00+01:00,0.241226
2024-01-31T02:00:00+01:00,0.237427
2024-01-31T03:00:00+01:00,0.236132
2024-01-31T04:00:00+01:00,0.235346
2024-01-31T05:00:00+01:00,0.241021
2024-01-31T06:00:00+01:00,0.254222
2024-01-31T07:00:00+01:00,0.278906
2024-01-31T08:00:00+01:00,0.296850
2024-01-31T09:00:00+01:00,0.264821
2024-01-31T10:00:00+01:00,0.252056
2024-01-31T11:00:00+01:00,0.244929
2024-01-31T12:00:00+01:00,0.242291
2024-01-31T13:00:00+01:00,0.233325
2024-01-31T14:00:00+01:00,0.232478
2024-01-31T15:00:00+01:00,0.241117
2024-01-31T16:00:00+01:00,0.246696
2024-01-31T17:00:00+01:00,0.255287
2024-01-31T18:00:00+01:00,0.255105
2024-01-31T19:00:00+01:00,0.235382
2024-01-31T20:00:00+01:00,0.227614
2024-01-31T21:00:00+01:00,0.222048
2024-01-31T22:00:00+01:00,0.216990
2024-01-31T23:00:00+01:00,0.200740
2024-02-01T00:00:00+01:00,0.209730
2024-02-01T01:00:00+01:00,0.202918
2024-02-01T02:00:00+01:00,0.203728
2024-02-01T03:00:00+01:00,0.204817
2024-02-01T04:00:00+01:00,0.209282
2024-02-01T05:00:00+01:00,0.219483
2024-02-01T06:00:00+01:00,0.235382
2024-02-01T07:00:00+01:00,0.256158
2024-02-01T08:00:00+01:00,0.272360
2024-02-01T09:00:00+01:00,0.263902
2024-02-01T10:00:00+01:00,0.252939
2024-02-01T11:00:00+01:00,0.243005
2024-02-01T12:00:00+01:00,0.233446
2024-02-01T13:00:00+01:00,0.220935
2024-02-01T14:00:00+01:00,0.237802
2024-02-01T15:00:00+01:00,0.257525
2024-02-01T16:00:00+01:00,0.253290
2024-02-01T17:00:00+01:00,0.287920
2024-02-01T18:00:00+01:00,0.288380
2024-02-01T19:00:00+01:00,0.270266
2024-02-01T20:00:00+01:00,0.261530
2024-02-01T21:00:00+01:00,0.252491
2024-02-01T22:00:00+01:00,0.250761
2024-02-01T23:00:00+01:00,0.240488
2024-02-02T00:00:00+01:00,0.229477
2024-02-02T01:00:00+01:00,0.224190
2024-02-02T02:00:00+01:00,0.221830
2024-02-02T03:00:00+01:00,0.217825
2024-02-02T04:00:00+01:00,0.215949
2024-02-02T05:00:00+01:00,0.218357
2024-02-02T06:00:00+01:00,0.232103
2024-02-02T07:00:00+01:00,0.245921
2024-02-02T08:00:00+01:00,0.260078
2024-02-02T09:00:00+01:00,0.255964
2024-02-02T10:00:00+01:00,0.249418
2024-02-02T11:00:00+01:00,0.242606
2024-02-02T12:00:00+01:00,0.230167
2024-02-02T13:00:00+01:00,0.227348
2024-02-02T14:00:00+01:00,0.228727
2024-02-02T15:00:00+01:00,0.233567
2024-02-02T16:00:00+01:00,0.248450
2024-02-02T17:00:00+01:00,0.258699
2024-02-02T18:00:00+01:00,0.272614
2024-02-02T19:00:00+01:00,0.250870
2024-02-02T20:00:00+01:00,0.240343
2024-02-02T21:00:00+01:00,0.236350
2024-02-02T22:00:00+01:00,0.228062
2024-02-02T23:00:00+01:00,0.218006
2024-02-03T00:00:00+01:00,0.211763
2024-02-03T01:00:00+01:00,0.203777
2024-02-03T02:00:00+01:00,0.193879
2024-02-03T03:00:00+01:00,0.168590
2024-02-03T04:00:00+01:00,0.164936
2024-02-03T05:00:00+01:00,0.165444
2024-02-03T06:00:00+01:00,0.171591
2024-02-03T07:00:00+01:00,0.195730
2024-02-03T08:00:00+01:00,0.208411
2024-02-03T09:00:00+01:00,0.233301
2024-02-03T10:00:00+01:00,0.231510
2024-02-03T11:00:00+01:00,0.221854
2024-02-03T12:00:00+01:00,0.213360
2024-02-03T13:00:00+01:00,0.209609
2024-02-03T14:00:00+01:00,0.203111
2024-02-03T15:00:00+01:00,0.205749
2024-02-03T16:00:00+01:00,0.212852
2024-02-03T17:00:00+01:00,0.233204
2024-02-03T18:00:00+01:00,0.279910
2024-02-03T19:00:00+01:00,0.267810
2024-02-03T20:00:00+01:00,0.239315
2024-02-03T21:00:00+01:00,0.228001
2024-02-03T22:00:00+01:00,0.213856
2024-02-03T23:00:00+01:00,0.200050
2024-02-04T00:00:00+01:00,0.203075
2024-02-04T01:00:00+01:00,0.190636
2024-02-04T02:00:00+01:00,0.159999
2024-02-04T03:00:00+01:00,0.152521
2024-02-04T04:00:00+01:00,0.151650
2024-02-04T05:00:00+01:00,0.151650
2024-02-04T06:00:00+01:00,0.151650
2024-02-04T07:00:00+01:00,0.156974
2024-02-04T08:00:00+01:00,0.166025
2024-02-04T09:00:00+01:00,0.184925
2024-02-04T10:00:00+01:00,0.200050
2024-02-04T11:00:00+01:00,0.183921
2024-02-04T12:00:00+01:00,0.175596
2024-02-04T13:00:00+01:00,0.157785
2024-02-04T14:00:00+01:00,0.168590
2024-02-04T15:00:00+01:00,0.189983
2024-02-04T16:00:00+01:00,0.201502
2024-02-04T17:00:00+01:00,0.228485
2024-02-04T18:00:00+01:00,0.255480
2024-02-04T19:00:00+01:00,0.237439
2024-02-04T20:00:00+01:00,0.216506
2024-02-04T21:00:00+01:00,0.218067
2024-02-04T22:00:00+01:00,0.211835
2024-02-04T23:00:00+01:00,0.193976
2024-02-05T00:00:00+01:00,0.153622
2024-02-05T01:00:00+01:00,0.151771
2024-02-05T02:00:00+01:00,0.151771
2024-02-05T03:00:00+01:00,0.151916
2024-02-05T04:00:00+01:00,0.151747
2024-02-05T05:00:00+01:00,0.153647
2024-02-05T06:00:00+01:00,0.201538
2024-02-05T07:00:00+01:00,0.254500
2024-02-05T08:00:00+01:00,0.280636
2024-02-05T09:00:00+01:00,0.246877
2024-02-05T10:00:00+01:00,0.218442
2024-02-05T11:00:00+01:00,0.205967
2024-02-05T12:00:00+01:00,0.193758
2024-02-05T13:00:00+01:00,0.206705
2024-02-05T14:00:00+01:00,0.216990
2024-02-05T15:00:00+01:00,0.219156
2024-02-05T16:00:00+01:00,0.230300
2024-02-05T17:00:00+01:00,0.255964
2024-02-05T18:00:00+01:00,0.269686
2024-02-05T19:00:00+01:00,0.248571
2024-02-05T20:00:00+01:00,0.236302
2024-02-05T21:00:00+01:00,0.224141
2024-02-05T22:00:00+01:00,0.219458
2024-02-05T23:00:00+01:00,0.209016
2024-02-06T00:00:00+01:00,0.194557
2024-02-06T01:00:00+01:00,0.185772
2024-02-06T02:00:00+01:00,0.163750
2024-02-06T03:00:00+01:00,0.157676
2024-02-06T04:00:00+01:00,0.155413
2024-02-06T05:00:00+01:00,0.175959
2024-02-06T06:00:00+01:00,0.212150
2024-02-06T07:00:00+01:00,0.235406
2024-02-06T08:00:00+01:00,0.258372
2024-02-06T09:00:00+01:00,0.257283
2024-02-06T10:00:00+01:00,0.257041
2024-02-06T11:00:00+01:00,0.244215
2024-02-06T12:00:00+01:00,0.230179
2024-02-06T13:00:00+01:00,0.224177
2024-02-06T14:00:00+01:00,0.228921
2024-02-06T15:00:00+01:00,0.228969
2024-02-06T16:00:00+01:00,0.229937
2024-02-06T17:00:00+01:00,0.248450
2024-02-06T18:00:00+01:00,0.271755
2024-02-06T19:00:00+01:00,0.266467
2024-02-06T20:00:00+01:00,0.237560
2024-02-06T21:00:00+01:00,0.227420
2024-02-06T22:00:00+01:00,0.220753
2024-02-06T23:00:00+01:00,0.216143
2024-02-07T00:00:00+01:00,0.201466
2024-02-07T01:00:00+01:00,0.205858
2024-02-07T02:00:00+01:00,0.212029
2024-02-07T03:00:00+01:00,0.225436
2024-02-07T04:00:00+01:00,0.225460
2024-02-07T05:00:00+01:00,0.231026
2024-02-07T06:00:00+01:00,0.243489
2024-02-07T07:00:00+01:00,0.258856
2024-02-07T08:00:00+01:00,0.266479
2024-02-07T09:00:00+01:00,0.268899
2024-02-07T10:00:00+01:00,0.250725
2024-02-07T11:00:00+01:00,0.246829
2024-02-07T12:00:00+01:00,0.242400
2024-02-07T13:00:00+01:00,0.240948
2024-02-07T14:00:00+01:00,0.242860
2024-02-07T15:00:00+01:00,0.254863
2024-02-07T16:00:00+01:00,0.264216
2024-02-07T17:00:00+01:00,0.296414
2024-02-07T18:00:00+01:00,0.315968
2024-02-07T19:00:00+01:00,0.285137
2024-02-07T20:00:00+01:00,0.270230
2024-02-07T21:00:00+01:00,0.252758
2024-02-07T22:00:00+01:00,0.247252
2024-02-07T23:00:00+01:00,0.247494
2024-02-08T00:00:00+01:00,0.240827
2024-02-08T01:00:00+01:00,0.240222
2024-02-08T02:00:00+01:00,0.238952
2024-02-08T03:00:00+01:00,0.234692
2024-02-08T04:00:00+01:00,0.232345
2024-02-08T05:00:00+01:00,0.238419
2024-02-08T06:00:00+01:00,0.250943
2024-02-08T07:00:00+01:00,0.278083
2024-02-08T08:00:00+01:00,0.311261
2024-02-08T09:00:00+01:00,0.287618
2024-02-08T10:00:00+01:00,0.270254
2024-02-08T11:00:00+01:00,0.260006
2024-02-08T12:00:00+01:00,0.253302
2024-02-08T13:00:00+01:00,0.255129
2024-02-08T14:00:00+01:00,0.252467
2024-02-08T15:00:00+01:00,0.253290
2024-02-08T16:00:00+01:00,0.244590
2024-02-08T17:00:00+01:00,0.245062
2024-02-08T18:00:00+01:00,0.253290
2024-02-08T19:00:00+01:00,0.250265
2024-02-08T20:00:00+01:00,0.245510
2024-02-08T21:00:00+01:00,0.242400
2024-02-08T22:00:00+01:00,0.237342
2024-02-08T23:00:00+01:00,0.226234
2024-02-09T00:00:00+01:00,0.224686
2024-02-09T01:00:00+01:00,0.214764
2024-02-09T02:00:00+01:00,0.208702
2024-02-09T03:00:00+01:00,0.202591
2024-02-09T04:00:00+01:00,0.201623
2024-02-09T05:00:00+01:00,0.205955
2024-02-09T06:00:00+01:00,0.215635
2024-02-09T07:00:00+01:00,0.228727
2024-02-09T08:00:00+01:00,0.233797
2024-02-09T09:00:00+01:00,0.233724
2024-02-09T10:00:00+01:00,0.234922
2024-02-09T11:00:00+01:00,0.233458
2024-02-09T12:00:00+01:00,0.229756
2024-02-09T13:00:00+01:00,0.228727
2024-02-09T14:00:00+01:00,0.234753
2024-02-09T15:00:00+01:00,0.242957
2024-02-09T16:00:00+01:00,0.251330
2024-02-09T17:00:00+01:00,0.263563
2024-02-09T18:00:00+01:00,0.265741
2024-02-09T19:00:00+01:00,0.257041
2024-02-09T20:00:00+01:00,0.249103
2024-02-09T21:00:00+01:00,0.242666
2024-02-09T22:00:00+01:00,0.242291
2024-02-09T23:00:00+01:00,0.237487
2024-02-10T00:00:00+01:00,0.228001
2024-02-10T01:00:00+01:00,0.229187
2024-02-10T02:00:00+01:00,0.229574
2024-02-10T03:00:00+01:00,0.229562
2024-02-10T04:00:00+01:00,0.229586
2024-02-10T05:00:00+01:00,0.231292
2024-02-10T06:00:00+01:00,0.237451
2024-02-10T07:00:00+01:00,0.242231
2024-02-10T08:00:00+01:00,0.245667
2024-02-10T09:00:00+01:00,0.248910
2024-02-10T10:00:00+01:00,0.242884
2024-02-10T11:00:00+01:00,0.236858
2024-02-10T12:00:00+01:00,0.234535
2024-02-10T13:00:00+01:00,0.232381
2024-02-10T14:00:00+01:00,0.235781
2024-02-10T15:00:00+01:00,0.245026
2024-02-10T16:00:00+01:00,0.254561
2024-02-10T17:00:00+01:00,0.260429
2024-02-10T18:00:00+01:00,0.289106
2024-02-10T19:00:00+01:00,0.259340
2024-02-10T20:00:00+01:00,0.241674
2024-02-10T21:00:00+01:00,0.236350
2024-02-10T22:00:00+01:00,0.245074
2024-02-10T23:00:00+01:00,0.229477
2024-02-11T00:00:00+01:00,0.234898
2024-02-11T01:00:00+01:00,0.223403
2024-02-11T02:00:00+01:00,0.215296
2024-02-11T03:00:00+01:00,0.208314
2024-02-11T04:00:00+01:00,0.207927
2024-02-11T05:00:00+01:00,0.207613
2024-02-11T06:00:00+01:00,0.219894
2024-02-11T07:00:00+01:00,0.227916
2024-02-11T08:00:00+01:00,0.237560
2024-02-11T09:00:00+01:00,0.231631
2024-02-11T10:00:00+01:00,0.234414
2024-02-11T11:00:00+01:00,0.230857
2024-02-11T12:00:00+01:00,0.229501
2024-02-11T13:00:00+01:00,0.228340
2024-02-11T14:00:00+01:00,0.229163
2024-02-11T15:00:00+01:00,0.234196
2024-02-11T16:00:00+01:00,0.239060
2024-02-11T17:00:00+01:00,0.248111
2024-02-11T18:00:00+01:00,0.287170
2024-02-11T19:00:00+01:00,0.268778
2024-02-11T20:00:00+01:00,0.244856
2024-02-11T21:00:00+01:00,0.237221
2024-02-11T22:00:00+01:00,0.234402
2024-02-11T23:00:00+01:00,0.229102
2024-02-12T00:00:00+01:00,0.229514
2024-02-12T01:00:00+01:00,0.226247
2024-02-12T02:00:00+01:00,0.225133
2024-02-12T03:00:00+01:00,0.223609
2024-02-12T04:00:00+01:00,0.223294
2024-02-12T05:00:00+01:00,0.230300
2024-02-12T06:00:00+01:00,0.243610
2024-02-12T07:00:00+01:00,0.254996
2024-02-12T08:00:00+01:00,0.277490
2024-02-12T09:00:00+01:00,0.268415
2024-02-12T10:00:00+01:00,0.255069
2024-02-12T11:00:00+01:00,0.247349
2024-02-12T12:00:00+01:00,0.233228
2024-02-12T13:00:00+01:00,0.228921
2024-02-12T14:00:00+01:00,0.229247
2024-02-12T15:00:00+01:00,0.232297
2024-02-12T16:00:00+01:00,0.244941
2024-02-12T17:00:00+01:00,0.261385
2024-02-12T18:00:00+01:00,0.267810
2024-02-12T19:00:00+01:00,0.259437
2024-02-12T20:00:00+01:00,0.247422
2024-02-12T21:00:00+01:00,0.238213
2024-02-12T22:00:00+01:00,0.231353
2024-02-12T23:00:00+01:00,0.226549
2024-02-13T00:00:00+01:00,0.234644
2024-02-13T01:00:00+01:00,0.230748
2024-02-13T02:00:00+01:00,0.228376
2024-02-13T03:00:00+01:00,0.224843
2024-02-13T04:00:00+01:00,0.224323
2024-02-13T05:00:00+01:00,0.228594
2024-02-13T06:00:00+01:00,0.237197
2024-02-13T07:00:00+01:00,0.251257
2024-02-13T08:00:00+01:00,0.259461
2024-02-13T09:00:00+01:00,0.242545
2024-02-13T10:00:00+01:00,0.235394
2024-02-13T11:00:00+01:00,0.228933
2024-02-13T12:00:00+01:00,0.224891
2024-02-13T13:00:00+01:00,0.224565
2024-02-13T14:00:00+01:00,0.228001
2024-02-13T15:00:00+01:00,0.237197
2024-02-13T16:00:00+01:00,0.245933
2024-02-13T17:00:00+01:00,0.262716
2024-02-13T18:00:00+01:00,0.271682
2024-02-13T19:00:00+01:00,0.261917
2024-02-13T20:00:00+01:00,0.246272
2024-02-13T21:00:00+01:00,0.238988
2024-02-13T22:00:00+01:00,0.234571
2024-02-13T23:00:00+01:00,0.230034
2024-02-14T00:00:00+01:00,0.225012
2024-02-14T01:00:00+01:00,0.223451
2024-02-14T02:00:00+01:00,0.219120
2024-02-14T03:00:00+01:00,0.217946
2024-02-14T04:00:00+01:00,0.218273
2024-02-14T05:00:00+01:00,0.222435
2024-02-14T06:00:00+01:00,0.228509
2024-02-14T07:00:00+01:00,0.239956
2024-02-14T08:00:00+01:00,0.248317
2024-02-14T09:00:00+01:00,0.235927
2024-02-14T10:00:00+01:00,0.228921
2024-02-14T11:00:00+01:00,0.228231
2024-02-14T12:00:00+01:00,0.226864
2024-02-14T13:00:00+01:00,0.226561
2024-02-14T14:00:00+01:00,0.233071
2024-02-14T15:00:00+01:00,0.237185
2024-02-14T16:00:00+01:00,0.243598
2024-02-14T17:00:00+01:00,0.250447
2024-02-14T18:00:00+01:00,0.257731
2024-02-14T19:00:00+01:00,0.253992
2024-02-14T20:00:00+01:00,0.244336
2024-02-14T21:00:00+01:00,0.235999
2024-02-14T22:00:00+01:00,0.234172
2024-02-14T23:00:00+01:00,0.228848
2024-02-15T00:00:00+01:00,0.226271
2024-02-15T01:00:00+01:00,0.224916
2024-02-15T02:00:00+01:00,0.223536
2024-02-15T03:00:00+01:00,0.222229
2024-02-15T04:00:00+01:00,0.223802
2024-02-15T05:00:00+01:00,0.228400
2024-02-15T06:00:00+01:00,0.236519
2024-02-15T07:00:00+01:00,0.248208
2024-02-15T08:00:00+01:00,0.250943
2024-02-15T09:00:00+01:00,0.245836
2024-02-15T10:00:00+01:00,0.240597
2024-02-15T11:00:00+01:00,0.234547
2024-02-15T12:00:00+01:00,0.230058
2024-02-15T13:00:00+01:00,0.228909
2024-02-15T14:00:00+01:00,0.232526
2024-02-15T15:00:00+01:00,0.237887
2024-02-15T16:00:00+01:00,0.241323
2024-02-15T17:00:00+01:00,0.251402
2024-02-15T18:00:00+01:00,0.253943
2024-02-15T19:00:00+01:00,0.242557
2024-02-15T20:00:00+01:00,0.235818
2024-02-15T21:00:00+01:00,0.227493
2024-02-15T22:00:00+01:00,0.227469
2024-02-15T23:00:00+01:00,0.222604
2024-02-16T00:00:00+01:00,0.214280
2024-02-16T01:00:00+01:00,0.213457
2024-02-16T02:00:00+01:00,0.212053
2024-02-16T03:00:00+01:00,0.210710
2024-02-16T04:00:00+01:00,0.213820
2024-02-16T05:00:00+01:00,0.214812
2024-02-16T06:00:00+01:00,0.221225
2024-02-16T07:00:00+01:00,0.234995
2024-02-16T08:00:00+01:00,0.236955
2024-02-16T09:00:00+01:00,0.233930
2024-02-16T10:00:00+01:00,0.225702
2024-02-16T11:00:00+01:00,0.234898
2024-02-16T12:00:00+01:00,0.230300
2024-02-16T13:00:00+01:00,0.225702
2024-02-16T14:00:00+01:00,0.227928
2024-02-16T15:00:00+01:00,0.230252
2024-02-16T16:00:00+01:00,0.236350
2024-02-16T17:00:00+01:00,0.238843
2024-02-16T18:00:00+01:00,0.248123
2024-02-16T19:00:00+01:00,0.249358
2024-02-16T20:00:00+01:00,0.241831
2024-02-16T21:00:00+01:00,0.236350
2024-02-16T22:00:00+01:00,0.236350
2024-02-16T23:00:00+01:00,0.231147
2024-02-17T00:00:00+01:00,0.234535
2024-02-17T01:00:00+01:00,0.227444
2024-02-17T02:00:00+01:00,0.233930
2024-02-17T03:00:00+01:00,0.230179
2024-02-17T04:00:00+01:00,0.230167
2024-02-17T05:00:00+01:00,0.240319
2024-02-17T06:00:00+01:00,0.224976
2024-02-17T07:00:00+01:00,0.234777
2024-02-17T08:00:00+01:00,0.242763
2024-02-17T09:00:00+01:00,0.253919
2024-02-17T10:00:00+01:00,0.232720
2024-02-17T11:00:00+01:00,0.225254
2024-02-17T12:00:00+01:00,0.222120
2024-02-17T13:00:00+01:00,0.218503
2024-02-17T14:00:00+01:00,0.223161
2024-02-17T15:00:00+01:00,0.232805
2024-02-17T16:00:00+01:00,0.237318
2024-02-17T17:00:00+01:00,0.254512
2024-02-17T18:00:00+01:00,0.279523
2024-02-17T19:00:00+01:00,0.259957
2024-02-17T20:00:00+01:00,0.248632
2024-02-17T21:00:00+01:00,0.241384
2024-02-17T22:00:00+01:00,0.238843
2024-02-17T23:00:00+01:00,0.235273
2024-02-18T00:00:00+01:00,0.226827
2024-02-18T01:00:00+01:00,0.217970
2024-02-18T02:00:00+01:00,0.213844
2024-02-18T03:00:00+01:00,0.212416
2024-02-18T04:00:00+01:00,0.212150
2024-02-18T05:00:00+01:00,0.210299
2024-02-18T06:00:00+01:00,0.207334
2024-02-18T07:00:00+01:00,0.210904
2024-02-18T08:00:00+01:00,0.208859
2024-02-18T09:00:00+01:00,0.203716
2024-02-18T10:00:00+01:00,0.200595
2024-02-18T11:00:00+01:00,0.201260
2024-02-18T12:00:00+01:00,0.212150
2024-02-18T13:00:00+01:00,0.212356
2024-02-18T14:00:00+01:00,0.229816
2024-02-18T15:00:00+01:00,0.232635
2024-02-18T16:00:00+01:00,0.227723
2024-02-18T17:00:00+01:00,0.238770
2024-02-18T18:00:00+01:00,0.253411
2024-02-18T19:00:00+01:00,0.237064
2024-02-18T20:00:00+01:00,0.229949
2024-02-18T21:00:00+01:00,0.224044
2024-02-18T22:00:00+01:00,0.221019
2024-02-18T23:00:00+01:00,0.216917
2024-02-19T00:00:00+01:00,0.204890
2024-02-19T01:00:00+01:00,0.210117
2024-02-19T02:00:00+01:00,0.207867
2024-02-19T03:00:00+01:00,0.204781
2024-02-19T04:00:00+01:00,0.206003
2024-02-19T05:00:00+01:00,0.214050
2024-02-19T06:00:00+01:00,0.234692
2024-02-19T07:00:00+01:00,0.247385
2024-02-19T08:00:00+01:00,0.253133
2024-02-19T09:00:00+01:00,0.242473
2024-02-19T10:00:00+01:00,0.237415
2024-02-19T11:00:00+01:00,0.235406
2024-02-19T12:00:00+01:00,0.227239
2024-02-19T13:00:00+01:00,0.224214
2024-02-19T14:00:00+01:00,0.229308
2024-02-19T15:00:00+01:00,0.232478
2024-02-19T16:00:00+01:00,0.236181
2024-02-19T17:00:00+01:00,0.243792
2024-02-19T18:00:00+01:00,0.272517
2024-02-19T19:00:00+01:00,0.248474
2024-02-19T20:00:00+01:00,0.238673
2024-02-19T21:00:00+01:00,0.233313
2024-02-19T22:00:00+01:00,0.231837
2024-02-19T23:00:00+01:00,0.223125
2024-02-20T00:00:00+01:00,0.221903
2024-02-20T01:00:00+01:00,0.217377
2024-02-20T02:00:00+01:00,0.216942
2024-02-20T03:00:00+01:00,0.219410
2024-02-20T04:00:00+01:00,0.215780
2024-02-20T05:00:00+01:00,0.217970
2024-02-20T06:00:00+01:00,0.237621
2024-02-20T07:00:00+01:00,0.255795
2024-02-20T08:00:00+01:00,0.260102
2024-02-20T09:00:00+01:00,0.246962
2024-02-20T10:00:00+01:00,0.236169
2024-02-20T11:00:00+01:00,0.225363
2024-02-20T12:00:00+01:00,0.216409
2024-02-20T13:00:00+01:00,0.213977
2024-02-20T14:00:00+01:00,0.214401
2024-02-20T15:00:00+01:00,0.219277
2024-02-20T16:00:00+01:00,0.227009
2024-02-20T17:00:00+01:00,0.235116
2024-02-20T18:00:00+01:00,0.237391
2024-02-20T19:00:00+01:00,0.237270
2024-02-20T20:00:00+01:00,0.233640
2024-02-20T21:00:00+01:00,0.220620
2024-02-20T22:00:00+01:00,0.210262
2024-02-20T23:00:00+01:00,0.211678
2024-02-21T00:00:00+01:00,0.210432
2024-02-21T01:00:00+01:00,0.208411
2024-02-21T02:00:00+01:00,0.208351
2024-02-21T03:00:00+01:00,0.205858
2024-02-21T04:00:00+01:00,0.206620
2024-02-21T05:00:00+01:00,0.212223
2024-02-21T06:00:00+01:00,0.230312
2024-02-21T07:00:00+01:00,0.248087
2024-02-21T08:00:00+01:00,0.253351
2024-02-21T09:00:00+01:00,0.235927
2024-02-21T10:00:00+01:00,0.229211
2024-02-21T11:00:00+01:00,0.224722
2024-02-21T12:00:00+01:00,0.215792
2024-02-21T13:00:00+01:00,0.213614
2024-02-21T14:00:00+01:00,0.216700
2024-02-21T15:00:00+01:00,0.229949
2024-02-21T16:00:00+01:00,0.232841
2024-02-21T17:00:00+01:00,0.234305
2024-02-21T18:00:00+01:00,0.234390
2024-02-21T19:00:00+01:00,0.226186
2024-02-21T20:00:00+01:00,0.215199
2024-02-21T21:00:00+01:00,0.207685
2024-02-21T22:00:00+01:00,0.202518
2024-02-21T23:00:00+01:00,0.194690
2024-02-22T00:00:00+01:00,0.189003
2024-02-22T01:00:00+01:00,0.184828
2024-02-22T02:00:00+01:00,0.184925
2024-02-22T03:00:00+01:00,0.187272
2024-02-22T04:00:00+01:00,0.194617
2024-02-22T05:00:00+01:00,0.208181
2024-02-22T06:00:00+01:00,0.229405
2024-02-22T07:00:00+01:00,0.242400
2024-02-22T08:00:00+01:00,0.250761
2024-02-22T09:00:00+01:00,0.241190
2024-02-22T10:00:00+01:00,0.235672
2024-02-22T11:00:00+01:00,0.233277
2024-02-22T12:00:00+01:00,0.232599
2024-02-22T13:00:00+01:00,0.232345
2024-02-22T14:00:00+01:00,0.228473
2024-02-22T15:00:00+01:00,0.228001
2024-02-22T16:00:00+01:00,0.225375
2024-02-22T17:00:00+01:00,0.226380
2024-02-22T18:00:00+01:00,0.224190
2024-02-22T19:00:00+01:00,0.224734
2024-02-22T20:00:00+01:00,0.209633
2024-02-22T21:00:00+01:00,0.204660
2024-02-22T22:00:00+01:00,0.193879
2024-02-22T23:00:00+01:00,0.175971
2024-02-23T00:00:00+01:00,0.162879
2024-02-23T01:00:00+01:00,0.153465
2024-02-23T02:00:00+01:00,0.153090
2024-02-23T03:00:00+01:00,0.151771
2024-02-23T04:00:00+01:00,0.152134
2024-02-23T05:00:00+01:00,0.153017
2024-02-23T06:00:00+01:00,0.200002
2024-02-23T07:00:00+01:00,0.221782
2024-02-23T08:00:00+01:00,0.225218
2024-02-23T09:00:00+01:00,0.216433
2024-02-23T10:00:00+01:00,0.208641
2024-02-23T11:00:00+01:00,0.202518
2024-02-23T12:00:00+01:00,0.196747
2024-02-23T13:00:00+01:00,0.191459
2024-02-23T14:00:00+01:00,0.197630
2024-02-23T15:00:00+01:00,0.211714
2024-02-23T16:00:00+01:00,0.228134
2024-02-23T17:00:00+01:00,0.240827
2024-02-23T18:00:00+01:00,0.256242
2024-02-23T19:00:00+01:00,0.253302
2024-02-23T20:00:00+01:00,0.239944
2024-02-23T21:00:00+01:00,0.235455
2024-02-23T22:00:00+01:00,0.233906
2024-02-23T23:00:00+01:00,0.230421
2024-02-24T00:00:00+01:00,0.232079
2024-02-24T01:00:00+01:00,0.228969
2024-02-24T02:00:00+01:00,0.223645
2024-02-24T03:00:00+01:00,0.218442
2024-02-24T04:00:00+01:00,0.218672
2024-02-24T05:00:00+01:00,0.220741
2024-02-24T06:00:00+01:00,0.226271
2024-02-24T07:00:00+01:00,0.231643
2024-02-24T08:00:00+01:00,0.229574
2024-02-24T09:00:00+01:00,0.221346
2024-02-24T10:00:00+01:00,0.211170
2024-02-24T11:00:00+01:00,0.207080
2024-02-24T12:00:00+01:00,0.200437
2024-02-24T13:00:00+01:00,0.190636
2024-02-24T14:00:00+01:00,0.197146
2024-02-24T15:00:00+01:00,0.206100
2024-02-24T16:00:00+01:00,0.219362
2024-02-24T17:00:00+01:00,0.239932
2024-02-24T18:00:00+01:00,0.250810
2024-02-24T19:00:00+01:00,0.241347
2024-02-24T20:00:00+01:00,0.230506
2024-02-24T21:00:00+01:00,0.224177
2024-02-24T22:00:00+01:00,0.229114
2024-02-24T23:00:00+01:00,0.228497
2024-02-25T00:00:00+01:00,0.220100
2024-02-25T01:00:00+01:00,0.218732
2024-02-25T02:00:00+01:00,0.218732
2024-02-25T03:00:00+01:00,0.218140
2024-02-25T04:00:00+01:00,0.218503
2024-02-25T05:00:00+01:00,0.218285
2024-02-25T06:00:00+01:00,0.222556
2024-02-25T07:00:00+01:00,0.224153
2024-02-25T08:00:00+01:00,0.242400
2024-02-25T09:00:00+01:00,0.238165
2024-02-25T10:00:00+01:00,0.220233
2024-02-25T11:00:00+01:00,0.217764
2024-02-25T12:00:00+01:00,0.212150
2024-02-25T13:00:00+01:00,0.207346
2024-02-25T14:00:00+01:00,0.211956
2024-02-25T15:00:00+01:00,0.218200
2024-02-25T16:00:00+01:00,0.235019
2024-02-25T17:00:00+01:00,0.255335
2024-02-25T18:00:00+01:00,0.265245
2024-02-25T19:00:00+01:00,0.247240
2024-02-25T20:00:00+01:00,0.236302
2024-02-25T21:00:00+01:00,0.231292
2024-02-25T22:00:00+01:00,0.230578
2024-02-25T23:00:00+01:00,0.222290
2024-02-26T00:00:00+01:00,0.221624
2024-02-26T01:00:00+01:00,0.220402
2024-02-26T02:00:00+01:00,0.219011
2024-02-26T03:00:00+01:00,0.214328
2024-02-26T04:00:00+01:00,0.216070
2024-02-26T05:00:00+01:00,0.221733
2024-02-26T06:00:00+01:00,0.234462
2024-02-26T07:00:00+01:00,0.247893
2024-02-26T08:00:00+01:00,0.250386
2024-02-26T09:00:00+01:00,0.240984
2024-02-26T10:00:00+01:00,0.232297
2024-02-26T11:00:00+01:00,0.230336
2024-02-26T12:00:00+01:00,0.222338
2024-02-26T13:00:00+01:00,0.222060
2024-02-26T14:00:00+01:00,0.225811
2024-02-26T15:00:00+01:00,0.230240
2024-02-26T16:00:00+01:00,0.236253
2024-02-26T17:00:00+01:00,0.244820
2024-02-26T18:00:00+01:00,0.254887
2024-02-26T19:00:00+01:00,0.249660
2024-02-26T20:00:00+01:00,0.239024
2024-02-26T21:00:00+01:00,0.231135
2024-02-26T22:00:00+01:00,0.230554
2024-02-26T23:00:00+01:00,0.225170
2024-02-27T00:00:00+01:00,0.221370
2024-02-27T01:00:00+01:00,0.221286
2024-02-27T02:00:00+01:00,0.221044
2024-02-27T03:00:00+01:00,0.220463
2024-02-27T04:00:00+01:00,0.221044
2024-02-27T05:00:00+01:00,0.227578
2024-02-27T06:00:00+01:00,0.240367
2024-02-27T07:00:00+01:00,0.264023
2024-02-27T08:00:00+01:00,0.266866
2024-02-27T09:00:00+01:00,0.249430
2024-02-27T10:00:00+01:00,0.234789
2024-02-27T11:00:00+01:00,0.225460
2024-02-27T12:00:00+01:00,0.218793
2024-02-27T13:00:00+01:00,0.218902
2024-02-27T14:00:00+01:00,0.219410
2024-02-27T15:00:00+01:00,0.224129
2024-02-27T16:00:00+01:00,0.232115
2024-02-27T17:00:00+01:00,0.265330
2024-02-27T18:00:00+01:00,0.284968
2024-02-27T19:00:00+01:00,0.278906
2024-02-27T20:00:00+01:00,0.253726
2024-02-27T21:00:00+01:00,0.239375
2024-02-27T22:00:00+01:00,0.236713
2024-02-27T23:00:00+01:00,0.230264
2024-02-28T00:00:00+01:00,0.224686
2024-02-28T01:00:00+01:00,0.223524
2024-02-28T02:00:00+01:00,0.225871
2024-02-28T03:00:00+01:00,0.228437
2024-02-28T04:00:00+01:00,0.228775
2024-02-28T05:00:00+01:00,0.233277
2024-02-28T06:00:00+01:00,0.241287
2024-02-28T07:00:00+01:00,0.269105
2024-02-28T08:00:00+01:00,0.278083
2024-02-28T09:00:00+01:00,0.255057
2024-02-28T10:00:00+01:00,0.241178
2024-02-28T11:00:00+01:00,0.233386
2024-02-28T12:00:00+01:00,0.228001
2024-02-28T13:00:00+01:00,0.221709
2024-02-28T14:00:00+01:00,0.222435
2024-02-28T15:00:00+01:00,0.224250
2024-02-28T16:00:00+01:00,0.239327
2024-02-28T17:00:00+01:00,0.236350
2024-02-28T18:00:00+01:00,0.260308
2024-02-28T19:00:00+01:00,0.246248
2024-02-28T20:00:00+01:00,0.230966
2024-02-28T21:00:00+01:00,0.227505
2024-02-28T22:00:00+01:00,0.229187
2024-02-28T23:00:00+01:00,0.218442
2024-02-29T00:00:00+01:00,0.217982
2024-02-29T01:00:00+01:00,0.215804
2024-02-29T02:00:00+01:00,0.211799
2024-02-29T03:00:00+01:00,0.208060
2024-02-29T04:00:00+01:00,0.204588
2024-02-29T05:00:00+01:00,0.209730
2024-02-29T06:00:00+01:00,0.225908
2024-02-29T07:00:00+01:00,0.240404
2024-02-29T08:00:00+01:00,0.241009
2024-02-29T09:00:00+01:00,0.236822
2024-02-29T10:00:00+01:00,0.231087
2024-02-29T11:00:00+01:00,0.232067
2024-02-29T12:00:00+01:00,0.224250
2024-02-29T13:00:00+01:00,0.221552
2024-02-29T14:00:00+01:00,0.228703
2024-02-29T15:00:00+01:00,0.230542
2024-02-29T16:00:00+01:00,0.238310
2024-02-29T17:00:00+01:00,0.248450
2024-02-29T18:00:00+01:00,0.256025
2024-02-29T19:00:00+01:00,0.249648
2024-02-29T20:00:00+01:00,0.239702
2024-02-29T21:00:00+01:00,0.233023
2024-02-29T22:00:00+01:00,0.230179
2024-02-29T23:00:00+01:00,0.225339
2024-03-01T00:00:00+01:00,0.226718
2024-03-01T01:00:00+01:00,0.225968
2024-03-01T02:00:00+01:00,0.221999
2024-03-01T03:00:00+01:00,0.221624
2024-03-01T04:00:00+01:00,0.222193
2024-03-01T05:00:00+01:00,0.227263
2024-03-01T06:00:00+01:00,0.238262
2024-03-01T07:00:00+01:00,0.247676
2024-03-01T08:00:00+01:00,0.255734
2024-03-01T09:00:00+01:00,0.246078
2024-03-01T10:00:00+01:00,0.232127
2024-03-01T11:00:00+01:00,0.229731
2024-03-01T12:00:00+01:00,0.209186
2024-03-01T13:00:00+01:00,0.212150
2024-03-01T14:00:00+01:00,0.228122
2024-03-01T15:00:00+01:00,0.237766
2024-03-01T16:00:00+01:00,0.246369
2024-03-01T17:00:00+01:00,0.259824
2024-03-01T18:00:00+01:00,0.265063
2024-03-01T19:00:00+01:00,0.257150
2024-03-01T20:00:00+01:00,0.245413
2024-03-01T21:00:00+01:00,0.238310
2024-03-01T22:00:00+01:00,0.236423
2024-03-01T23:00:00+01:00,0.231982
2024-03-02T00:00:00+01:00,0.224190
2024-03-02T01:00:00+01:00,0.219446
2024-03-02T02:00:00+01:00,0.219434
2024-03-02T03:00:00+01:00,0.218781
2024-03-02T04:00:00+01:00,0.218055
2024-03-02T05:00:00+01:00,0.219398
2024-03-02T06:00:00+01:00,0.220112
2024-03-02T07:00:00+01:00,0.225061
2024-03-02T08:00:00+01:00,0.228800
2024-03-02T09:00:00+01:00,0.231208
2024-03-02T10:00:00+01:00,0.224782
2024-03-02T11:00:00+01:00,0.216748
2024-03-02T12:00:00+01:00,0.215865
2024-03-02T13:00:00+01:00,0.218079
2024-03-02T14:00:00+01:00,0.224081
2024-03-02T15:00:00+01:00,0.231607
2024-03-02T16:00:00+01:00,0.239980
2024-03-02T17:00:00+01:00,0.249866
2024-03-02T18:00:00+01:00,0.264906
2024-03-02T19:00:00+01:00,0.260429
2024-03-02T20:00:00+01:00,0.244796
2024-03-02T21:00:00+01:00,0.236120
2024-03-02T22:00:00+01:00,0.236229
2024-03-02T23:00:00+01:00,0.234172
2024-03-03T00:00:00+01:00,0.224371
2024-03-03T01:00:00+01:00,0.235394
2024-03-03T02:00:00+01:00,0.232756
2024-03-03T03:00:00+01:00,0.221721
2024-03-03T04:00:00+01:00,0.218781
2024-03-03T05:00:00+01:00,0.222895
2024-03-03T06:00:00+01:00,0.230772
2024-03-03T07:00:00+01:00,0.236108
2024-03-03T08:00:00+01:00,0.238177
2024-03-03T09:00:00+01:00,0.239363
2024-03-03T10:00:00+01:00,0.228049
2024-03-03T11:00:00+01:00,0.212150
2024-03-03T12:00:00+01:00,0.209137
2024-03-03T13:00:00+01:00,0.203087
2024-03-03T14:00:00+01:00,0.208326
2024-03-03T15:00:00+01:00,0.221915
2024-03-03T16:00:00+01:00,0.224589
2024-03-03T17:00:00+01:00,0.245691
2024-03-03T18:00:00+01:00,0.258130
2024-03-03T19:00:00+01:00,0.256872
2024-03-03T20:00:00+01:00,0.250628
2024-03-03T21:00:00+01:00,0.242400
2024-03-03T22:00:00+01:00,0.238988
2024-03-03T23:00:00+01:00,0.239278
2024-03-04T00:00:00+01:00,0.235297
2024-03-04T01:00:00+01:00,0.233809
2024-03-04T02:00:00+01:00,0.233216
2024-03-04T03:00:00+01:00,0.231776
2024-03-04T04:00:00+01:00,0.231014
2024-03-04T05:00:00+01:00,0.237354
2024-03-04T06:00:00+01:00,0.249878
2024-03-04T07:00:00+01:00,0.268621
2024-03-04T08:00:00+01:00,0.276244
2024-03-04T09:00:00+01:00,0.254524
2024-03-04T10:00:00+01:00,0.237838
2024-03-04T11:00:00+01:00,0.228122
2024-03-04T12:00:00+01:00,0.228243
2024-03-04T13:00:00+01:00,0.225508
2024-03-04T14:00:00+01:00,0.227275
2024-03-04T15:00:00+01:00,0.236181
2024-03-04T16:00:00+01:00,0.244457
2024-03-04T17:00:00+01:00,0.264749
2024-03-04T18:00:00+01:00,0.278918
2024-03-04T19:00:00+01:00,0.271597
2024-03-04T20:00:00+01:00,0.249079
2024-03-04T21:00:00+01:00,0.238032
2024-03-04T22:00:00+01:00,0.233313
2024-03-04T23:00:00+01:00,0.229005
2024-03-05T00:00:00+01:00,0.226622
2024-03-05T01:00:00+01:00,0.226271
2024-03-05T02:00:00+01:00,0.225859
2024-03-05T03:00:00+01:00,0.224081
2024-03-05T04:00:00+01:00,0.224928
2024-03-05T05:00:00+01:00,0.226271
2024-03-05T06:00:00+01:00,0.238201
2024-03-05T07:00:00+01:00,0.247579
2024-03-05T08:00:00+01:00,0.252104
2024-03-05T09:00:00+01:00,0.244820
2024-03-05T10:00:00+01:00,0.237742
2024-03-05T11:00:00+01:00,0.236011
2024-03-05T12:00:00+01:00,0.231498
2024-03-05T13:00:00+01:00,0.231280
2024-03-05T14:00:00+01:00,0.235866
2024-03-05T15:00:00+01:00,0.237100
2024-03-05T16:00:00+01:00,0.243973
2024-03-05T17:00:00+01:00,0.250701
2024-03-05T18:00:00+01:00,0.277950
2024-03-05T19:00:00+01:00,0.268536
2024-03-05T20:00:00+01:00,0.246538
2024-03-05T21:00:00+01:00,0.240065
2024-03-05T22:00:00+01:00,0.231510
2024-03-05T23:00:00+01:00,0.236350
2024-03-06T00:00:00+01:00,0.237560
2024-03-06T01:00:00+01:00,0.237197
2024-03-06T02:00:00+01:00,0.236907
2024-03-06T03:00:00+01:00,0.236035
2024-03-06T04:00:00+01:00,0.236907
2024-03-06T05:00:00+01:00,0.241081
2024-03-06T06:00:00+01:00,0.253266
2024-03-06T07:00:00+01:00,0.280684
2024-03-06T08:00:00+01:00,0.283177
2024-03-06T09:00:00+01:00,0.257174
2024-03-06T10:00:00+01:00,0.243235
2024-03-06T11:00:00+01:00,0.238564
2024-03-06T12:00:00+01:00,0.235551
2024-03-06T13:00:00+01:00,0.235491
2024-03-06T14:00:00+01:00,0.237124
2024-03-06T15:00:00+01:00,0.239109
2024-03-06T16:00:00+01:00,0.248208
2024-03-06T17:00:00+01:00,0.267943
2024-03-06T18:00:00+01:00,0.295664
2024-03-06T19:00:00+01:00,0.295943
2024-03-06T20:00:00+01:00,0.264664
2024-03-06T21:00:00+01:00,0.248632
2024-03-06T22:00:00+01:00,0.246006
2024-03-06T23:00:00+01:00,0.241601
2024-03-07T00:00:00+01:00,0.240379
2024-03-07T01:00:00+01:00,0.239157
2024-03-07T02:00:00+01:00,0.236761
2024-03-07T03:00:00+01:00,0.234789
2024-03-07T04:00:00+01:00,0.236217
2024-03-07T05:00:00+01:00,0.240137
2024-03-07T06:00:00+01:00,0.253617
2024-03-07T07:00:00+01:00,0.276522
2024-03-07T08:00:00+01:00,0.268657
2024-03-07T09:00:00+01:00,0.247349
2024-03-07T10:00:00+01:00,0.237935
2024-03-07T11:00:00+01:00,0.231704
2024-03-07T12:00:00+01:00,0.225000
2024-03-07T13:00:00+01:00,0.224444
2024-03-07T14:00:00+01:00,0.228243
2024-03-07T15:00:00+01:00,0.231631
2024-03-07T16:00:00+01:00,0.237149
2024-03-07T17:00:00+01:00,0.260683
2024-03-07T18:00:00+01:00,0.281616
2024-03-07T19:00:00+01:00,0.261070
2024-03-07T20:00:00+01:00,0.252552
2024-03-07T21:00:00+01:00,0.240174
2024-03-07T22:00:00+01:00,0.240283
2024-03-07T23:00:00+01:00,0.233458
2024-03-08T00:00:00+01:00,0.234378
2024-03-08T01:00:00+01:00,0.232672
2024-03-08T02:00:00+01:00,0.232732
2024-03-08T03:00:00+01:00,0.231498
2024-03-08T04:00:00+01:00,0.231486
2024-03-08T05:00:00+01:00,0.232635
2024-03-08T06:00:00+01:00,0.250265
2024-03-08T07:00:00+01:00,0.266588
2024-03-08T08:00:00+01:00,0.259207
2024-03-08T09:00:00+01:00,0.241626
2024-03-08T10:00:00+01:00,0.218079
2024-03-08T11:00:00+01:00,0.151650
2024-03-08T12:00:00+01:00,0.127450
2024-03-08T13:00:00+01:00,0.121400
2024-03-08T14:00:00+01:00,0.129906
2024-03-08T15:00:00+01:00,0.187950
2024-03-08T16:00:00+01:00,0.218660
2024-03-08T17:00:00+01:00,0.238697
2024-03-08T18:00:00+01:00,0.252988
2024-03-08T19:00:00+01:00,0.248450
2024-03-08T20:00:00+01:00,0.237778
2024-03-08T21:00:00+01:00,0.230179
2024-03-08T22:00:00+01:00,0.230046
2024-03-08T23:00:00+01:00,0.223790
2024-03-09T00:00:00+01:00,0.219579
2024-03-09T01:00:00+01:00,0.217631
2024-03-09T02:00:00+01:00,0.216143
2024-03-09T03:00:00+01:00,0.214752
2024-03-09T04:00:00+01:00,0.209730
2024-03-09T05:00:00+01:00,0.208774
2024-03-09T06:00:00+01:00,0.212150
2024-03-09T07:00:00+01:00,0.215853
2024-03-09T08:00:00+01:00,0.215853
2024-03-09T09:00:00+01:00,0.209875
2024-03-09T10:00:00+01:00,0.181900
2024-03-09T11:00:00+01:00,0.115955
2024-03-09T12:00:00+01:00,0.115350
2024-03-09T13:00:00+01:00,0.103504
2024-03-09T14:00:00+01:00,0.127970
2024-03-09T15:00:00+01:00,0.185917
2024-03-09T16:00:00+01:00,0.215344
2024-03-09T17:00:00+01:00,0.235806
2024-03-09T18:00:00+01:00,0.246127
2024-03-09T19:00:00+01:00,0.234765
2024-03-09T20:00:00+01:00,0.228872
2024-03-09T21:00:00+01:00,0.224819
2024-03-09T22:00:00+01:00,0.223246
2024-03-09T23:00:00+01:00,0.217438
2024-03-10T00:00:00+01:00,0.210517
2024-03-10T01:00:00+01:00,0.207383
2024-03-10T02:00:00+01:00,0.201236
2024-03-10T03:00:00+01:00,0.194666
2024-03-10T04:00:00+01:00,0.190842
2024-03-10T05:00:00+01:00,0.190709
2024-03-10T06:00:00+01:00,0.192681
2024-03-10T07:00:00+01:00,0.199433
2024-03-10T08:00:00+01:00,0.193782
2024-03-10T09:00:00+01:00,0.184986
2024-03-10T10:00:00+01:00,0.151698
2024-03-10T11:00:00+01:00,0.139514
2024-03-10T12:00:00+01:00,0.118617
2024-03-10T13:00:00+01:00,0.118617
2024-03-10T14:00:00+01:00,0.139538
2024-03-10T15:00:00+01:00,0.166630
2024-03-10T16:00:00+01:00,0.212150
2024-03-10T17:00:00+01:00,0.236253
2024-03-10T18:00:00+01:00,0.253665
2024-03-10T19:00:00+01:00,0.239036
2024-03-10T20:00:00+01:00,0.237415
2024-03-10T21:00:00+01:00,0.239859
2024-03-10T22:00:00+01:00,0.240367
2024-03-10T23:00:00+01:00,0.238770
2024-03-11T00:00:00+01:00,0.230542
2024-03-11T01:00:00+01:00,0.231510
2024-03-11T02:00:00+01:00,0.234971
2024-03-11T03:00:00+01:00,0.230300
2024-03-11T04:00:00+01:00,0.224371
2024-03-11T05:00:00+01:00,0.222133
2024-03-11T06:00:00+01:00,0.244384
2024-03-11T07:00:00+01:00,0.251608
2024-03-11T08:00:00+01:00,0.255178
2024-03-11T09:00:00+01:00,0.256315
2024-03-11T10:00:00+01:00,0.251100
2024-03-11T11:00:00+01:00,0.242291
2024-03-11T12:00:00+01:00,0.241190
2024-03-11T13:00:00+01:00,0.234644
2024-03-11T14:00:00+01:00,0.232720
2024-03-11T15:00:00+01:00,0.240585
2024-03-11T16:00:00+01:00,0.247458
2024-03-11T17:00:00+01:00,0.260441
2024-03-11T18:00:00+01:00,0.272650
2024-03-11T19:00:00+01:00,0.282330
2024-03-11T20:00:00+01:00,0.253048
2024-03-11T21:00:00+01:00,0.244457
2024-03-11T22:00:00+01:00,0.242436
2024-03-11T23:00:00+01:00,0.232817
2024-03-12T00:00:00+01:00,0.235370
2024-03-12T01:00:00+01:00,0.230978
2024-03-12T02:00:00+01:00,0.232127
2024-03-12T03:00:00+01:00,0.230542
2024-03-12T04:00:00+01:00,0.231462
2024-03-12T05:00:00+01:00,0.237439
2024-03-12T06:00:00+01:00,0.242158
2024-03-12T07:00:00+01:00,0.263914
2024-03-12T08:00:00+01:00,0.273376
2024-03-12T09:00:00+01:00,0.265051
2024-03-12T10:00:00+01:00,0.253895
2024-03-12T11:00:00+01:00,0.246115
2024-03-12T12:00:00+01:00,0.242158
2024-03-12T13:00:00+01:00,0.236423
2024-03-12T14:00:00+01:00,0.233930
2024-03-12T15:00:00+01:00,0.230542
2024-03-12T16:00:00+01:00,0.239895
2024-03-12T17:00:00+01:00,0.245873
2024-03-12T18:00:00+01:00,0.253290
2024-03-12T19:00:00+01:00,0.276837
2024-03-12T20:00:00+01:00,0.250350
2024-03-12T21:00:00+01:00,0.241190
2024-03-12T22:00:00+01:00,0.238734
2024-03-12T23:00:00+01:00,0.234571
2024-03-13T00:00:00+01:00,0.226864
2024-03-13T01:00:00+01:00,0.223923
2024-03-13T02:00:00+01:00,0.222496
2024-03-13T03:00:00+01:00,0.221878
2024-03-13T04:00:00+01:00,0.224093
2024-03-13T05:00:00+01:00,0.227033
2024-03-13T06:00:00+01:00,0.242352
2024-03-13T07:00:00+01:00,0.254984
2024-03-13T08:00:00+01:00,0.260308
2024-03-13T09:00:00+01:00,0.244639
2024-03-13T10:00:00+01:00,0.233180
2024-03-13T11:00:00+01:00,0.228122
2024-03-13T12:00:00+01:00,0.226525
2024-03-13T13:00:00+01:00,0.223754
2024-03-13T14:00:00+01:00,0.222822
2024-03-13T15:00:00+01:00,0.228122
2024-03-13T16:00:00+01:00,0.234390
2024-03-13T17:00:00+01:00,0.245304
2024-03-13T18:00:00+01:00,0.248208
2024-03-13T19:00:00+01:00,0.250192
2024-03-13T20:00:00+01:00,0.231994
2024-03-13T21:00:00+01:00,0.232139
2024-03-13T22:00:00+01:00,0.234099
2024-03-13T23:00:00+01:00,0.228945
2024-03-14T00:00:00+01:00,0.228231
2024-03-14T01:00:00+01:00,0.220499
2024-03-14T02:00:00+01:00,0.221249
2024-03-14T03:00:00+01:00,0.220620
2024-03-14T04:00:00+01:00,0.217777
2024-03-14T05:00:00+01:00,0.224274
2024-03-14T06:00:00+01:00,0.238068
2024-03-14T07:00:00+01:00,0.256920
2024-03-14T08:00:00+01:00,0.250858
2024-03-14T09:00:00+01:00,0.231159
2024-03-14T10:00:00+01:00,0.217377
2024-03-14T11:00:00+01:00,0.203196
2024-03-14T12:00:00+01:00,0.177048
2024-03-14T13:00:00+01:00,0.187950
2024-03-14T14:00:00+01:00,0.208024
2024-03-14T15:00:00+01:00,0.217982
2024-03-14T16:00:00+01:00,0.231498
2024-03-14T17:00:00+01:00,0.255274
2024-03-14T18:00:00+01:00,0.275494
2024-03-14T19:00:00+01:00,0.260453
2024-03-14T20:00:00+01:00,0.240730
2024-03-14T21:00:00+01:00,0.227832
2024-03-14T22:00:00+01:00,0.223681
2024-03-14T23:00:00+01:00,0.213251
2024-03-15T00:00:00+01:00,0.209597
2024-03-15T01:00:00+01:00,0.206669
2024-03-15T02:00:00+01:00,0.205459
2024-03-15T03:00:00+01:00,0.202869
2024-03-15T04:00:00+01:00,0.202736
2024-03-15T05:00:00+01:00,0.201889
2024-03-15T06:00:00+01:00,0.222423
2024-03-15T07:00:00+01:00,0.232079
2024-03-15T08:00:00+01:00,0.233228
2024-03-15T09:00:00+01:00,0.216748
2024-03-15T10:00:00+01:00,0.207431
2024-03-15T11:00:00+01:00,0.198719
2024-03-15T12:00:00+01:00,0.196565
2024-03-15T13:00:00+01:00,0.194169
2024-03-15T14:00:00+01:00,0.201768
2024-03-15T15:00:00+01:00,0.206524
2024-03-15T16:00:00+01:00,0.224734
2024-03-15T17:00:00+01:00,0.237161
2024-03-15T18:00:00+01:00,0.240113
2024-03-15T19:00:00+01:00,0.258118
2024-03-15T20:00:00+01:00,0.228860
2024-03-15T21:00:00+01:00,0.218212
2024-03-15T22:00:00+01:00,0.219398
2024-03-15T23:00:00+01:00,0.211364
2024-03-16T00:00:00+01:00,0.204479
2024-03-16T01:00:00+01:00,0.202518
2024-03-16T02:00:00+01:00,0.200909
2024-03-16T03:00:00+01:00,0.198719
2024-03-16T04:00:00+01:00,0.198392
2024-03-16T05:00:00+01:00,0.200050
2024-03-16T06:00:00+01:00,0.209246
2024-03-16T07:00:00+01:00,0.224516
2024-03-16T08:00:00+01:00,0.218563
2024-03-16T09:00:00+01:00,0.208532
2024-03-16T10:00:00+01:00,0.205955
2024-03-16T11:00:00+01:00,0.202022
2024-03-16T12:00:00+01:00,0.196154
2024-03-16T13:00:00+01:00,0.177084
2024-03-16T14:00:00+01:00,0.166485
2024-03-16T15:00:00+01:00,0.189620
2024-03-16T16:00:00+01:00,0.217111
2024-03-16T17:00:00+01:00,0.249539
2024-03-16T18:00:00+01:00,0.269020
2024-03-16T19:00:00+01:00,0.283661
2024-03-16T20:00:00+01:00,0.265390
2024-03-16T21:00:00+01:00,0.242013
2024-03-16T22:00:00+01:00,0.242158
2024-03-16T23:00:00+01:00,0.232841
2024-03-17T00:00:00+01:00,0.230288
2024-03-17T01:00:00+01:00,0.225339
2024-03-17T02:00:00+01:00,0.219204
2024-03-17T03:00:00+01:00,0.221189
2024-03-17T04:00:00+01:00,0.222024
2024-03-17T05:00:00+01:00,0.224129
2024-03-17T06:00:00+01:00,0.224371
2024-03-17T07:00:00+01:00,0.220136
2024-03-17T08:00:00+01:00,0.212150
2024-03-17T09:00:00+01:00,0.209391
2024-03-17T10:00:00+01:00,0.208048
2024-03-17T11:00:00+01:00,0.208314
2024-03-17T12:00:00+01:00,0.202652
2024-03-17T13:00:00+01:00,0.201260
2024-03-17T14:00:00+01:00,0.212017
2024-03-17T15:00:00+01:00,0.222072
2024-03-17T16:00:00+01:00,0.231486
2024-03-17T17:00:00+01:00,0.251838
2024-03-17T18:00:00+01:00,0.257162
2024-03-17T19:00:00+01:00,0.256847
2024-03-17T20:00:00+01:00,0.245897
2024-03-17T21:00:00+01:00,0.239169
2024-03-17T22:00:00+01:00,0.238891
2024-03-17T23:00:00+01:00,0.231401
2024-03-18T00:00:00+01:00,0.229235
2024-03-18T01:00:00+01:00,0.220789
2024-03-18T02:00:00+01:00,0.222205
2024-03-18T03:00:00+01:00,0.221177
2024-03-18T04:00:00+01:00,0.225182
2024-03-18T05:00:00+01:00,0.228703
2024-03-18T06:00:00+01:00,0.247579
2024-03-18T07:00:00+01:00,0.269807
2024-03-18T08:00:00+01:00,0.265935
2024-03-18T09:00:00+01:00,0.251838
2024-03-18T10:00:00+01:00,0.239774
2024-03-18T11:00:00+01:00,0.232284
2024-03-18T12:00:00+01:00,0.232115
2024-03-18T13:00:00+01:00,0.228691
2024-03-18T14:00:00+01:00,0.224492
2024-03-18T15:00:00+01:00,0.230300
2024-03-18T16:00:00+01:00,0.236834
2024-03-18T17:00:00+01:00,0.263369
2024-03-18T18:00:00+01:00,0.307982
2024-03-18T19:00:00+01:00,0.304388
2024-03-18T20:00:00+01:00,0.276328
2024-03-18T21:00:00+01:00,0.248135
2024-03-18T22:00:00+01:00,0.245546
2024-03-18T23:00:00+01:00,0.240609
2024-03-19T00:00:00+01:00,0.238141
2024-03-19T01:00:00+01:00,0.236229
2024-03-19T02:00:00+01:00,0.234838
2024-03-19T03:00:00+01:00,0.233277
2024-03-19T04:00:00+01:00,0.232357
2024-03-19T05:00:00+01:00,0.233386
2024-03-19T06:00:00+01:00,0.254258
2024-03-19T07:00:00+01:00,0.282971
2024-03-19T08:00:00+01:00,0.267653
2024-03-19T09:00:00+01:00,0.238843
2024-03-19T10:00:00+01:00,0.229211
2024-03-19T11:00:00+01:00,0.220439
2024-03-19T12:00:00+01:00,0.215453
2024-03-19T13:00:00+01:00,0.214159
2024-03-19T14:00:00+01:00,0.216433
2024-03-19T15:00:00+01:00,0.227033
2024-03-19T16:00:00+01:00,0.230119
2024-03-19T17:00:00+01:00,0.261397
2024-03-19T18:00:00+01:00,0.283238
2024-03-19T19:00:00+01:00,0.307692
2024-03-19T20:00:00+01:00,0.284750
2024-03-19T21:00:00+01:00,0.259388
2024-03-19T22:00:00+01:00,0.250543
2024-03-19T23:00:00+01:00,0.243731
2024-03-20T00:00:00+01:00,0.243622
2024-03-20T01:00:00+01:00,0.239315
2024-03-20T02:00:00+01:00,0.238710
2024-03-20T03:00:00+01:00,0.236713
2024-03-20T04:00:00+01:00,0.238189
2024-03-20T05:00:00+01:00,0.244941
2024-03-20T06:00:00+01:00,0.281241
2024-03-20T07:00:00+01:00,0.288005
2024-03-20T08:00:00+01:00,0.271839
2024-03-20T09:00:00+01:00,0.238056
2024-03-20T10:00:00+01:00,0.231510
2024-03-20T11:00:00+01:00,0.229223
2024-03-20T12:00:00+01:00,0.229223
2024-03-20T13:00:00+01:00,0.233652
2024-03-20T14:00:00+01:00,0.230300
2024-03-20T15:00:00+01:00,0.238649
2024-03-20T16:00:00+01:00,0.254500
2024-03-20T17:00:00+01:00,0.292010
2024-03-20T18:00:00+01:00,0.349751
2024-03-20T19:00:00+01:00,0.339115
2024-03-20T20:00:00+01:00,0.300032
2024-03-20T21:00:00+01:00,0.278555
2024-03-20T22:00:00+01:00,0.264180
2024-03-20T23:00:00+01:00,0.248426
2024-03-21T00:00:00+01:00,0.241856
2024-03-21T01:00:00+01:00,0.240827
2024-03-21T02:00:00+01:00,0.236350
2024-03-21T03:00:00+01:00,0.232200
2024-03-21T04:00:00+01:00,0.227311
2024-03-21T05:00:00+01:00,0.229913
2024-03-21T06:00:00+01:00,0.249660
2024-03-21T07:00:00+01:00,0.267689
2024-03-21T08:00:00+01:00,0.278216
2024-03-21T09:00:00+01:00,0.249890
2024-03-21T10:00:00+01:00,0.242037
2024-03-21T11:00:00+01:00,0.233966
2024-03-21T12:00:00+01:00,0.231329
2024-03-21T13:00:00+01:00,0.222725
2024-03-21T14:00:00+01:00,0.229574
2024-03-21T15:00:00+01:00,0.223137
2024-03-21T16:00:00+01:00,0.235031
2024-03-21T17:00:00+01:00,0.262934
2024-03-21T18:00:00+01:00,0.298072
2024-03-21T19:00:00+01:00,0.297685
2024-03-21T20:00:00+01:00,0.264277
2024-03-21T21:00:00+01:00,0.243937
2024-03-21T22:00:00+01:00,0.239315
2024-03-21T23:00:00+01:00,0.230191
2024-03-22T00:00:00+01:00,0.215042
2024-03-22T01:00:00+01:00,0.210892
2024-03-22T02:00:00+01:00,0.207673
2024-03-22T03:00:00+01:00,0.207383
2024-03-22T04:00:00+01:00,0.206584
2024-03-22T05:00:00+01:00,0.213663
2024-03-22T06:00:00+01:00,0.228606
2024-03-22T07:00:00+01:00,0.229417
2024-03-22T08:00:00+01:00,0.232297
2024-03-22T09:00:00+01:00,0.221201
2024-03-22T10:00:00+01:00,0.228969
2024-03-22T11:00:00+01:00,0.218200
2024-03-22T12:00:00+01:00,0.214570
2024-03-22T13:00:00+01:00,0.222653
2024-03-22T14:00:00+01:00,0.223246
2024-03-22T15:00:00+01:00,0.231510
2024-03-22T16:00:00+01:00,0.242448
2024-03-22T17:00:00+01:00,0.257380
2024-03-22T18:00:00+01:00,0.287049
2024-03-22T19:00:00+01:00,0.287388
2024-03-22T20:00:00+01:00,0.266370
2024-03-22T21:00:00+01:00,0.241964
2024-03-22T22:00:00+01:00,0.240222
2024-03-22T23:00:00+01:00,0.236156
2024-03-23T00:00:00+01:00,0.237415
2024-03-23T01:00:00+01:00,0.231679
2024-03-23T02:00:00+01:00,0.219967
2024-03-23T03:00:00+01:00,0.212138
2024-03-23T04:00:00+01:00,0.214703
2024-03-23T05:00:00+01:00,0.214497
2024-03-23T06:00:00+01:00,0.209573
2024-03-23T07:00:00+01:00,0.204261
2024-03-23T08:00:00+01:00,0.193504
2024-03-23T09:00:00+01:00,0.165190
2024-03-23T10:00:00+01:00,0.151650
2024-03-23T11:00:00+01:00,0.151529
2024-03-23T12:00:00+01:00,0.145588
2024-03-23T13:00:00+01:00,0.139550
2024-03-23T14:00:00+01:00,0.140228
2024-03-23T15:00:00+01:00,0.148044
2024-03-23T16:00:00+01:00,0.148794
2024-03-23T17:00:00+01:00,0.197243
2024-03-23T18:00:00+01:00,0.226694
2024-03-23T19:00:00+01:00,0.232962
2024-03-23T20:00:00+01:00,0.215707
2024-03-23T21:00:00+01:00,0.207116
2024-03-23T22:00:00+01:00,0.198259
2024-03-23T23:00:00+01:00,0.184925
2024-03-24T00:00:00+01:00,0.184526
2024-03-24T01:00:00+01:00,0.165771
2024-03-24T02:00:00+01:00,0.161693
2024-03-24T03:00:00+01:00,0.167949
2024-03-24T04:00:00+01:00,0.169691
2024-03-24T05:00:00+01:00,0.172438
2024-03-24T06:00:00+01:00,0.165456
2024-03-24T07:00:00+01:00,0.153090
2024-03-24T08:00:00+01:00,0.151650
2024-03-24T09:00:00+01:00,0.151650
2024-03-24T10:00:00+01:00,0.151650
2024-03-24T11:00:00+01:00,0.151650
2024-03-24T12:00:00+01:00,0.151650
2024-03-24T13:00:00+01:00,0.151650
2024-03-24T14:00:00+01:00,0.151650
2024-03-24T15:00:00+01:00,0.151650
2024-03-24T16:00:00+01:00,0.165686
2024-03-24T17:00:00+01:00,0.212150
2024-03-24T18:00:00+01:00,0.238250
2024-03-24T19:00:00+01:00,0.244021
2024-03-24T20:00:00+01:00,0.232853
2024-03-24T21:00:00+01:00,0.230264
2024-03-24T22:00:00+01:00,0.229659
2024-03-24T23:00:00+01:00,0.229090
2024-03-25T00:00:00+01:00,0.227759
2024-03-25T01:00:00+01:00,0.230421
2024-03-25T02:00:00+01:00,0.236350
2024-03-25T03:00:00+01:00,0.240101
2024-03-25T04:00:00+01:00,0.232756
2024-03-25T05:00:00+01:00,0.244989
2024-03-25T06:00:00+01:00,0.257852
2024-03-25T07:00:00+01:00,0.289433
2024-03-25T08:00:00+01:00,0.272263
2024-03-25T09:00:00+01:00,0.241372
2024-03-25T10:00:00+01:00,0.232672
2024-03-25T11:00:00+01:00,0.225400
2024-03-25T12:00:00+01:00,0.223173
2024-03-25T13:00:00+01:00,0.223403
2024-03-25T14:00:00+01:00,0.225508
2024-03-25T15:00:00+01:00,0.234946
2024-03-25T16:00:00+01:00,0.241795
2024-03-25T17:00:00+01:00,0.271077
2024-03-25T18:00:00+01:00,0.339200
2024-03-25T19:00:00+01:00,0.318630
2024-03-25T20:00:00+01:00,0.256799
2024-03-25T21:00:00+01:00,0.236810
2024-03-25T22:00:00+01:00,0.236834
2024-03-25T23:00:00+01:00,0.234862
2024-03-26T00:00:00+01:00,0.239980
2024-03-26T01:00:00+01:00,0.231268
2024-03-26T02:00:00+01:00,0.229453
2024-03-26T03:00:00+01:00,0.231510
2024-03-26T04:00:00+01:00,0.229138
2024-03-26T05:00:00+01:00,0.233047
2024-03-26T06:00:00+01:00,0.242799
2024-03-26T07:00:00+01:00,0.247482
2024-03-26T08:00:00+01:00,0.238891
2024-03-26T09:00:00+01:00,0.226670
2024-03-26T10:00:00+01:00,0.211545
2024-03-26T11:00:00+01:00,0.196456
2024-03-26T12:00:00+01:00,0.167961
2024-03-26T13:00:00+01:00,0.185070
2024-03-26T14:00:00+01:00,0.196541
2024-03-26T15:00:00+01:00,0.214485
2024-03-26T16:00:00+01:00,0.241251
2024-03-26T17:00:00+01:00,0.280757
2024-03-26T18:00:00+01:00,0.292010
2024-03-26T19:00:00+01:00,0.273013
2024-03-26T20:00:00+01:00,0.248450
2024-03-26T21:00:00+01:00,0.251112
2024-03-26T22:00:00+01:00,0.241674
2024-03-26T23:00:00+01:00,0.232623
2024-03-27T00:00:00+01:00,0.222254
2024-03-27T01:00:00+01:00,0.220729
2024-03-27T02:00:00+01:00,0.220959
2024-03-27T03:00:00+01:00,0.218914
2024-03-27T04:00:00+01:00,0.220463
2024-03-27T05:00:00+01:00,0.229719
2024-03-27T06:00:00+01:00,0.246974
2024-03-27T07:00:00+01:00,0.251802
2024-03-27T08:00:00+01:00,0.248244
2024-03-27T09:00:00+01:00,0.234329
2024-03-27T10:00:00+01:00,0.229017
2024-03-27T11:00:00+01:00,0.221999
2024-03-27T12:00:00+01:00,0.221419
2024-03-27T13:00:00+01:00,0.223693
2024-03-27T14:00:00+01:00,0.226005
2024-03-27T15:00:00+01:00,0.241069
2024-03-27T16:00:00+01:00,0.243610
2024-03-27T17:00:00+01:00,0.265922
2024-03-27T18:00:00+01:00,0.297358
2024-03-27T19:00:00+01:00,0.293075
2024-03-27T20:00:00+01:00,0.269298
2024-03-27T21:00:00+01:00,0.247664
2024-03-27T22:00:00+01:00,0.247809
2024-03-27T23:00:00+01:00,0.241190
2024-03-28T00:00:00+01:00,0.241807
2024-03-28T01:00:00+01:00,0.226900
2024-03-28T02:00:00+01:00,0.220947
2024-03-28T03:00:00+01:00,0.219156
2024-03-28T04:00:00+01:00,0.218805
2024-03-28T05:00:00+01:00,0.221249
2024-03-28T06:00:00+01:00,0.235128
2024-03-28T07:00:00+01:00,0.243671
2024-03-28T08:00:00+01:00,0.240016
2024-03-28T09:00:00+01:00,0.221939
2024-03-28T10:00:00+01:00,0.200171
2024-03-28T11:00:00+01:00,0.189596
2024-03-28T12:00:00+01:00,0.159793
2024-03-28T13:00:00+01:00,0.151711
2024-03-28T14:00:00+01:00,0.151650
2024-03-28T15:00:00+01:00,0.162129
2024-03-28T16:00:00+01:00,0.184538
2024-03-28T17:00:00+01:00,0.203789
2024-03-28T18:00:00+01:00,0.228703
2024-03-28T19:00:00+01:00,0.234039
2024-03-28T20:00:00+01:00,0.220390
2024-03-28T21:00:00+01:00,0.205967
2024-03-28T22:00:00+01:00,0.191290
2024-03-28T23:00:00+01:00,0.181900
2024-03-29T00:00:00+01:00,0.176576
2024-03-29T01:00:00+01:00,0.174434
2024-03-29T02:00:00+01:00,0.166690
2024-03-29T03:00:00+01:00,0.164040
2024-03-29T04:00:00+01:00,0.166884
2024-03-29T05:00:00+01:00,0.168977
2024-03-29T06:00:00+01:00,0.178294
2024-03-29T07:00:00+01:00,0.218079
2024-03-29T08:00:00+01:00,0.247603
2024-03-29T09:00:00+01:00,0.228606
2024-03-29T10:00:00+01:00,0.187829
2024-03-29T11:00:00+01:00,0.174410
2024-03-29T12:00:00+01:00,0.167368
2024-03-29T13:00:00+01:00,0.163581
2024-03-29T14:00:00+01:00,0.167912
2024-03-29T15:00:00+01:00,0.177229
2024-03-29T16:00:00+01:00,0.204733
2024-03-29T17:00:00+01:00,0.242932
2024-03-29T18:00:00+01:00,0.274610
2024-03-29T19:00:00+01:00,0.282330
2024-03-29T20:00:00+01:00,0.257404
2024-03-29T21:00:00+01:00,0.248329
2024-03-29T22:00:00+01:00,0.243477
2024-03-29T23:00:00+01:00,0.236350
2024-03-30T00:00:00+01:00,0.235503
2024-03-30T01:00:00+01:00,0.222024
2024-03-30T02:00:00+01:00,0.234063
2024-03-30T03:00:00+01:00,0.231268
2024-03-30T04:00:00+01:00,0.253290
2024-03-30T05:00:00+01:00,0.230361
2024-03-30T06:00:00+01:00,0.236217
2024-03-30T07:00:00+01:00,0.239520
2024-03-30T08:00:00+01:00,0.212150
2024-03-30T09:00:00+01:00,0.217462
2024-03-30T10:00:00+01:00,0.195392
2024-03-30T11:00:00+01:00,0.181900
2024-03-30T12:00:00+01:00,0.182795
2024-03-30T13:00:00+01:00,0.167562
2024-03-30T14:00:00+01:00,0.170853
2024-03-30T15:00:00+01:00,0.196481
2024-03-30T16:00:00+01:00,0.215199
2024-03-30T17:00:00+01:00,0.247482
2024-03-30T18:00:00+01:00,0.274223
2024-03-30T19:00:00+01:00,0.308950
2024-03-30T20:00:00+01:00,0.286686
2024-03-30T21:00:00+01:00,0.249418
2024-03-30T22:00:00+01:00,0.237354
2024-03-30T23:00:00+01:00,0.231195
2024-03-31T00:00:00+01:00,0.250640
2024-03-31T01:00:00+02:00,0.241880
2024-03-31T03:00:00+02:00,0.230276
2024-03-31T04:00:00+02:00,0.231123
2024-03-31T05:00:00+02:00,0.226355
2024-03-31T06:00:00+02:00,0.234838
2024-03-31T07:00:00+02:00,0.241214
2024-03-31T08:00:00+02:00,0.237245
2024-03-31T09:00:00+02:00,0.212622
2024-03-31T10:00:00+02:00,0.200050
2024-03-31T11:00:00+02:00,0.185336
2024-03-31T12:00:00+02:00,0.174253
2024-03-31T13:00:00+02:00,0.155050
2024-03-31T14:00:00+02:00,0.152824
2024-03-31T15:00:00+02:00,0.169594
2024-03-31T16:00:00+02:00,0.201345
2024-03-31T17:00:00+02:00,0.232405
2024-03-31T18:00:00+02:00,0.256678
2024-03-31T19:00:00+02:00,0.294478
2024-03-31T20:00:00+02:00,0.252951
2024-03-31T21:00:00+02:00,0.230542
2024-03-31T22:00:00+02:00,0.224916
2024-03-31T23:00:00+02:00,0.218079
2024-04-01T00:00:00+02:00,0.213396
2024-04-01T01:00:00+02:00,0.210916
2024-04-01T02:00:00+02:00,0.206221
2024-04-01T03:00:00+02:00,0.204333
2024-04-01T04:00:00+02:00,0.207988
2024-04-01T05:00:00+02:00,0.214994
2024-04-01T06:00:00+02:00,0.218515
2024-04-01T07:00:00+02:00,0.223657
2024-04-01T08:00:00+02:00,0.222689
2024-04-01T09:00:00+02:00,0.225327
2024-04-01T10:00:00+02:00,0.215732
2024-04-01T11:00:00+02:00,0.210008
2024-04-01T12:00:00+02:00,0.210638
2024-04-01T13:00:00+02:00,0.151686
2024-04-01T14:00:00+02:00,0.151638
2024-04-01T15:00:00+02:00,0.151638
2024-04-01T16:00:00+02:00,0.151638
2024-04-01T17:00:00+02:00,0.158656
2024-04-01T18:00:00+02:00,0.215780
2024-04-01T19:00:00+02:00,0.260550
2024-04-01T20:00:00+02:00,0.248317
2024-04-01T21:00:00+02:00,0.219362
2024-04-01T22:00:00+02:00,0.201260
2024-04-01T23:00:00+02:00,0.187502
2024-04-02T00:00:00+02:00,0.207467
2024-04-02T01:00:00+02:00,0.195609
2024-04-02T02:00:00+02:00,0.171567
2024-04-02T03:00:00+02:00,0.160773
2024-04-02T04:00:00+02:00,0.153997
2024-04-02T05:00:00+02:00,0.160447
2024-04-02T06:00:00+02:00,0.213747
2024-04-02T07:00:00+02:00,0.237536
2024-04-02T08:00:00+02:00,0.235055
2024-04-02T09:00:00+02:00,0.218406
2024-04-02T10:00:00+02:00,0.188071
2024-04-02T11:00:00+02:00,0.181791
2024-04-02T12:00:00+02:00,0.157700
2024-04-02T13:00:00+02:00,0.154675
2024-04-02T14:00:00+02:00,0.151856
2024-04-02T15:00:00+02:00,0.151650
2024-04-02T16:00:00+02:00,0.156865
2024-04-02T17:00:00+02:00,0.201817
2024-04-02T18:00:00+02:00,0.239617
2024-04-02T19:00:00+02:00,0.277490
2024-04-02T20:00:00+02:00,0.284750
2024-04-02T21:00:00+02:00,0.271440
2024-04-02T22:00:00+02:00,0.243925
2024-04-02T23:00:00+02:00,0.239290
2024-04-03T00:00:00+02:00,0.239665
2024-04-03T01:00:00+02:00,0.231885
2024-04-03T02:00:00+02:00,0.227444
2024-04-03T03:00:00+02:00,0.229889
2024-04-03T04:00:00+02:00,0.230167
2024-04-03T05:00:00+02:00,0.234813
2024-04-03T06:00:00+02:00,0.252007
2024-04-03T07:00:00+02:00,0.280539
2024-04-03T08:00:00+02:00,0.294345
2024-04-03T09:00:00+02:00,0.275602
2024-04-03T10:00:00+02:00,0.281544
2024-04-03T11:00:00+02:00,0.261663
2024-04-03T12:00:00+02:00,0.246901
2024-04-03T13:00:00+02:00,0.231268
2024-04-03T14:00:00+02:00,0.222919
2024-04-03T15:00:00+02:00,0.221939
2024-04-03T16:00:00+02:00,0.225424
2024-04-03T17:00:00+02:00,0.236725
2024-04-03T18:00:00+02:00,0.254500
2024-04-03T19:00:00+02:00,0.262595
2024-04-03T20:00:00+02:00,0.263757
2024-04-03T21:00:00+02:00,0.237209
2024-04-03T22:00:00+02:00,0.230893
2024-04-03T23:00:00+02:00,0.218599
2024-04-04T00:00:00+02:00,0.203232
2024-04-04T01:00:00+02:00,0.200389
2024-04-04T02:00:00+02:00,0.198937
2024-04-04T03:00:00+02:00,0.199651
2024-04-04T04:00:00+02:00,0.200086
2024-04-04T05:00:00+02:00,0.203765
2024-04-04T06:00:00+02:00,0.216373
2024-04-04T07:00:00+02:00,0.230869
2024-04-04T08:00:00+02:00,0.242799
2024-04-04T09:00:00+02:00,0.238516
2024-04-04T10:00:00+02:00,0.235346
2024-04-04T11:00:00+02:00,0.227953
2024-04-04T12:00:00+02:00,0.214292
2024-04-04T13:00:00+02:00,0.207165
2024-04-04T14:00:00+02:00,0.206282
2024-04-04T15:00:00+02:00,0.205096
2024-04-04T16:00:00+02:00,0.205979
2024-04-04T17:00:00+02:00,0.220318
2024-04-04T18:00:00+02:00,0.230421
2024-04-04T19:00:00+02:00,0.277127
2024-04-04T20:00:00+02:00,0.272045
2024-04-04T21:00:00+02:00,0.243247
2024-04-04T22:00:00+02:00,0.232720
2024-04-04T23:00:00+02:00,0.221649
2024-04-05T00:00:00+02:00,0.221975
2024-04-05T01:00:00+02:00,0.217547
2024-04-05T02:00:00+02:00,0.212198
2024-04-05T03:00:00+02:00,0.209706
2024-04-05T04:00:00+02:00,0.208968
2024-04-05T05:00:00+02:00,0.214570
2024-04-05T06:00:00+02:00,0.227311
2024-04-05T07:00:00+02:00,0.244566
2024-04-05T08:00:00+02:00,0.248450
2024-04-05T09:00:00+02:00,0.233434
2024-04-05T10:00:00+02:00,0.212150
2024-04-05T11:00:00+02:00,0.180327
2024-04-05T12:00:00+02:00,0.161911
2024-04-05T13:00:00+02:00,0.151650
2024-04-05T14:00:00+02:00,0.151408
2024-04-05T15:00:00+02:00,0.139465
2024-04-05T16:00:00+02:00,0.133500
2024-04-05T17:00:00+02:00,0.158910
2024-04-05T18:00:00+02:00,0.205689
2024-04-05T19:00:00+02:00,0.222314
2024-04-05T20:00:00+02:00,0.230167
2024-04-05T21:00:00+02:00,0.227807
2024-04-05T22:00:00+02:00,0.223028
2024-04-05T23:00:00+02:00,0.212392
2024-04-06T00:00:00+02:00,0.202845
2024-04-06T01:00:00+02:00,0.204624
2024-04-06T02:00:00+02:00,0.204890
2024-04-06T03:00:00+02:00,0.205943
2024-04-06T04:00:00+02:00,0.209839
2024-04-06T05:00:00+02:00,0.210033
2024-04-06T06:00:00+02:00,0.212162
2024-04-06T07:00:00+02:00,0.213590
2024-04-06T08:00:00+02:00,0.209730
2024-04-06T09:00:00+02:00,0.184514
2024-04-06T10:00:00+02:00,0.133669
2024-04-06T11:00:00+02:00,0.124909
2024-04-06T12:00:00+02:00,0.091150
2024-04-06T13:00:00+02:00,0.005337
2024-04-06T14:00:00+02:00,0.000037
2024-04-06T15:00:00+02:00,0.091150
2024-04-06T16:00:00+02:00,0.127450
2024-04-06T17:00:00+02:00,0.151650
2024-04-06T18:00:00+02:00,0.219313
2024-04-06T19:00:00+02:00,0.235382
2024-04-06T20:00:00+02:00,0.230300
2024-04-06T21:00:00+02:00,0.230179
2024-04-06T22:00:00+02:00,0.208036
2024-04-06T23:00:00+02:00,0.187950
2024-04-07T00:00:00+02:00,0.164040
2024-04-07T01:00:00+02:00,0.151759
2024-04-07T02:00:00+02:00,0.151650
2024-04-07T03:00:00+02:00,0.151650
2024-04-07T04:00:00+02:00,0.151650
2024-04-07T05:00:00+02:00,0.151650
2024-04-07T06:00:00+02:00,0.151650
2024-04-07T07:00:00+02:00,0.151650
2024-04-07T08:00:00+02:00,0.151650
2024-04-07T09:00:00+02:00,0.151638
2024-04-07T10:00:00+02:00,0.139538
2024-04-07T11:00:00+02:00,0.126240
2024-04-07T12:00:00+02:00,0.109409
2024-04-07T13:00:00+02:00,0.091150
2024-04-07T14:00:00+02:00,0.092360
2024-04-07T15:00:00+02:00,0.127450
2024-04-07T16:00:00+02:00,0.151456
2024-04-07T17:00:00+02:00,0.156829
2024-04-07T18:00:00+02:00,0.213747
2024-04-07T19:00:00+02:00,0.253290
2024-04-07T20:00:00+02:00,0.261675
2024-04-07T21:00:00+02:00,0.248571
2024-04-07T22:00:00+02:00,0.242775
2024-04-07T23:00:00+02:00,0.235963
2024-04-08T00:00:00+02:00,0.236471
2024-04-08T01:00:00+02:00,0.229731
2024-04-08T02:00:00+02:00,0.228981
2024-04-08T03:00:00+02:00,0.231583
2024-04-08T04:00:00+02:00,0.232103
2024-04-08T05:00:00+02:00,0.235721
2024-04-08T06:00:00+02:00,0.264410
2024-04-08T07:00:00+02:00,0.332884
2024-04-08T08:00:00+02:00,0.307159
2024-04-08T09:00:00+02:00,0.255117
2024-04-08T10:00:00+02:00,0.236217
2024-04-08T11:00:00+02:00,0.232841
2024-04-08T12:00:00+02:00,0.229937
2024-04-08T13:00:00+02:00,0.224250
2024-04-08T14:00:00+02:00,0.221697
2024-04-08T15:00:00+02:00,0.228364
2024-04-08T16:00:00+02:00,0.236350
2024-04-08T17:00:00+02:00,0.242412
2024-04-08T18:00:00+02:00,0.278579
2024-04-08T19:00:00+02:00,0.317783
2024-04-08T20:00:00+02:00,0.302658
2024-04-08T21:00:00+02:00,0.254319
2024-04-08T22:00:00+02:00,0.244820
2024-04-08T23:00:00+02:00,0.243078
2024-04-09T00:00:00+02:00,0.252455
2024-04-09T01:00:00+02:00,0.235612
2024-04-09T02:00:00+02:00,0.229973
2024-04-09T03:00:00+02:00,0.223064
2024-04-09T04:00:00+02:00,0.225266
2024-04-09T05:00:00+02:00,0.230881
2024-04-09T06:00:00+02:00,0.245062
2024-04-09T07:00:00+02:00,0.260490
2024-04-09T08:00:00+02:00,0.248184
2024-04-09T09:00:00+02:00,0.234293
2024-04-09T10:00:00+02:00,0.212755
2024-04-09T11:00:00+02:00,0.203523
2024-04-09T12:00:00+02:00,0.191314
2024-04-09T13:00:00+02:00,0.160241
2024-04-09T14:00:00+02:00,0.160798
2024-04-09T15:00:00+02:00,0.151650
2024-04-09T16:00:00+02:00,0.167622
2024-04-09T17:00:00+02:00,0.200921
2024-04-09T18:00:00+02:00,0.226186
2024-04-09T19:00:00+02:00,0.240597
2024-04-09T20:00:00+02:00,0.248353
2024-04-09T21:00:00+02:00,0.232284
2024-04-09T22:00:00+02:00,0.223669
2024-04-09T23:00:00+02:00,0.193443
2024-04-10T00:00:00+02:00,0.167259
2024-04-10T01:00:00+02:00,0.157821
2024-04-10T02:00:00+02:00,0.157700
2024-04-10T03:00:00+02:00,0.162528
2024-04-10T04:00:00+02:00,0.181537
2024-04-10T05:00:00+02:00,0.210698
2024-04-10T06:00:00+02:00,0.242098
2024-04-10T07:00:00+02:00,0.272202
2024-04-10T08:00:00+02:00,0.280757
2024-04-10T09:00:00+02:00,0.249007
2024-04-10T10:00:00+02:00,0.233494
2024-04-10T11:00:00+02:00,0.215768
2024-04-10T12:00:00+02:00,0.174894
2024-04-10T13:00:00+02:00,0.162455
2024-04-10T14:00:00+02:00,0.151650
2024-04-10T15:00:00+02:00,0.151529
2024-04-10T16:00:00+02:00,0.178270
2024-04-10T17:00:00+02:00,0.230179
2024-04-10T18:00:00+02:00,0.251657
2024-04-10T19:00:00+02:00,0.327657
2024-04-10T20:00:00+02:00,0.322381
2024-04-10T21:00:00+02:00,0.258469
2024-04-10T22:00:00+02:00,0.239194
2024-04-10T23:00:00+02:00,0.230421
2024-04-11T00:00:00+02:00,0.210444
2024-04-11T01:00:00+02:00,0.183921
2024-04-11T02:00:00+02:00,0.180303
2024-04-11T03:00:00+02:00,0.163738
2024-04-11T04:00:00+02:00,0.161306
2024-04-11T05:00:00+02:00,0.185990
2024-04-11T06:00:00+02:00,0.231643
2024-04-11T07:00:00+02:00,0.234208
2024-04-11T08:00:00+02:00,0.214812
2024-04-11T09:00:00+02:00,0.237560
2024-04-11T10:00:00+02:00,0.238165
2024-04-11T11:00:00+02:00,0.236350
2024-04-11T12:00:00+02:00,0.242279
2024-04-11T13:00:00+02:00,0.241190
2024-04-11T14:00:00+02:00,0.254561
2024-04-11T15:00:00+02:00,0.245546
2024-04-11T16:00:00+02:00,0.235140
2024-04-11T17:00:00+02:00,0.255771
2024-04-11T18:00:00+02:00,0.273497
2024-04-11T19:00:00+02:00,0.314226
2024-04-11T20:00:00+02:00,0.296608
2024-04-11T21:00:00+02:00,0.261821
2024-04-11T22:00:00+02:00,0.247494
2024-04-11T23:00:00+02:00,0.243308
2024-04-12T00:00:00+02:00,0.241795
2024-04-12T01:00:00+02:00,0.236774
2024-04-12T02:00:00+02:00,0.230905
2024-04-12T03:00:00+02:00,0.223064
2024-04-12T04:00:00+02:00,0.223633
2024-04-12T05:00:00+02:00,0.229102
2024-04-12T06:00:00+02:00,0.243562
2024-04-12T07:00:00+02:00,0.261772
2024-04-12T08:00:00+02:00,0.255710
2024-04-12T09:00:00+02:00,0.244094
2024-04-12T10:00:00+02:00,0.202664
2024-04-12T11:00:00+02:00,0.174446
2024-04-12T12:00:00+02:00,0.151650
2024-04-12T13:00:00+02:00,0.151529
2024-04-12T14:00:00+02:00,0.139526
2024-04-12T15:00:00+02:00,0.145564
2024-04-12T16:00:00+02:00,0.151650
2024-04-12T17:00:00+02:00,0.212574
2024-04-12T18:00:00+02:00,0.240125
2024-04-12T19:00:00+02:00,0.278640
2024-04-12T20:00:00+02:00,0.288259
2024-04-12T21:00:00+02:00,0.248861
2024-04-12T22:00:00+02:00,0.239653
2024-04-12T23:00:00+02:00,0.227396
2024-04-13T00:00:00+02:00,0.217668
2024-04-13T01:00:00+02:00,0.205072
2024-04-13T02:00:00+02:00,0.179807
2024-04-13T03:00:00+02:00,0.173563
2024-04-13T04:00:00+02:00,0.173478
2024-04-13T05:00:00+02:00,0.180787
2024-04-13T06:00:00+02:00,0.186438
2024-04-13T07:00:00+02:00,0.192463
2024-04-13T08:00:00+02:00,0.178996
2024-04-13T09:00:00+02:00,0.162298
2024-04-13T10:00:00+02:00,0.151626
2024-04-13T11:00:00+02:00,0.139356
2024-04-13T12:00:00+02:00,0.113341
2024-04-13T13:00:00+02:00,0.091150
2024-04-13T14:00:00+02:00,0.085088
2024-04-13T15:00:00+02:00,0.091259
2024-04-13T16:00:00+02:00,0.128491
2024-04-13T17:00:00+02:00,0.151469
2024-04-13T18:00:00+02:00,0.192028
2024-04-13T19:00:00+02:00,0.212271
2024-04-13T20:00:00+02:00,0.222834
2024-04-13T21:00:00+02:00,0.197073
2024-04-13T22:00:00+02:00,0.176261
2024-04-13T23:00:00+02:00,0.160725
2024-04-14T00:00:00+02:00,0.152182
2024-04-14T01:00:00+02:00,0.152981
2024-04-14T02:00:00+02:00,0.152787
2024-04-14T03:00:00+02:00,0.153175
2024-04-14T04:00:00+02:00,0.154796
2024-04-14T05:00:00+02:00,0.158910
2024-04-14T06:00:00+02:00,0.167211
2024-04-14T07:00:00+02:00,0.167380
2024-04-14T08:00:00+02:00,0.161584
2024-04-14T09:00:00+02:00,0.151650
2024-04-14T10:00:00+02:00,0.148407
2024-04-14T11:00:00+02:00,0.135956
2024-04-14T12:00:00+02:00,0.100552
2024-04-14T13:00:00+02:00,0.078990
2024-04-14T14:00:00+02:00,0.079038
2024-04-14T15:00:00+02:00,0.103190
2024-04-14T16:00:00+02:00,0.144088
2024-04-14T17:00:00+02:00,0.153550
2024-04-14T18:00:00+02:00,0.248087
2024-04-14T19:00:00+02:00,0.275433
2024-04-14T20:00:00+02:00,0.313367
2024-04-14T21:00:00+02:00,0.302271
2024-04-14T22:00:00+02:00,0.269214
2024-04-14T23:00:00+02:00,0.248075
2024-04-15T00:00:00+02:00,0.250822
2024-04-15T01:00:00+02:00,0.242279
2024-04-15T02:00:00+02:00,0.237016
2024-04-15T03:00:00+02:00,0.237003
2024-04-15T04:00:00+02:00,0.234293
2024-04-15T05:00:00+02:00,0.247095
2024-04-15T06:00:00+02:00,0.271138
2024-04-15T07:00:00+02:00,0.330730
2024-04-15T08:00:00+02:00,0.282657
2024-04-15T09:00:00+02:00,0.227396
2024-04-15T10:00:00+02:00,0.209730
2024-04-15T11:00:00+02:00,0.210662
2024-04-15T12:00:00+02:00,0.202676
2024-04-15T13:00:00+02:00,0.190055
2024-04-15T14:00:00+02:00,0.167562
2024-04-15T15:00:00+02:00,0.162722
2024-04-15T16:00:00+02:00,0.160108
2024-04-15T17:00:00+02:00,0.204237
2024-04-15T18:00:00+02:00,0.232115
2024-04-15T19:00:00+02:00,0.243755
2024-04-15T20:00:00+02:00,0.242267
2024-04-15T21:00:00+02:00,0.230953
2024-04-15T22:00:00+02:00,0.215599
2024-04-15T23:00:00+02:00,0.192802
2024-04-16T00:00:00+02:00,0.153380
2024-04-16T01:00:00+02:00,0.151674
2024-04-16T02:00:00+02:00,0.151529
2024-04-16T03:00:00+02:00,0.151650
2024-04-16T04:00:00+02:00,0.168324
2024-04-16T05:00:00+02:00,0.186982
2024-04-16T06:00:00+02:00,0.214074
2024-04-16T07:00:00+02:00,0.235975
2024-04-16T08:00:00+02:00,0.241505
2024-04-16T09:00:00+02:00,0.230070
2024-04-16T10:00:00+02:00,0.213082
2024-04-16T11:00:00+02:00,0.201817
2024-04-16T12:00:00+02:00,0.198525
2024-04-16T13:00:00+02:00,0.192270
2024-04-16T14:00:00+02:00,0.192088
2024-04-16T15:00:00+02:00,0.199990
2024-04-16T16:00:00+02:00,0.214171
2024-04-16T17:00:00+02:00,0.241831
2024-04-16T18:00:00+02:00,0.257283
2024-04-16T19:00:00+02:00,0.270230
2024-04-16T20:00:00+02:00,0.291308
2024-04-16T21:00:00+02:00,0.274719
2024-04-16T22:00:00+02:00,0.260671
2024-04-16T23:00:00+02:00,0.253411
2024-04-17T00:00:00+02:00,0.254198
2024-04-17T01:00:00+02:00,0.253096
2024-04-17T02:00:00+02:00,0.250084
2024-04-17T03:00:00+02:00,0.251354
2024-04-17T04:00:00+02:00,0.250035
2024-04-17T05:00:00+02:00,0.251281
2024-04-17T06:00:00+02:00,0.282935
2024-04-17T07:00:00+02:00,0.338801
2024-04-17T08:00:00+02:00,0.335570
2024-04-17T09:00:00+02:00,0.278240
2024-04-17T10:00:00+02:00,0.253169
2024-04-17T11:00:00+02:00,0.248329
2024-04-17T12:00:00+02:00,0.242606
2024-04-17T13:00:00+02:00,0.243683
2024-04-17T14:00:00+02:00,0.235914
2024-04-17T15:00:00+02:00,0.241009
2024-04-17T16:00:00+02:00,0.248450
2024-04-17T17:00:00+02:00,0.248450
2024-04-17T18:00:00+02:00,0.276534
2024-04-17T19:00:00+02:00,0.327100
2024-04-17T20:00:00+02:00,0.357229
2024-04-17T21:00:00+02:00,0.309023
2024-04-17T22:00:00+02:00,0.271488
2024-04-17T23:00:00+02:00,0.257900
2024-04-18T00:00:00+02:00,0.262764
2024-04-18T01:00:00+02:00,0.257428
2024-04-18T02:00:00+02:00,0.258771
2024-04-18T03:00:00+02:00,0.257840
2024-04-18T04:00:00+02:00,0.260078
2024-04-18T05:00:00+02:00,0.262607
2024-04-18T06:00:00+02:00,0.291042
2024-04-18T07:00:00+02:00,0.339745
2024-04-18T08:00:00+02:00,0.310390
2024-04-18T09:00:00+02:00,0.274005
2024-04-18T10:00:00+02:00,0.260417
2024-04-18T11:00:00+02:00,0.243259
2024-04-18T12:00:00+02:00,0.233446
2024-04-18T13:00:00+02:00,0.234051
2024-04-18T14:00:00+02:00,0.228425
2024-04-18T15:00:00+02:00,0.228509
2024-04-18T16:00:00+02:00,0.230590
2024-04-18T17:00:00+02:00,0.249491
2024-04-18T18:00:00+02:00,0.265426
2024-04-18T19:00:00+02:00,0.303190
2024-04-18T20:00:00+02:00,0.307631
2024-04-18T21:00:00+02:00,0.279813
2024-04-18T22:00:00+02:00,0.260417
2024-04-18T23:00:00+02:00,0.247676
2024-04-19T00:00:00+02:00,0.235455
2024-04-19T01:00:00+02:00,0.219422
2024-04-19T02:00:00+02:00,0.208520
2024-04-19T03:00:00+02:00,0.205967
2024-04-19T04:00:00+02:00,0.204805
2024-04-19T05:00:00+02:00,0.207951
2024-04-19T06:00:00+02:00,0.221951
2024-04-19T07:00:00+02:00,0.236035
2024-04-19T08:00:00+02:00,0.243610
2024-04-19T09:00:00+02:00,0.234293
2024-04-19T10:00:00+02:00,0.224492
2024-04-19T11:00:00+02:00,0.208036
2024-04-19T12:00:00+02:00,0.195936
2024-04-19T13:00:00+02:00,0.163750
2024-04-19T14:00:00+02:00,0.151529
2024-04-19T15:00:00+02:00,0.151529
2024-04-19T16:00:00+02:00,0.155280
2024-04-19T17:00:00+02:00,0.212501
2024-04-19T18:00:00+02:00,0.223887
2024-04-19T19:00:00+02:00,0.226948
2024-04-19T20:00:00+02:00,0.228775
2024-04-19T21:00:00+02:00,0.228279
2024-04-19T22:00:00+02:00,0.227723
2024-04-19T23:00:00+02:00,0.226150
2024-04-20T00:00:00+02:00,0.223149
2024-04-20T01:00:00+02:00,0.220003
2024-04-20T02:00:00+02:00,0.219132
2024-04-20T03:00:00+02:00,0.220184
2024-04-20T04:00:00+02:00,0.223827
2024-04-20T05:00:00+02:00,0.226077
2024-04-20T06:00:00+02:00,0.226295
2024-04-20T07:00:00+02:00,0.231631
2024-04-20T08:00:00+02:00,0.229937
2024-04-20T09:00:00+02:00,0.223113
2024-04-20T10:00:00+02:00,0.207963
2024-04-20T11:00:00+02:00,0.193250
2024-04-20T12:00:00+02:00,0.165807
2024-04-20T13:00:00+02:00,0.146810
2024-04-20T14:00:00+02:00,0.145491
2024-04-20T15:00:00+02:00,0.146798
2024-04-20T16:00:00+02:00,0.181900
2024-04-20T17:00:00+02:00,0.210129
2024-04-20T18:00:00+02:00,0.228775
2024-04-20T19:00:00+02:00,0.247627
2024-04-20T20:00:00+02:00,0.261966
2024-04-20T21:00:00+02:00,0.256726
2024-04-20T22:00:00+02:00,0.253302
2024-04-20T23:00:00+02:00,0.251475
2024-04-21T00:00:00+02:00,0.250689
2024-04-21T01:00:00+02:00,0.236556
2024-04-21T02:00:00+02:00,0.235781
2024-04-21T03:00:00+02:00,0.229574
2024-04-21T04:00:00+02:00,0.228945
2024-04-21T05:00:00+02:00,0.228630
2024-04-21T06:00:00+02:00,0.229610
2024-04-21T07:00:00+02:00,0.224891
2024-04-21T08:00:00+02:00,0.219325
2024-04-21T09:00:00+02:00,0.213505
2024-04-21T10:00:00+02:00,0.184223
2024-04-21T11:00:00+02:00,0.124788
2024-04-21T12:00:00+02:00,0.122562
2024-04-21T13:00:00+02:00,0.143180
2024-04-21T14:00:00+02:00,0.147064
2024-04-21T15:00:00+02:00,0.139514
2024-04-21T16:00:00+02:00,0.157301
2024-04-21T17:00:00+02:00,0.203607
2024-04-21T18:00:00+02:00,0.226646
2024-04-21T19:00:00+02:00,0.257707
2024-04-21T20:00:00+02:00,0.266915
2024-04-21T21:00:00+02:00,0.261845
2024-04-21T22:00:00+02:00,0.259836
2024-04-21T23:00:00+02:00,0.258687
2024-04-22T00:00:00+02:00,0.245038
2024-04-22T01:00:00+02:00,0.246091
2024-04-22T02:00:00+02:00,0.246562
2024-04-22T03:00:00+02:00,0.248353
2024-04-22T04:00:00+02:00,0.248196
2024-04-22T05:00:00+02:00,0.254500
2024-04-22T06:00:00+02:00,0.277417
2024-04-22T07:00:00+02:00,0.308248
2024-04-22T08:00:00+02:00,0.293777
2024-04-22T09:00:00+02:00,0.269081
2024-04-22T10:00:00+02:00,0.247785
2024-04-22T11:00:00+02:00,0.239060
2024-04-22T12:00:00+02:00,0.234305
2024-04-22T13:00:00+02:00,0.237850
2024-04-22T14:00:00+02:00,0.229393
2024-04-22T15:00:00+02:00,0.223585
2024-04-22T16:00:00+02:00,0.238649
2024-04-22T17:00:00+02:00,0.249249
2024-04-22T18:00:00+02:00,0.277599
2024-04-22T19:00:00+02:00,0.316355
2024-04-22T20:00:00+02:00,0.339309
2024-04-22T21:00:00+02:00,0.305514
2024-04-22T22:00:00+02:00,0.279462
2024-04-22T23:00:00+02:00,0.268947
2024-04-23T00:00:00+02:00,0.258517
2024-04-23T01:00:00+02:00,0.256545
2024-04-23T02:00:00+02:00,0.255650
2024-04-23T03:00:00+02:00,0.255008
2024-04-23T04:00:00+02:00,0.256134
2024-04-23T05:00:00+02:00,0.269056
2024-04-23T06:00:00+02:00,0.296172
2024-04-23T07:00:00+02:00,0.364949
2024-04-23T08:00:00+02:00,0.316549
2024-04-23T09:00:00+02:00,0.270690
2024-04-23T10:00:00+02:00,0.251439
2024-04-23T11:00:00+02:00,0.245123
2024-04-23T12:00:00+02:00,0.244578
2024-04-23T13:00:00+02:00,0.246333
2024-04-23T14:00:00+02:00,0.246780
2024-04-23T15:00:00+02:00,0.246429
2024-04-23T16:00:00+02:00,0.249406
2024-04-23T17:00:00+02:00,0.259122
2024-04-23T18:00:00+02:00,0.273570
2024-04-23T19:00:00+02:00,0.294805
2024-04-23T20:00:00+02:00,0.297963
2024-04-23T21:00:00+02:00,0.275070
2024-04-23T22:00:00+02:00,0.253774
2024-04-23T23:00:00+02:00,0.250313
2024-04-24T00:00:00+02:00,0.249116
2024-04-24T01:00:00+02:00,0.243961
2024-04-24T02:00:00+02:00,0.243465
2024-04-24T03:00:00+02:00,0.239544
2024-04-24T04:00:00+02:00,0.239738
2024-04-24T05:00:00+02:00,0.248014
2024-04-24T06:00:00+02:00,0.263890
2024-04-24T07:00:00+02:00,0.267810
2024-04-24T08:00:00+02:00,0.281084
2024-04-24T09:00:00+02:00,0.250507
2024-04-24T10:00:00+02:00,0.242279
2024-04-24T11:00:00+02:00,0.245582
2024-04-24T12:00:00+02:00,0.226549
2024-04-24T13:00:00+02:00,0.208036
2024-04-24T14:00:00+02:00,0.198840
2024-04-24T15:00:00+02:00,0.206560
2024-04-24T16:00:00+02:00,0.221830
2024-04-24T17:00:00+02:00,0.241432
2024-04-24T18:00:00+02:00,0.242400
2024-04-24T19:00:00+02:00,0.266600
2024-04-24T20:00:00+02:00,0.301000
2024-04-24T21:00:00+02:00,0.292022
2024-04-24T22:00:00+02:00,0.277623
2024-04-24T23:00:00+02:00,0.260550
2024-04-25T00:00:00+02:00,0.252685
2024-04-25T01:00:00+02:00,0.248450
2024-04-25T02:00:00+02:00,0.245256
2024-04-25T03:00:00+02:00,0.243029
2024-04-25T04:00:00+02:00,0.241674
2024-04-25T05:00:00+02:00,0.252915
2024-04-25T06:00:00+02:00,0.273340
2024-04-25T07:00:00+02:00,0.304110
2024-04-25T08:00:00+02:00,0.287182
2024-04-25T09:00:00+02:00,0.263091
2024-04-25T10:00:00+02:00,0.248462
2024-04-25T11:00:00+02:00,0.246272
2024-04-25T12:00:00+02:00,0.241093
2024-04-25T13:00:00+02:00,0.233083
2024-04-25T14:00:00+02:00,0.229913
2024-04-25T15:00:00+02:00,0.233494
2024-04-25T16:00:00+02:00,0.238213
2024-04-25T17:00:00+02:00,0.247143
2024-04-25T18:00:00+02:00,0.266225
2024-04-25T19:00:00+02:00,0.298907
2024-04-25T20:00:00+02:00,0.322175
2024-04-25T21:00:00+02:00,0.288900
2024-04-25T22:00:00+02:00,0.262184
2024-04-25T23:00:00+02:00,0.248135
2024-04-26T00:00:00+02:00,0.248293
2024-04-26T01:00:00+02:00,0.241190
2024-04-26T02:00:00+02:00,0.241432
2024-04-26T03:00:00+02:00,0.241275
2024-04-26T04:00:00+02:00,0.244941
2024-04-26T05:00:00+02:00,0.252056
2024-04-26T06:00:00+02:00,0.264797
2024-04-26T07:00:00+02:00,0.277563
2024-04-26T08:00:00+02:00,0.267883
2024-04-26T09:00:00+02:00,0.249757
2024-04-26T10:00:00+02:00,0.248765
2024-04-26T11:00:00+02:00,0.239920
2024-04-26T12:00:00+02:00,0.236774
2024-04-26T13:00:00+02:00,0.234825
2024-04-26T14:00:00+02:00,0.230748
2024-04-26T15:00:00+02:00,0.236253
2024-04-26T16:00:00+02:00,0.238443
2024-04-26T17:00:00+02:00,0.248728
2024-04-26T18:00:00+02:00,0.264628
2024-04-26T19:00:00+02:00,0.307268
2024-04-26T20:00:00+02:00,0.316888
2024-04-26T21:00:00+02:00,0.283068
2024-04-26T22:00:00+02:00,0.262861
2024-04-26T23:00:00+02:00,0.258445
2024-04-27T00:00:00+02:00,0.260901
2024-04-27T01:00:00+02:00,0.258699
2024-04-27T02:00:00+02:00,0.255105
2024-04-27T03:00:00+02:00,0.256751
2024-04-27T04:00:00+02:00,0.253459
2024-04-27T05:00:00+02:00,0.251463
2024-04-27T06:00:00+02:00,0.255807
2024-04-27T07:00:00+02:00,0.247288
2024-04-27T08:00:00+02:00,0.236156
2024-04-27T09:00:00+02:00,0.225775
2024-04-27T10:00:00+02:00,0.195234
2024-04-27T11:00:00+02:00,0.161850
2024-04-27T12:00:00+02:00,0.151686
2024-04-27T13:00:00+02:00,0.151626
2024-04-27T14:00:00+02:00,0.151650
2024-04-27T15:00:00+02:00,0.151650
2024-04-27T16:00:00+02:00,0.178270
2024-04-27T17:00:00+02:00,0.238371
2024-04-27T18:00:00+02:00,0.261312
2024-04-27T19:00:00+02:00,0.296729
2024-04-27T20:00:00+02:00,0.287497
2024-04-27T21:00:00+02:00,0.254500
2024-04-27T22:00:00+02:00,0.243489
2024-04-27T23:00:00+02:00,0.230578
2024-04-28T00:00:00+02:00,0.219882
2024-04-28T01:00:00+02:00,0.207479
2024-04-28T02:00:00+02:00,0.199566
2024-04-28T03:00:00+02:00,0.189826
2024-04-28T04:00:00+02:00,0.185022
2024-04-28T05:00:00+02:00,0.183062
2024-04-28T06:00:00+02:00,0.163653
2024-04-28T07:00:00+02:00,0.151771
2024-04-28T08:00:00+02:00,0.151565
2024-04-28T09:00:00+02:00,0.150416
2024-04-28T10:00:00+02:00,0.131516
2024-04-28T11:00:00+02:00,0.107219
2024-04-28T12:00:00+02:00,0.076388
2024-04-28T13:00:00+02:00,0.074343
2024-04-28T14:00:00+02:00,0.072927
2024-04-28T15:00:00+02:00,0.088210
2024-04-28T16:00:00+02:00,0.123312
2024-04-28T17:00:00+02:00,0.151626
2024-04-28T18:00:00+02:00,0.181634
2024-04-28T19:00:00+02:00,0.234559
2024-04-28T20:00:00+02:00,0.244917
2024-04-28T21:00:00+02:00,0.246708
2024-04-28T22:00:00+02:00,0.239024
2024-04-28T23:00:00+02:00,0.232647
2024-04-29T00:00:00+02:00,0.228062
2024-04-29T01:00:00+02:00,0.224311
2024-04-29T02:00:00+02:00,0.222955
2024-04-29T03:00:00+02:00,0.226767
2024-04-29T04:00:00+02:00,0.242134
2024-04-29T05:00:00+02:00,0.251027
2024-04-29T06:00:00+02:00,0.271525
2024-04-29T07:00:00+02:00,0.289227
2024-04-29T08:00:00+02:00,0.273267
2024-04-29T09:00:00+02:00,0.242424
2024-04-29T10:00:00+02:00,0.222036
2024-04-29T11:00:00+02:00,0.195404
2024-04-29T12:00:00+02:00,0.193879
2024-04-29T13:00:00+02:00,0.185530
2024-04-29T14:00:00+02:00,0.190709
2024-04-29T15:00:00+02:00,0.194666
2024-04-29T16:00:00+02:00,0.209343
2024-04-29T17:00:00+02:00,0.235394
2024-04-29T18:00:00+02:00,0.251475
2024-04-29T19:00:00+02:00,0.333150
2024-04-29T20:00:00+02:00,0.375996
2024-04-29T21:00:00+02:00,0.280890
2024-04-29T22:00:00+02:00,0.256751
2024-04-29T23:00:00+02:00,0.248402
2024-04-30T00:00:00+02:00,0.243489
2024-04-30T01:00:00+02:00,0.238286
2024-04-30T02:00:00+02:00,0.236411
2024-04-30T03:00:00+02:00,0.236169
2024-04-30T04:00:00+02:00,0.235660
2024-04-30T05:00:00+02:00,0.246792
2024-04-30T06:00:00+02:00,0.265257
2024-04-30T07:00:00+02:00,0.274659
2024-04-30T08:00:00+02:00,0.264422
2024-04-30T09:00:00+02:00,0.245679
2024-04-30T10:00:00+02:00,0.226743
2024-04-30T11:00:00+02:00,0.205967
2024-04-30T12:00:00+02:00,0.185542
2024-04-30T13:00:00+02:00,0.168687
2024-04-30T14:00:00+02:00,0.167150
2024-04-30T15:00:00+02:00,0.174809
2024-04-30T16:00:00+02:00,0.205059
2024-04-30T17:00:00+02:00,0.230929
2024-04-30T18:00:00+02:00,0.255952
2024-04-30T19:00:00+02:00,0.292881
2024-04-30T20:00:00+02:00,0.307655
2024-04-30T21:00:00+02:00,0.258312
2024-04-30T22:00:00+02:00,0.248450
2024-04-30T23:00:00+02:00,0.250628
2024-05-01T00:00:00+02:00,0.244542
2024-05-01T01:00:00+02:00,0.248317
2024-05-01T02:00:00+02:00,0.249781
2024-05-01T03:00:00+02:00,0.248571
2024-05-01T04:00:00+02:00,0.233930
2024-05-01T05:00:00+02:00,0.242400
2024-05-01T06:00:00+02:00,0.248571
2024-05-01T07:00:00+02:00,0.272650
2024-05-01T08:00:00+02:00,0.248450
2024-05-01T09:00:00+02:00,0.171857
2024-05-01T10:00:00+02:00,0.150440
2024-05-01T11:00:00+02:00,0.097503
2024-05-01T12:00:00+02:00,0.027431
2024-05-01T13:00:00+02:00,-0.090350
2024-05-01T14:00:00+02:00,-0.090350
2024-05-01T15:00:00+02:00,0.040330
2024-05-01T16:00:00+02:00,0.116802
2024-05-01T17:00:00+02:00,0.154542
2024-05-01T18:00:00+02:00,0.224250
2024-05-01T19:00:00+02:00,0.279910
2024-05-01T20:00:00+02:00,0.309313
2024-05-01T21:00:00+02:00,0.272650
2024-05-01T22:00:00+02:00,0.249781
2024-05-01T23:00:00+02:00,0.243610
2024-05-02T00:00:00+02:00,0.225460
2024-05-02T01:00:00+02:00,0.213481
2024-05-02T02:00:00+02:00,0.200050
2024-05-02T03:00:00+02:00,0.199324
2024-05-02T04:00:00+02:00,0.193153
2024-05-02T05:00:00+02:00,0.197388
2024-05-02T06:00:00+02:00,0.235116
2024-05-02T07:00:00+02:00,0.248450
2024-05-02T08:00:00+02:00,0.253290
2024-05-02T09:00:00+02:00,0.189705
2024-05-02T10:00:00+02:00,0.139550
2024-05-02T11:00:00+02:00,0.127450
2024-05-02T12:00:00+02:00,0.131334
2024-05-02T13:00:00+02:00,0.127377
2024-05-02T14:00:00+02:00,0.151529
2024-05-02T15:00:00+02:00,0.151638
2024-05-02T16:00:00+02:00,0.158293
2024-05-02T17:00:00+02:00,0.236350
2024-05-02T18:00:00+02:00,0.260272
2024-05-02T19:00:00+02:00,0.277974
2024-05-02T20:00:00+02:00,0.296850
2024-05-02T21:00:00+02:00,0.267810
2024-05-02T22:00:00+02:00,0.259340
2024-05-02T23:00:00+02:00,0.258130
2024-05-03T00:00:00+02:00,0.266600
2024-05-03T01:00:00+02:00,0.253217
2024-05-03T02:00:00+02:00,0.248450
2024-05-03T03:00:00+02:00,0.246030
2024-05-03T04:00:00+02:00,0.233930
2024-05-03T05:00:00+02:00,0.232720
2024-05-03T06:00:00+02:00,0.243997
2024-05-03T07:00:00+02:00,0.251342
2024-05-03T08:00:00+02:00,0.263345
2024-05-03T09:00:00+02:00,0.272650
2024-05-03T10:00:00+02:00,0.241130
2024-05-03T11:00:00+02:00,0.235297
2024-05-03T12:00:00+02:00,0.225460
2024-05-03T13:00:00+02:00,0.220184
2024-05-03T14:00:00+02:00,0.220681
2024-05-03T15:00:00+02:00,0.225121
2024-05-03T16:00:00+02:00,0.229102
2024-05-03T17:00:00+02:00,0.236132
2024-05-03T18:00:00+02:00,0.248995
2024-05-03T19:00:00+02:00,0.269020
2024-05-03T20:00:00+02:00,0.284774
2024-05-03T21:00:00+02:00,0.279027
2024-05-03T22:00:00+02:00,0.260683
2024-05-03T23:00:00+02:00,0.251983
2024-05-04T00:00:00+02:00,0.258336
2024-05-04T01:00:00+02:00,0.252177
2024-05-04T02:00:00+02:00,0.249152
2024-05-04T03:00:00+02:00,0.249708
2024-05-04T04:00:00+02:00,0.252443
2024-05-04T05:00:00+02:00,0.261675
2024-05-04T06:00:00+02:00,0.255710
2024-05-04T07:00:00+02:00,0.254101
2024-05-04T08:00:00+02:00,0.243683
2024-05-04T09:00:00+02:00,0.227069
2024-05-04T10:00:00+02:00,0.201466
2024-05-04T11:00:00+02:00,0.189378
2024-05-04T12:00:00+02:00,0.181779
2024-05-04T13:00:00+02:00,0.169207
2024-05-04T14:00:00+02:00,0.167791
2024-05-04T15:00:00+02:00,0.183292
2024-05-04T16:00:00+02:00,0.226307
2024-05-04T17:00:00+02:00,0.252322
2024-05-04T18:00:00+02:00,0.269431
2024-05-04T19:00:00+02:00,0.294624
2024-05-04T20:00:00+02:00,0.311237
2024-05-04T21:00:00+02:00,0.280261
2024-05-04T22:00:00+02:00,0.264495
2024-05-04T23:00:00+02:00,0.257670
2024-05-05T00:00:00+02:00,0.270061
2024-05-05T01:00:00+02:00,0.264749
2024-05-05T02:00:00+02:00,0.261203
2024-05-05T03:00:00+02:00,0.258941
2024-05-05T04:00:00+02:00,0.254621
2024-05-05T05:00:00+02:00,0.255105
2024-05-05T06:00:00+02:00,0.248801
2024-05-05T07:00:00+02:00,0.241311
2024-05-05T08:00:00+02:00,0.212017
2024-05-05T09:00:00+02:00,0.183364
2024-05-05T10:00:00+02:00,0.162359
2024-05-05T11:00:00+02:00,0.152182
2024-05-05T12:00:00+02:00,0.151650
2024-05-05T13:00:00+02:00,0.151602
2024-05-05T14:00:00+02:00,0.150476
2024-05-05T15:00:00+02:00,0.151529
2024-05-05T16:00:00+02:00,0.151650
2024-05-05T17:00:00+02:00,0.190370
2024-05-05T18:00:00+02:00,0.263648
2024-05-05T19:00:00+02:00,0.275385
2024-05-05T20:00:00+02:00,0.298217
2024-05-05T21:00:00+02:00,0.291405
2024-05-05T22:00:00+02:00,0.280515
2024-05-05T23:00:00+02:00,0.264785
2024-05-06T00:00:00+02:00,0.251911
2024-05-06T01:00:00+02:00,0.251717
2024-05-06T02:00:00+02:00,0.253508
2024-05-06T03:00:00+02:00,0.252649
2024-05-06T04:00:00+02:00,0.251390
2024-05-06T05:00:00+02:00,0.257537
2024-05-06T06:00:00+02:00,0.288525
2024-05-06T07:00:00+02:00,0.311479
2024-05-06T08:00:00+02:00,0.274513
2024-05-06T09:00:00+02:00,0.259570
2024-05-06T10:00:00+02:00,0.249660
2024-05-06T11:00:00+02:00,0.238794
2024-05-06T12:00:00+02:00,0.234547
2024-05-06T13:00:00+02:00,0.239726
2024-05-06T14:00:00+02:00,0.244578
2024-05-06T15:00:00+02:00,0.254234
2024-05-06T16:00:00+02:00,0.248849
2024-05-06T17:00:00+02:00,0.270230
2024-05-06T18:00:00+02:00,0.289832
2024-05-06T19:00:00+02:00,0.317626
2024-05-06T20:00:00+02:00,0.318570
2024-05-06T21:00:00+02:00,0.283951
2024-05-06T22:00:00+02:00,0.266092
2024-05-06T23:00:00+02:00,0.253798
2024-05-07T00:00:00+02:00,0.250543
2024-05-07T01:00:00+02:00,0.247688
2024-05-07T02:00:00+02:00,0.245195
2024-05-07T03:00:00+02:00,0.250217
2024-05-07T04:00:00+02:00,0.250543
2024-05-07T05:00:00+02:00,0.248982
2024-05-07T06:00:00+02:00,0.267798
2024-05-07T07:00:00+02:00,0.294684
2024-05-07T08:00:00+02:00,0.287969
2024-05-07T09:00:00+02:00,0.262668
2024-05-07T10:00:00+02:00,0.253290
2024-05-07T11:00:00+02:00,0.242872
2024-05-07T12:00:00+02:00,0.220511
2024-05-07T13:00:00+02:00,0.214268
2024-05-07T14:00:00+02:00,0.209597
2024-05-07T15:00:00+02:00,0.210710
2024-05-07T16:00:00+02:00,0.243126
2024-05-07T17:00:00+02:00,0.253205
2024-05-07T18:00:00+02:00,0.272469
2024-05-07T19:00:00+02:00,0.297588
2024-05-07T20:00:00+02:00,0.318642
2024-05-07T21:00:00+02:00,0.299318
2024-05-07T22:00:00+02:00,0.274707
2024-05-07T23:00:00+02:00,0.252092
2024-05-08T00:00:00+02:00,0.260369
2024-05-08T01:00:00+02:00,0.257416
2024-05-08T02:00:00+02:00,0.257295
2024-05-08T03:00:00+02:00,0.255274
2024-05-08T04:00:00+02:00,0.248656
2024-05-08T05:00:00+02:00,0.248450
2024-05-08T06:00:00+02:00,0.283153
2024-05-08T07:00:00+02:00,0.298423
2024-05-08T08:00:00+02:00,0.294999
2024-05-08T09:00:00+02:00,0.273255
2024-05-08T10:00:00+02:00,0.264216
2024-05-08T11:00:00+02:00,0.257344
2024-05-08T12:00:00+02:00,0.231583
2024-05-08T13:00:00+02:00,0.226585
2024-05-08T14:00:00+02:00,0.226779
2024-05-08T15:00:00+02:00,0.224117
2024-05-08T16:00:00+02:00,0.234257
2024-05-08T17:00:00+02:00,0.248135
2024-05-08T18:00:00+02:00,0.266334
2024-05-08T19:00:00+02:00,0.297479
2024-05-08T20:00:00+02:00,0.319090
2024-05-08T21:00:00+02:00,0.300069
2024-05-08T22:00:00+02:00,0.270714
2024-05-08T23:00:00+02:00,0.263079
2024-05-09T00:00:00+02:00,0.257646
2024-05-09T01:00:00+02:00,0.258203
2024-05-09T02:00:00+02:00,0.254500
2024-05-09T03:00:00+02:00,0.250398
2024-05-09T04:00:00+02:00,0.243017
2024-05-09T05:00:00+02:00,0.244288
2024-05-09T06:00:00+02:00,0.253290
2024-05-09T07:00:00+02:00,0.254016
2024-05-09T08:00:00+02:00,0.226234
2024-05-09T09:00:00+02:00,0.180049
2024-05-09T10:00:00+02:00,0.158075
2024-05-09T11:00:00+02:00,0.151287
2024-05-09T12:00:00+02:00,0.150864
2024-05-09T13:00:00+02:00,0.150271
2024-05-09T14:00:00+02:00,0.149472
2024-05-09T15:00:00+02:00,0.150815
2024-05-09T16:00:00+02:00,0.152751
2024-05-09T17:00:00+02:00,0.222241
2024-05-09T18:00:00+02:00,0.248450
2024-05-09T19:00:00+02:00,0.268923
2024-05-09T20:00:00+02:00,0.297649
2024-05-09T21:00:00+02:00,0.290594
2024-05-09T22:00:00+02:00,0.263466
2024-05-09T23:00:00+02:00,0.260550
2024-05-10T00:00:00+02:00,0.270097
2024-05-10T01:00:00+02:00,0.263079
2024-05-10T02:00:00+02:00,0.255456
2024-05-10T03:00:00+02:00,0.252080
2024-05-10T04:00:00+02:00,0.251064
2024-05-10T05:00:00+02:00,0.259824
2024-05-10T06:00:00+02:00,0.271343
2024-05-10T07:00:00+02:00,0.269601
2024-05-10T08:00:00+02:00,0.267326
2024-05-10T09:00:00+02:00,0.225823
2024-05-10T10:00:00+02:00,0.175995
2024-05-10T11:00:00+02:00,0.155171
2024-05-10T12:00:00+02:00,0.152352
2024-05-10T13:00:00+02:00,0.151771
2024-05-10T14:00:00+02:00,0.151747
2024-05-10T15:00:00+02:00,0.174192
2024-05-10T16:00:00+02:00,0.223899
2024-05-10T17:00:00+02:00,0.246635
2024-05-10T18:00:00+02:00,0.264483
2024-05-10T19:00:00+02:00,0.286117
2024-05-10T20:00:00+02:00,0.345129
2024-05-10T21:00:00+02:00,0.311745
2024-05-10T22:00:00+02:00,0.278543
2024-05-10T23:00:00+02:00,0.260925
2024-05-11T00:00:00+02:00,0.255698
2024-05-11T01:00:00+02:00,0.249466
2024-05-11T02:00:00+02:00,0.247361
2024-05-11T03:00:00+02:00,0.251487
2024-05-11T04:00:00+02:00,0.247288
2024-05-11T05:00:00+02:00,0.247409
2024-05-11T06:00:00+02:00,0.246030
2024-05-11T07:00:00+02:00,0.234015
2024-05-11T08:00:00+02:00,0.209319
2024-05-11T09:00:00+02:00,0.159781
2024-05-11T10:00:00+02:00,0.151650
2024-05-11T11:00:00+02:00,0.137759
2024-05-11T12:00:00+02:00,0.119343
2024-05-11T13:00:00+02:00,0.073000
2024-05-11T14:00:00+02:00,0.091150
2024-05-11T15:00:00+02:00,0.121400
2024-05-11T16:00:00+02:00,0.151142
2024-05-11T17:00:00+02:00,0.187660
2024-05-11T18:00:00+02:00,0.235733
2024-05-11T19:00:00+02:00,0.255734
2024-05-11T20:00:00+02:00,0.282330
2024-05-11T21:00:00+02:00,0.260925
2024-05-11T22:00:00+02:00,0.246369
2024-05-11T23:00:00+02:00,0.229780
2024-05-12T00:00:00+02:00,0.227880
2024-05-12T01:00:00+02:00,0.213796
2024-05-12T02:00:00+02:00,0.203341
2024-05-12T03:00:00+02:00,0.198840
2024-05-12T04:00:00+02:00,0.203801
2024-05-12T05:00:00+02:00,0.198574
2024-05-12T06:00:00+02:00,0.172958
2024-05-12T07:00:00+02:00,0.157446
2024-05-12T08:00:00+02:00,0.154494
2024-05-12T09:00:00+02:00,0.148262
2024-05-12T10:00:00+02:00,0.119839
2024-05-12T11:00:00+02:00,0.043839
2024-05-12T12:00:00+02:00,-0.048121
2024-05-12T13:00:00+02:00,-0.090350
2024-05-12T14:00:00+02:00,-0.074281
2024-05-12T15:00:00+02:00,0.019857
2024-05-12T16:00:00+02:00,0.115229
2024-05-12T17:00:00+02:00,0.150380
2024-05-12T18:00:00+02:00,0.181706
2024-05-12T19:00:00+02:00,0.233349
2024-05-12T20:00:00+02:00,0.252975
2024-05-12T21:00:00+02:00,0.224274
2024-05-12T22:00:00+02:00,0.208230
2024-05-12T23:00:00+02:00,0.196928
2024-05-13T00:00:00+02:00,0.184465
2024-05-13T01:00:00+02:00,0.183207
2024-05-13T02:00:00+02:00,0.182916
2024-05-13T03:00:00+02:00,0.181791
2024-05-13T04:00:00+02:00,0.184598
2024-05-13T05:00:00+02:00,0.202470
2024-05-13T06:00:00+02:00,0.244723
2024-05-13T07:00:00+02:00,0.273800
2024-05-13T08:00:00+02:00,0.253520
2024-05-13T09:00:00+02:00,0.205967
2024-05-13T10:00:00+02:00,0.165081
2024-05-13T11:00:00+02:00,0.151227
2024-05-13T12:00:00+02:00,0.149363
2024-05-13T13:00:00+02:00,0.149775
2024-05-13T14:00:00+02:00,0.149605
2024-05-13T15:00:00+02:00,0.151529
2024-05-13T16:00:00+02:00,0.152969
2024-05-13T17:00:00+02:00,0.232272
2024-05-13T18:00:00+02:00,0.268693
2024-05-13T19:00:00+02:00,0.337724
2024-05-13T20:00:00+02:00,0.332412
2024-05-13T21:00:00+02:00,0.272650
2024-05-13T22:00:00+02:00,0.253786
2024-05-13T23:00:00+02:00,0.224371
2024-05-14T00:00:00+02:00,0.228606
2024-05-14T01:00:00+02:00,0.218563
2024-05-14T02:00:00+02:00,0.206100
2024-05-14T03:00:00+02:00,0.203257
2024-05-14T04:00:00+02:00,0.197146
2024-05-14T05:00:00+02:00,0.208036
2024-05-14T06:00:00+02:00,0.243223
2024-05-14T07:00:00+02:00,0.239218
2024-05-14T08:00:00+02:00,0.207492
2024-05-14T09:00:00+02:00,0.158644
2024-05-14T10:00:00+02:00,0.148661
2024-05-14T11:00:00+02:00,0.127377
2024-05-14T12:00:00+02:00,0.091138
2024-05-14T13:00:00+02:00,0.066950
2024-05-14T14:00:00+02:00,0.082656
2024-05-14T15:00:00+02:00,0.109300
2024-05-14T16:00:00+02:00,0.148625
2024-05-14T17:00:00+02:00,0.152570
2024-05-14T18:00:00+02:00,0.230240
2024-05-14T19:00:00+02:00,0.268355
2024-05-14T20:00:00+02:00,0.287170
2024-05-14T21:00:00+02:00,0.272771
2024-05-14T22:00:00+02:00,0.259618
2024-05-14T23:00:00+02:00,0.272650
2024-05-15T00:00:00+02:00,0.284617
2024-05-15T01:00:00+02:00,0.254863
2024-05-15T02:00:00+02:00,0.250991
2024-05-15T03:00:00+02:00,0.241190
2024-05-15T04:00:00+02:00,0.252080
2024-05-15T05:00:00+02:00,0.249781
2024-05-15T06:00:00+02:00,0.245788
2024-05-15T07:00:00+02:00,0.248486
2024-05-15T08:00:00+02:00,0.243126
2024-05-15T09:00:00+02:00,0.204309
2024-05-15T10:00:00+02:00,0.162056
2024-05-15T11:00:00+02:00,0.158813
2024-05-15T12:00:00+02:00,0.151650
2024-05-15T13:00:00+02:00,0.150065
2024-05-15T14:00:00+02:00,0.150501
2024-05-15T15:00:00+02:00,0.155691
2024-05-15T16:00:00+02:00,0.163750
2024-05-15T17:00:00+02:00,0.274961
2024-05-15T18:00:00+02:00,0.257888
2024-05-15T19:00:00+02:00,0.285960
2024-05-15T20:00:00+02:00,0.291841
2024-05-15T21:00:00+02:00,0.272650
2024-05-15T22:00:00+02:00,0.269383
2024-05-15T23:00:00+02:00,0.264664
2024-05-16T00:00:00+02:00,0.270230
2024-05-16T01:00:00+02:00,0.255226
2024-05-16T02:00:00+02:00,0.237802
2024-05-16T03:00:00+02:00,0.236048
2024-05-16T04:00:00+02:00,0.229090
2024-05-16T05:00:00+02:00,0.242400
2024-05-16T06:00:00+02:00,0.249733
2024-05-16T07:00:00+02:00,0.257174
2024-05-16T08:00:00+02:00,0.287097
2024-05-16T09:00:00+02:00,0.248861
2024-05-16T10:00:00+02:00,0.204793
2024-05-16T11:00:00+02:00,0.171010
2024-05-16T12:00:00+02:00,0.157567
2024-05-16T13:00:00+02:00,0.152182
2024-05-16T14:00:00+02:00,0.153320
2024-05-16T15:00:00+02:00,0.154360
2024-05-16T16:00:00+02:00,0.225460
2024-05-16T17:00:00+02:00,0.272650
2024-05-16T18:00:00+02:00,0.272650
2024-05-16T19:00:00+02:00,0.277490
2024-05-16T20:00:00+02:00,0.295640
2024-05-16T21:00:00+02:00,0.272323
2024-05-16T22:00:00+02:00,0.252080
2024-05-16T23:00:00+02:00,0.241819
2024-05-17T00:00:00+02:00,0.272650
2024-05-17T01:00:00+02:00,0.263623
2024-05-17T02:00:00+02:00,0.260671
2024-05-17T03:00:00+02:00,0.250120
2024-05-17T04:00:00+02:00,0.248450
2024-05-17T05:00:00+02:00,0.260671
2024-05-17T06:00:00+02:00,0.260114
2024-05-17T07:00:00+02:00,0.271755
2024-05-17T08:00:00+02:00,0.269794
2024-05-17T09:00:00+02:00,0.280999
2024-05-17T10:00:00+02:00,0.251112
2024-05-17T11:00:00+02:00,0.220620
2024-05-17T12:00:00+02:00,0.197461
2024-05-17T13:00:00+02:00,0.193226
2024-05-17T14:00:00+02:00,0.204563
2024-05-17T15:00:00+02:00,0.218200
2024-05-17T16:00:00+02:00,0.255105
2024-05-17T17:00:00+02:00,0.256920
2024-05-17T18:00:00+02:00,0.260550
2024-05-17T19:00:00+02:00,0.282330
2024-05-17T20:00:00+02:00,0.287170
2024-05-17T21:00:00+02:00,0.274465
2024-05-17T22:00:00+02:00,0.260550
2024-05-17T23:00:00+02:00,0.252080
2024-05-18T00:00:00+02:00,0.252879
2024-05-18T01:00:00+02:00,0.228570
2024-05-18T02:00:00+02:00,0.235987
2024-05-18T03:00:00+02:00,0.223451
2024-05-18T04:00:00+02:00,0.227275
2024-05-18T05:00:00+02:00,0.229792
2024-05-18T06:00:00+02:00,0.230058
2024-05-18T07:00:00+02:00,0.229465
2024-05-18T08:00:00+02:00,0.222181
2024-05-18T09:00:00+02:00,0.203305
2024-05-18T10:00:00+02:00,0.163060
2024-05-18T11:00:00+02:00,0.152509
2024-05-18T12:00:00+02:00,0.151614
2024-05-18T13:00:00+02:00,0.150089
2024-05-18T14:00:00+02:00,0.148274
2024-05-18T15:00:00+02:00,0.149327
2024-05-18T16:00:00+02:00,0.151614
2024-05-18T17:00:00+02:00,0.203378
2024-05-18T18:00:00+02:00,0.236350
2024-05-18T19:00:00+02:00,0.275469
2024-05-18T20:00:00+02:00,0.301823
2024-05-18T21:00:00+02:00,0.289445
2024-05-18T22:00:00+02:00,0.267084
2024-05-18T23:00:00+02:00,0.256436
2024-05-19T00:00:00+02:00,0.266467
2024-05-19T01:00:00+02:00,0.259739
2024-05-19T02:00:00+02:00,0.260550
2024-05-19T03:00:00+02:00,0.254198
2024-05-19T04:00:00+02:00,0.256860
2024-05-19T05:00:00+02:00,0.249370
2024-05-19T06:00:00+02:00,0.242836
2024-05-19T07:00:00+02:00,0.234378
2024-05-19T08:00:00+02:00,0.212017
2024-05-19T09:00:00+02:00,0.158692
2024-05-19T10:00:00+02:00,0.146435
2024-05-19T11:00:00+02:00,0.091150
2024-05-19T12:00:00+02:00,0.074125
2024-05-19T13:00:00+02:00,0.054850
2024-05-19T14:00:00+02:00,0.066950
2024-05-19T15:00:00+02:00,0.091271
2024-05-19T16:00:00+02:00,0.135194
2024-05-19T17:00:00+02:00,0.151541
2024-05-19T18:00:00+02:00,0.223548
2024-05-19T19:00:00+02:00,0.252564
2024-05-19T20:00:00+02:00,0.280297
2024-05-19T21:00:00+02:00,0.290510
2024-05-19T22:00:00+02:00,0.261784
2024-05-19T23:00:00+02:00,0.252141
2024-05-20T00:00:00+02:00,0.251778
2024-05-20T01:00:00+02:00,0.237621
2024-05-20T02:00:00+02:00,0.246091
2024-05-20T03:00:00+02:00,0.238589
2024-05-20T04:00:00+02:00,0.240585
2024-05-20T05:00:00+02:00,0.250047
2024-05-20T06:00:00+02:00,0.264579
2024-05-20T07:00:00+02:00,0.266249
2024-05-20T08:00:00+02:00,0.232708
2024-05-20T09:00:00+02:00,0.189934
2024-05-20T10:00:00+02:00,0.166848
2024-05-20T11:00:00+02:00,0.159104
2024-05-20T12:00:00+02:00,0.154300
2024-05-20T13:00:00+02:00,0.151807
2024-05-20T14:00:00+02:00,0.151432
2024-05-20T15:00:00+02:00,0.151517
2024-05-20T16:00:00+02:00,0.157543
2024-05-20T17:00:00+02:00,0.218611
2024-05-20T18:00:00+02:00,0.247167
2024-05-20T19:00:00+02:00,0.279862
2024-05-20T20:00:00+02:00,0.303820
2024-05-20T21:00:00+02:00,0.292954
2024-05-20T22:00:00+02:00,0.268572
2024-05-20T23:00:00+02:00,0.248281
2024-05-21T00:00:00+02:00,0.259848
2024-05-21T01:00:00+02:00,0.253072
2024-05-21T02:00:00+02:00,0.245377
2024-05-21T03:00:00+02:00,0.244893
2024-05-21T04:00:00+02:00,0.246030
2024-05-21T05:00:00+02:00,0.256436
2024-05-21T06:00:00+02:00,0.286347
2024-05-21T07:00:00+02:00,0.293329
2024-05-21T08:00:00+02:00,0.268282
2024-05-21T09:00:00+02:00,0.243900
2024-05-21T10:00:00+02:00,0.226186
2024-05-21T11:00:00+02:00,0.211255
2024-05-21T12:00:00+02:00,0.184816
2024-05-21T13:00:00+02:00,0.186934
2024-05-21T14:00:00+02:00,0.191834
2024-05-21T15:00:00+02:00,0.225194
2024-05-21T16:00:00+02:00,0.235285
2024-05-21T17:00:00+02:00,0.248571
2024-05-21T18:00:00+02:00,0.282209
2024-05-21T19:00:00+02:00,0.291998
2024-05-21T20:00:00+02:00,0.281047
2024-05-21T21:00:00+02:00,0.279716
2024-05-21T22:00:00+02:00,0.274344
2024-05-21T23:00:00+02:00,0.282330
2024-05-22T00:00:00+02:00,0.278990
2024-05-22T01:00:00+02:00,0.264446
2024-05-22T02:00:00+02:00,0.242400
2024-05-22T03:00:00+02:00,0.233930
2024-05-22T04:00:00+02:00,0.236604
2024-05-22T05:00:00+02:00,0.236253
2024-05-22T06:00:00+02:00,0.254790
2024-05-22T07:00:00+02:00,0.267750
2024-05-22T08:00:00+02:00,0.260550
2024-05-22T09:00:00+02:00,0.242255
2024-05-22T10:00:00+02:00,0.228304
2024-05-22T11:00:00+02:00,0.225121
2024-05-22T12:00:00+02:00,0.143785
2024-05-22T13:00:00+02:00,0.139538
2024-05-22T14:00:00+02:00,0.145854
2024-05-22T15:00:00+02:00,0.151650
2024-05-22T16:00:00+02:00,0.169001
2024-05-22T17:00:00+02:00,0.239145
2024-05-22T18:00:00+02:00,0.263164
2024-05-22T19:00:00+02:00,0.272529
2024-05-22T20:00:00+02:00,0.316839
2024-05-22T21:00:00+02:00,0.293631
2024-05-22T22:00:00+02:00,0.272275
2024-05-22T23:00:00+02:00,0.257815
2024-05-23T00:00:00+02:00,0.242811
2024-05-23T01:00:00+02:00,0.238855
2024-05-23T02:00:00+02:00,0.232079
2024-05-23T03:00:00+02:00,0.235515
2024-05-23T04:00:00+02:00,0.235031
2024-05-23T05:00:00+02:00,0.242376
2024-05-23T06:00:00+02:00,0.265777
2024-05-23T07:00:00+02:00,0.285972
2024-05-23T08:00:00+02:00,0.267713
2024-05-23T09:00:00+02:00,0.242582
2024-05-23T10:00:00+02:00,0.237596
2024-05-23T11:00:00+02:00,0.225484
2024-05-23T12:00:00+02:00,0.212150
2024-05-23T13:00:00+02:00,0.204769
2024-05-23T14:00:00+02:00,0.216155
2024-05-23T15:00:00+02:00,0.227420
2024-05-23T16:00:00+02:00,0.243138
2024-05-23T17:00:00+02:00,0.258481
2024-05-23T18:00:00+02:00,0.275687
2024-05-23T19:00:00+02:00,0.308950
2024-05-23T20:00:00+02:00,0.351796
2024-05-23T21:00:00+02:00,0.330173
2024-05-23T22:00:00+02:00,0.301133
2024-05-23T23:00:00+02:00,0.276728
2024-05-24T00:00:00+02:00,0.274380
2024-05-24T01:00:00+02:00,0.263853
2024-05-24T02:00:00+02:00,0.259171
2024-05-24T03:00:00+02:00,0.259872
2024-05-24T04:00:00+02:00,0.265765
2024-05-24T05:00:00+02:00,0.273582
2024-05-24T06:00:00+02:00,0.296027
2024-05-24T07:00:00+02:00,0.293740
2024-05-24T08:00:00+02:00,0.285694
2024-05-24T09:00:00+02:00,0.275070
2024-05-24T10:00:00+02:00,0.262099
2024-05-24T11:00:00+02:00,0.253459
2024-05-24T12:00:00+02:00,0.252346
2024-05-24T13:00:00+02:00,0.250132
2024-05-24T14:00:00+02:00,0.249938
2024-05-24T15:00:00+02:00,0.252540
2024-05-24T16:00:00+02:00,0.253290
2024-05-24T17:00:00+02:00,0.267810
2024-05-24T18:00:00+02:00,0.282088
2024-05-24T19:00:00+02:00,0.300940
2024-05-24T20:00:00+02:00,0.297891
2024-05-24T21:00:00+02:00,0.291804
2024-05-24T22:00:00+02:00,0.284351
2024-05-24T23:00:00+02:00,0.272456
2024-05-25T00:00:00+02:00,0.266455
2024-05-25T01:00:00+02:00,0.261603
2024-05-25T02:00:00+02:00,0.260804
2024-05-25T03:00:00+02:00,0.259800
2024-05-25T04:00:00+02:00,0.259691
2024-05-25T05:00:00+02:00,0.260550
2024-05-25T06:00:00+02:00,0.261373
2024-05-25T07:00:00+02:00,0.251705
2024-05-25T08:00:00+02:00,0.251015
2024-05-25T09:00:00+02:00,0.257404
2024-05-25T10:00:00+02:00,0.217268
2024-05-25T11:00:00+02:00,0.162951
2024-05-25T12:00:00+02:00,0.155570
2024-05-25T13:00:00+02:00,0.151698
2024-05-25T14:00:00+02:00,0.151650
2024-05-25T15:00:00+02:00,0.151674
2024-05-25T16:00:00+02:00,0.167223
2024-05-25T17:00:00+02:00,0.230566
2024-05-25T18:00:00+02:00,0.255807
2024-05-25T19:00:00+02:00,0.278700
2024-05-25T20:00:00+02:00,0.302126
2024-05-25T21:00:00+02:00,0.314746
2024-05-25T22:00:00+02:00,0.288767
2024-05-25T23:00:00+02:00,0.276558
2024-05-26T00:00:00+02:00,0.293365
2024-05-26T01:00:00+02:00,0.271682
2024-05-26T02:00:00+02:00,0.265451
2024-05-26T03:00:00+02:00,0.260671
2024-05-26T04:00:00+02:00,0.263152
2024-05-26T05:00:00+02:00,0.260574
2024-05-26T06:00:00+02:00,0.250955
2024-05-26T07:00:00+02:00,0.238649
2024-05-26T08:00:00+02:00,0.167683
2024-05-26T09:00:00+02:00,0.151674
2024-05-26T10:00:00+02:00,0.151650
2024-05-26T11:00:00+02:00,0.151541
2024-05-26T12:00:00+02:00,0.149085
2024-05-26T13:00:00+02:00,0.138751
2024-05-26T14:00:00+02:00,0.122743
2024-05-26T15:00:00+02:00,0.139659
2024-05-26T16:00:00+02:00,0.150924
2024-05-26T17:00:00+02:00,0.218599
2024-05-26T18:00:00+02:00,0.261966
2024-05-26T19:00:00+02:00,0.273751
2024-05-26T20:00:00+02:00,0.288973
2024-05-26T21:00:00+02:00,0.283492
2024-05-26T22:00:00+02:00,0.270726
2024-05-26T23:00:00+02:00,0.257525
2024-05-27T00:00:00+02:00,0.236701
2024-05-27T01:00:00+02:00,0.235092
2024-05-27T02:00:00+02:00,0.233809
2024-05-27T03:00:00+02:00,0.233773
2024-05-27T04:00:00+02:00,0.236713
2024-05-27T05:00:00+02:00,0.243973
2024-05-27T06:00:00+02:00,0.269189
2024-05-27T07:00:00+02:00,0.285428
2024-05-27T08:00:00+02:00,0.278736
2024-05-27T09:00:00+02:00,0.262680
2024-05-27T10:00:00+02:00,0.248450
2024-05-27T11:00:00+02:00,0.245183
2024-05-27T12:00:00+02:00,0.236483
2024-05-27T13:00:00+02:00,0.232418
2024-05-27T14:00:00+02:00,0.230264
2024-05-27T15:00:00+02:00,0.233942
2024-05-27T16:00:00+02:00,0.239363
2024-05-27T17:00:00+02:00,0.261518
2024-05-27T18:00:00+02:00,0.280261
2024-05-27T19:00:00+02:00,0.309482
2024-05-27T20:00:00+02:00,0.338740
2024-05-27T21:00:00+02:00,0.322587
2024-05-27T22:00:00+02:00,0.290364
2024-05-27T23:00:00+02:00,0.269577
2024-05-28T00:00:00+02:00,0.264507
2024-05-28T01:00:00+02:00,0.265390
2024-05-28T02:00:00+02:00,0.257694
2024-05-28T03:00:00+02:00,0.254766
2024-05-28T04:00:00+02:00,0.253242
2024-05-28T05:00:00+02:00,0.258614
2024-05-28T06:00:00+02:00,0.271440
2024-05-28T07:00:00+02:00,0.278990
2024-05-28T08:00:00+02:00,0.263708
2024-05-28T09:00:00+02:00,0.245401
2024-05-28T10:00:00+02:00,0.230905
2024-05-28T11:00:00+02:00,0.222072
2024-05-28T12:00:00+02:00,0.213759
2024-05-28T13:00:00+02:00,0.207842
2024-05-28T14:00:00+02:00,0.207951
2024-05-28T15:00:00+02:00,0.218127
2024-05-28T16:00:00+02:00,0.225327
2024-05-28T17:00:00+02:00,0.240065
2024-05-28T18:00:00+02:00,0.257513
2024-05-28T19:00:00+02:00,0.294007
2024-05-28T20:00:00+02:00,0.308986
2024-05-28T21:00:00+02:00,0.280721
2024-05-28T22:00:00+02:00,0.260260
2024-05-28T23:00:00+02:00,0.247918
2024-05-29T00:00:00+02:00,0.234051
2024-05-29T01:00:00+02:00,0.215901
2024-05-29T02:00:00+02:00,0.211593
2024-05-29T03:00:00+02:00,0.205132
2024-05-29T04:00:00+02:00,0.202639
2024-05-29T05:00:00+02:00,0.202313
2024-05-29T06:00:00+02:00,0.223524
2024-05-29T07:00:00+02:00,0.248511
2024-05-29T08:00:00+02:00,0.255274
2024-05-29T09:00:00+02:00,0.229683
2024-05-29T10:00:00+02:00,0.212029
2024-05-29T11:00:00+02:00,0.201974
2024-05-29T12:00:00+02:00,0.194194
2024-05-29T13:00:00+02:00,0.191701
2024-05-29T14:00:00+02:00,0.190624
2024-05-29T15:00:00+02:00,0.203922
2024-05-29T16:00:00+02:00,0.228449
2024-05-29T17:00:00+02:00,0.250592
2024-05-29T18:00:00+02:00,0.254440
2024-05-29T19:00:00+02:00,0.271440
2024-05-29T20:00:00+02:00,0.305223
2024-05-29T21:00:00+02:00,0.313185
2024-05-29T22:00:00+02:00,0.288743
2024-05-29T23:00:00+02:00,0.274864
2024-05-30T00:00:00+02:00,0.270775
2024-05-30T01:00:00+02:00,0.268173
2024-05-30T02:00:00+02:00,0.253326
2024-05-30T03:00:00+02:00,0.259945
2024-05-30T04:00:00+02:00,0.253242
2024-05-30T05:00:00+02:00,0.258892
2024-05-30T06:00:00+02:00,0.267169
2024-05-30T07:00:00+02:00,0.267858
2024-05-30T08:00:00+02:00,0.257743
2024-05-30T09:00:00+02:00,0.251814
2024-05-30T10:00:00+02:00,0.239133
2024-05-30T11:00:00+02:00,0.232877
2024-05-30T12:00:00+02:00,0.223609
2024-05-30T13:00:00+02:00,0.214812
2024-05-30T14:00:00+02:00,0.215369
2024-05-30T15:00:00+02:00,0.220051
2024-05-30T16:00:00+02:00,0.236302
2024-05-30T17:00:00+02:00,0.242545
2024-05-30T18:00:00+02:00,0.265269
2024-05-30T19:00:00+02:00,0.292555
2024-05-30T20:00:00+02:00,0.313173
2024-05-30T21:00:00+02:00,0.301896
2024-05-30T22:00:00+02:00,0.271803
2024-05-30T23:00:00+02:00,0.260840
2024-05-31T00:00:00+02:00,0.262970
2024-05-31T01:00:00+02:00,0.246962
2024-05-31T02:00:00+02:00,0.232139
2024-05-31T03:00:00+02:00,0.226307
2024-05-31T04:00:00+02:00,0.226682
2024-05-31T05:00:00+02:00,0.242630
2024-05-31T06:00:00+02:00,0.259292
2024-05-31T07:00:00+02:00,0.262377
2024-05-31T08:00:00+02:00,0.261337
2024-05-31T09:00:00+02:00,0.254500
2024-05-31T10:00:00+02:00,0.245062
2024-05-31T11:00:00+02:00,0.237717
2024-05-31T12:00:00+02:00,0.227469
2024-05-31T13:00:00+02:00,0.220245
2024-05-31T14:00:00+02:00,0.212247
2024-05-31T15:00:00+02:00,0.202276
2024-05-31T16:00:00+02:00,0.201841
2024-05-31T17:00:00+02:00,0.230421
2024-05-31T18:00:00+02:00,0.246030
2024-05-31T19:00:00+02:00,0.261566
2024-05-31T20:00:00+02:00,0.264216
2024-05-31T21:00:00+02:00,0.252249
2024-05-31T22:00:00+02:00,0.251378
2024-05-31T23:00:00+02:00,0.237584
2024-06-01T00:00:00+02:00,0.233761
2024-06-01T01:00:00+02:00,0.233652
2024-06-01T02:00:00+02:00,0.236713
2024-06-01T03:00:00+02:00,0.221745
2024-06-01T04:00:00+02:00,0.228207
2024-06-01T05:00:00+02:00,0.231050
2024-06-01T06:00:00+02:00,0.231389
2024-06-01T07:00:00+02:00,0.226234
2024-06-01T08:00:00+02:00,0.224250
2024-06-01T09:00:00+02:00,0.213179
2024-06-01T10:00:00+02:00,0.197594
2024-06-01T11:00:00+02:00,0.192475
2024-06-01T12:00:00+02:00,0.172341
2024-06-01T13:00:00+02:00,0.158862
2024-06-01T14:00:00+02:00,0.151638
2024-06-01T15:00:00+02:00,0.151650
2024-06-01T16:00:00+02:00,0.164137
2024-06-01T17:00:00+02:00,0.202337
2024-06-01T18:00:00+02:00,0.216990
2024-06-01T19:00:00+02:00,0.230034
2024-06-01T20:00:00+02:00,0.232345
2024-06-01T21:00:00+02:00,0.228195
2024-06-01T22:00:00+02:00,0.230675
2024-06-01T23:00:00+02:00,0.218950
2024-06-02T00:00:00+02:00,0.188700
2024-06-02T01:00:00+02:00,0.180593
2024-06-02T02:00:00+02:00,0.166206
2024-06-02T03:00:00+02:00,0.157700
2024-06-02T04:00:00+02:00,0.162443
2024-06-02T05:00:00+02:00,0.157906
2024-06-02T06:00:00+02:00,0.157591
2024-06-02T07:00:00+02:00,0.156623
2024-06-02T08:00:00+02:00,0.152824
2024-06-02T09:00:00+02:00,0.151602
2024-06-02T10:00:00+02:00,0.139514
2024-06-02T11:00:00+02:00,0.127450
2024-06-02T12:00:00+02:00,0.115350
2024-06-02T13:00:00+02:00,0.079050
2024-06-02T14:00:00+02:00,0.060900
2024-06-02T15:00:00+02:00,0.053640
2024-06-02T16:00:00+02:00,0.108453
2024-06-02T17:00:00+02:00,0.150113
2024-06-02T18:00:00+02:00,0.163750
2024-06-02T19:00:00+02:00,0.217910
2024-06-02T20:00:00+02:00,0.241154
2024-06-02T21:00:00+02:00,0.267810
2024-06-02T22:00:00+02:00,0.264906
2024-06-02T23:00:00+02:00,0.254694
2024-06-03T00:00:00+02:00,0.266842
2024-06-03T01:00:00+02:00,0.251536
2024-06-03T02:00:00+02:00,0.260441
2024-06-03T03:00:00+02:00,0.242981
2024-06-03T04:00:00+02:00,0.237584
2024-06-03T05:00:00+02:00,0.250507
2024-06-03T06:00:00+02:00,0.289759
2024-06-03T07:00:00+02:00,0.345468
2024-06-03T08:00:00+02:00,0.324353
2024-06-03T09:00:00+02:00,0.285149
2024-06-03T10:00:00+02:00,0.255093
2024-06-03T11:00:00+02:00,0.246998
2024-06-03T12:00:00+02:00,0.234257
2024-06-03T13:00:00+02:00,0.226307
2024-06-03T14:00:00+02:00,0.218442
2024-06-03T15:00:00+02:00,0.222411
2024-06-03T16:00:00+02:00,0.228751
2024-06-03T17:00:00+02:00,0.259340
2024-06-03T18:00:00+02:00,0.286420
2024-06-03T19:00:00+02:00,0.341523
2024-06-03T20:00:00+02:00,0.378767
2024-06-03T21:00:00+02:00,0.361791
2024-06-03T22:00:00+02:00,0.315617
2024-06-03T23:00:00+02:00,0.279801
2024-06-04T00:00:00+02:00,0.279317
2024-06-04T01:00:00+02:00,0.269964
2024-06-04T02:00:00+02:00,0.262837
2024-06-04T03:00:00+02:00,0.253145
2024-06-04T04:00:00+02:00,0.249394
2024-06-04T05:00:00+02:00,0.265729
2024-06-04T06:00:00+02:00,0.327366
2024-06-04T07:00:00+02:00,0.349945
2024-06-04T08:00:00+02:00,0.317009
2024-06-04T09:00:00+02:00,0.282959
2024-06-04T10:00:00+02:00,0.260296
2024-06-04T11:00:00+02:00,0.239242
2024-06-04T12:00:00+02:00,0.225666
2024-06-04T13:00:00+02:00,0.209161
2024-06-04T14:00:00+02:00,0.194847
2024-06-04T15:00:00+02:00,0.197993
2024-06-04T16:00:00+02:00,0.204164
2024-06-04T17:00:00+02:00,0.220729
2024-06-04T18:00:00+02:00,0.255952
2024-06-04T19:00:00+02:00,0.265390
2024-06-04T20:00:00+02:00,0.278700
2024-06-04T21:00:00+02:00,0.288102
2024-06-04T22:00:00+02:00,0.268560
2024-06-04T23:00:00+02:00,0.236362
2024-06-05T00:00:00+02:00,0.221201
2024-06-05T01:00:00+02:00,0.206112
2024-06-05T02:00:00+02:00,0.206911
2024-06-05T03:00:00+02:00,0.210166
2024-06-05T04:00:00+02:00,0.210529
2024-06-05T05:00:00+02:00,0.233035
2024-06-05T06:00:00+02:00,0.263502
2024-06-05T07:00:00+02:00,0.298326
2024-06-05T08:00:00+02:00,0.271706
2024-06-05T09:00:00+02:00,0.240512
2024-06-05T10:00:00+02:00,0.220184
2024-06-05T11:00:00+02:00,0.207104
2024-06-05T12:00:00+02:00,0.197073
2024-06-05T13:00:00+02:00,0.181005
2024-06-05T14:00:00+02:00,0.176975
2024-06-05T15:00:00+02:00,0.181900
2024-06-05T16:00:00+02:00,0.211618
2024-06-05T17:00:00+02:00,0.233156
2024-06-05T18:00:00+02:00,0.265100
2024-06-05T19:00:00+02:00,0.295011
2024-06-05T20:00:00+02:00,0.321389
2024-06-05T21:00:00+02:00,0.326435
2024-06-05T22:00:00+02:00,0.310813
2024-06-05T23:00:00+02:00,0.277067
2024-06-06T00:00:00+02:00,0.257138
2024-06-06T01:00:00+02:00,0.249176
2024-06-06T02:00:00+02:00,0.244723
2024-06-06T03:00:00+02:00,0.241977
2024-06-06T04:00:00+02:00,0.248244
2024-06-06T05:00:00+02:00,0.259715
2024-06-06T06:00:00+02:00,0.287170
2024-06-06T07:00:00+02:00,0.293583
2024-06-06T08:00:00+02:00,0.268814
2024-06-06T09:00:00+02:00,0.237850
2024-06-06T10:00:00+02:00,0.221588
2024-06-06T11:00:00+02:00,0.188313
2024-06-06T12:00:00+02:00,0.182142
2024-06-06T13:00:00+02:00,0.175451
2024-06-06T14:00:00+02:00,0.176975
2024-06-06T15:00:00+02:00,0.189136
2024-06-06T16:00:00+02:00,0.216688
2024-06-06T17:00:00+02:00,0.241940
2024-06-06T18:00:00+02:00,0.260453
2024-06-06T19:00:00+02:00,0.286565
2024-06-06T20:00:00+02:00,0.331262
2024-06-06T21:00:00+02:00,0.333174
2024-06-06T22:00:00+02:00,0.301412
2024-06-06T23:00:00+02:00,0.272650
2024-06-07T00:00:00+02:00,0.269891
2024-06-07T01:00:00+02:00,0.264313
2024-06-07T02:00:00+02:00,0.261760
2024-06-07T03:00:00+02:00,0.260659
2024-06-07T04:00:00+02:00,0.260683
2024-06-07T05:00:00+02:00,0.255758
2024-06-07T06:00:00+02:00,0.282282
2024-06-07T07:00:00+02:00,0.283976
2024-06-07T08:00:00+02:00,0.270956
2024-06-07T09:00:00+02:00,0.245304
2024-06-07T10:00:00+02:00,0.222508
2024-06-07T11:00:00+02:00,0.201732
2024-06-07T12:00:00+02:00,0.192681
2024-06-07T13:00:00+02:00,0.182336
2024-06-07T14:00:00+02:00,0.172716
2024-06-07T15:00:00+02:00,0.168711
2024-06-07T16:00:00+02:00,0.183110
2024-06-07T17:00:00+02:00,0.224359
2024-06-07T18:00:00+02:00,0.249817
2024-06-07T19:00:00+02:00,0.275070
2024-06-07T20:00:00+02:00,0.296451
2024-06-07T21:00:00+02:00,0.313633
2024-06-07T22:00:00+02:00,0.288005
2024-06-07T23:00:00+02:00,0.260550
2024-06-08T00:00:00+02:00,0.265814
2024-06-08T01:00:00+02:00,0.249842
2024-06-08T02:00:00+02:00,0.241214
2024-06-08T03:00:00+02:00,0.239472
2024-06-08T04:00:00+02:00,0.232805
2024-06-08T05:00:00+02:00,0.235443
2024-06-08T06:00:00+02:00,0.234838
2024-06-08T07:00:00+02:00,0.216421
2024-06-08T08:00:00+02:00,0.198356
2024-06-08T09:00:00+02:00,0.166727
2024-06-08T10:00:00+02:00,0.151650
2024-06-08T11:00:00+02:00,0.148928
2024-06-08T12:00:00+02:00,0.139671
2024-06-08T13:00:00+02:00,0.123820
2024-06-08T14:00:00+02:00,0.116185
2024-06-08T15:00:00+02:00,0.127450
2024-06-08T16:00:00+02:00,0.142623
2024-06-08T17:00:00+02:00,0.154070
2024-06-08T18:00:00+02:00,0.205350
2024-06-08T19:00:00+02:00,0.231958
2024-06-08T20:00:00+02:00,0.264313
2024-06-08T21:00:00+02:00,0.272529
2024-06-08T22:00:00+02:00,0.282620
2024-06-08T23:00:00+02:00,0.252806
2024-06-09T00:00:00+02:00,0.235164
2024-06-09T01:00:00+02:00,0.219362
2024-06-09T02:00:00+02:00,0.197122
2024-06-09T03:00:00+02:00,0.170381
2024-06-09T04:00:00+02:00,0.172982
2024-06-09T05:00:00+02:00,0.166836
2024-06-09T06:00:00+02:00,0.162927
2024-06-09T07:00:00+02:00,0.155280
2024-06-09T08:00:00+02:00,0.151674
2024-06-09T09:00:00+02:00,0.149266
2024-06-09T10:00:00+02:00,0.142599
2024-06-09T11:00:00+02:00,0.132992
2024-06-09T12:00:00+02:00,0.107836
2024-06-09T13:00:00+02:00,0.095796
2024-06-09T14:00:00+02:00,0.096256
2024-06-09T15:00:00+02:00,0.116947
2024-06-09T16:00:00+02:00,0.145140
2024-06-09T17:00:00+02:00,0.152279
2024-06-09T18:00:00+02:00,0.200050
2024-06-09T19:00:00+02:00,0.257271
2024-06-09T20:00:00+02:00,0.275590
2024-06-09T21:00:00+02:00,0.298641
2024-06-09T22:00:00+02:00,0.293256
2024-06-09T23:00:00+02:00,0.268028
2024-06-10T00:00:00+02:00,0.243513
2024-06-10T01:00:00+02:00,0.230433
2024-06-10T02:00:00+02:00,0.231764
2024-06-10T03:00:00+02:00,0.226089
2024-06-10T04:00:00+02:00,0.223730
2024-06-10T05:00:00+02:00,0.242098
2024-06-10T06:00:00+02:00,0.279027
2024-06-10T07:00:00+02:00,0.366256
2024-06-10T08:00:00+02:00,0.343810
2024-06-10T09:00:00+02:00,0.304146
2024-06-10T10:00:00+02:00,0.278700
2024-06-10T11:00:00+02:00,0.274223
2024-06-10T12:00:00+02:00,0.258251
2024-06-10T13:00:00+02:00,0.236350
2024-06-10T14:00:00+02:00,0.224129
2024-06-10T15:00:00+02:00,0.221963
2024-06-10T16:00:00+02:00,0.226428
2024-06-10T17:00:00+02:00,0.238528
2024-06-10T18:00:00+02:00,0.259425
2024-06-10T19:00:00+02:00,0.284617
2024-06-10T20:00:00+02:00,0.289348
2024-06-10T21:00:00+02:00,0.277490
2024-06-10T22:00:00+02:00,0.269214
2024-06-10T23:00:00+02:00,0.244820
2024-06-11T00:00:00+02:00,0.224782
2024-06-11T01:00:00+02:00,0.220765
2024-06-11T02:00:00+02:00,0.225605
2024-06-11T03:00:00+02:00,0.218200
2024-06-11T04:00:00+02:00,0.221915
2024-06-11T05:00:00+02:00,0.223246
2024-06-11T06:00:00+02:00,0.245945
2024-06-11T07:00:00+02:00,0.269831
2024-06-11T08:00:00+02:00,0.257828
2024-06-11T09:00:00+02:00,0.234208
2024-06-11T10:00:00+02:00,0.210589
2024-06-11T11:00:00+02:00,0.192004
2024-06-11T12:00:00+02:00,0.167755
2024-06-11T13:00:00+02:00,0.153876
2024-06-11T14:00:00+02:00,0.152691
2024-06-11T15:00:00+02:00,0.154191
2024-06-11T16:00:00+02:00,0.167549
2024-06-11T17:00:00+02:00,0.215393
2024-06-11T18:00:00+02:00,0.239847
2024-06-11T19:00:00+02:00,0.273921
2024-06-11T20:00:00+02:00,0.303904
2024-06-11T21:00:00+02:00,0.301000
2024-06-11T22:00:00+02:00,0.281181
2024-06-11T23:00:00+02:00,0.260429
2024-06-12T00:00:00+02:00,0.254694
2024-06-12T01:00:00+02:00,0.255746
2024-06-12T02:00:00+02:00,0.255710
2024-06-12T03:00:00+02:00,0.248135
2024-06-12T04:00:00+02:00,0.256073
2024-06-12T05:00:00+02:00,0.265608
2024-06-12T06:00:00+02:00,0.297116
2024-06-12T07:00:00+02:00,0.290679
2024-06-12T08:00:00+02:00,0.277502
2024-06-12T09:00:00+02:00,0.236217
2024-06-12T10:00:00+02:00,0.218708
2024-06-12T11:00:00+02:00,0.212150
2024-06-12T12:00:00+02:00,0.195948
2024-06-12T13:00:00+02:00,0.197424
2024-06-12T14:00:00+02:00,0.197678
2024-06-12T15:00:00+02:00,0.199917
2024-06-12T16:00:00+02:00,0.217014
2024-06-12T17:00:00+02:00,0.238068
2024-06-12T18:00:00+02:00,0.259413
2024-06-12T19:00:00+02:00,0.296681
2024-06-12T20:00:00+02:00,0.330355
2024-06-12T21:00:00+02:00,0.335401
2024-06-12T22:00:00+02:00,0.306893
2024-06-12T23:00:00+02:00,0.281205
2024-06-13T00:00:00+02:00,0.276413
2024-06-13T01:00:00+02:00,0.260102
2024-06-13T02:00:00+02:00,0.252830
2024-06-13T03:00:00+02:00,0.248874
2024-06-13T04:00:00+02:00,0.246853
2024-06-13T05:00:00+02:00,0.263817
2024-06-13T06:00:00+02:00,0.289626
2024-06-13T07:00:00+02:00,0.301993
2024-06-13T08:00:00+02:00,0.277696
2024-06-13T09:00:00+02:00,0.240936
2024-06-13T10:00:00+02:00,0.220560
2024-06-13T11:00:00+02:00,0.213384
2024-06-13T12:00:00+02:00,0.205072
2024-06-13T13:00:00+02:00,0.198755
2024-06-13T14:00:00+02:00,0.195162
2024-06-13T15:00:00+02:00,0.205991
2024-06-13T16:00:00+02:00,0.233083
2024-06-13T17:00:00+02:00,0.237379
2024-06-13T18:00:00+02:00,0.261639
2024-06-13T19:00:00+02:00,0.298847
2024-06-13T20:00:00+02:00,0.352679
2024-06-13T21:00:00+02:00,0.319901
2024-06-13T22:00:00+02:00,0.272166
2024-06-13T23:00:00+02:00,0.248450
2024-06-14T00:00:00+02:00,0.236277
2024-06-14T01:00:00+02:00,0.222967
2024-06-14T02:00:00+02:00,0.216252
2024-06-14T03:00:00+02:00,0.212682
2024-06-14T04:00:00+02:00,0.208871
2024-06-14T05:00:00+02:00,0.215441
2024-06-14T06:00:00+02:00,0.239036
2024-06-14T07:00:00+02:00,0.262970
2024-06-14T08:00:00+02:00,0.269686
2024-06-14T09:00:00+02:00,0.263684
2024-06-14T10:00:00+02:00,0.237657
2024-06-14T11:00:00+02:00,0.223282
2024-06-14T12:00:00+02:00,0.214268
2024-06-14T13:00:00+02:00,0.199905
2024-06-14T14:00:00+02:00,0.192996
2024-06-14T15:00:00+02:00,0.193262
2024-06-14T16:00:00+02:00,0.210686
2024-06-14T17:00:00+02:00,0.242400
2024-06-14T18:00:00+02:00,0.261736
2024-06-14T19:00:00+02:00,0.288465
2024-06-14T20:00:00+02:00,0.305695
2024-06-14T21:00:00+02:00,0.296366
2024-06-14T22:00:00+02:00,0.286444
2024-06-14T23:00:00+02:00,0.282330
2024-06-15T00:00:00+02:00,0.280939
2024-06-15T01:00:00+02:00,0.277490
2024-06-15T02:00:00+02:00,0.265390
2024-06-15T03:00:00+02:00,0.256920
2024-06-15T04:00:00+02:00,0.220136
2024-06-15T05:00:00+02:00,0.175717
2024-06-15T06:00:00+02:00,0.153513
2024-06-15T07:00:00+02:00,0.151759
2024-06-15T08:00:00+02:00,0.151650
2024-06-15T09:00:00+02:00,0.151577
2024-06-15T10:00:00+02:00,0.139453
2024-06-15T11:00:00+02:00,0.116572
2024-06-15T12:00:00+02:00,0.097357
2024-06-15T13:00:00+02:00,0.072468
2024-06-15T14:00:00+02:00,0.054862
2024-06-15T15:00:00+02:00,0.083684
2024-06-15T16:00:00+02:00,0.116354
2024-06-15T17:00:00+02:00,0.146205
2024-06-15T18:00:00+02:00,0.151638
2024-06-15T19:00:00+02:00,0.190479
2024-06-15T20:00:00+02:00,0.236350
2024-06-15T21:00:00+02:00,0.233652
2024-06-15T22:00:00+02:00,0.228183
2024-06-15T23:00:00+02:00,0.200921
2024-06-16T00:00:00+02:00,0.181912
2024-06-16T01:00:00+02:00,0.164053
2024-06-16T02:00:00+02:00,0.157603
2024-06-16T03:00:00+02:00,0.155183
2024-06-16T04:00:00+02:00,0.154300
2024-06-16T05:00:00+02:00,0.154711
2024-06-16T06:00:00+02:00,0.155220
2024-06-16T07:00:00+02:00,0.152219
2024-06-16T08:00:00+02:00,0.151626
2024-06-16T09:00:00+02:00,0.150113
2024-06-16T10:00:00+02:00,0.139550
2024-06-16T11:00:00+02:00,0.135521
2024-06-16T12:00:00+02:00,0.127450
2024-06-16T13:00:00+02:00,0.115350
2024-06-16T14:00:00+02:00,0.108501
2024-06-16T15:00:00+02:00,0.116524
2024-06-16T16:00:00+02:00,0.139526
2024-06-16T17:00:00+02:00,0.149242
2024-06-16T18:00:00+02:00,0.215066
2024-06-16T19:00:00+02:00,0.263285
2024-06-16T20:00:00+02:00,0.286008
2024-06-16T21:00:00+02:00,0.294067
2024-06-16T22:00:00+02:00,0.294757
2024-06-16T23:00:00+02:00,0.262486
2024-06-17T00:00:00+02:00,0.236544
2024-06-17T01:00:00+02:00,0.225194
2024-06-17T02:00:00+02:00,0.228727
2024-06-17T03:00:00+02:00,0.236350
2024-06-17T04:00:00+02:00,0.235636
2024-06-17T05:00:00+02:00,0.254379
2024-06-17T06:00:00+02:00,0.283177
2024-06-17T07:00:00+02:00,0.304110
2024-06-17T08:00:00+02:00,0.294249
2024-06-17T09:00:00+02:00,0.254173
2024-06-17T10:00:00+02:00,0.228461
2024-06-17T11:00:00+02:00,0.208399
2024-06-17T12:00:00+02:00,0.195863
2024-06-17T13:00:00+02:00,0.193504
2024-06-17T14:00:00+02:00,0.199385
2024-06-17T15:00:00+02:00,0.207492
2024-06-17T16:00:00+02:00,0.217075
2024-06-17T17:00:00+02:00,0.245473
2024-06-17T18:00:00+02:00,0.274296
2024-06-17T19:00:00+02:00,0.319840
2024-06-17T20:00:00+02:00,0.371313
2024-06-17T21:00:00+02:00,0.389935
2024-06-17T22:00:00+02:00,0.304848
2024-06-17T23:00:00+02:00,0.276752
2024-06-18T00:00:00+02:00,0.258215
2024-06-18T01:00:00+02:00,0.254379
2024-06-18T02:00:00+02:00,0.257247
2024-06-18T03:00:00+02:00,0.254016
2024-06-18T04:00:00+02:00,0.256436
2024-06-18T05:00:00+02:00,0.266479
2024-06-18T06:00:00+02:00,0.293752
2024-06-18T07:00:00+02:00,0.291877
2024-06-18T08:00:00+02:00,0.260550
2024-06-18T09:00:00+02:00,0.256981
2024-06-18T10:00:00+02:00,0.249672
2024-06-18T11:00:00+02:00,0.234341
2024-06-18T12:00:00+02:00,0.232611
2024-06-18T13:00:00+02:00,0.244941
2024-06-18T14:00:00+02:00,0.254561
2024-06-18T15:00:00+02:00,0.260550
2024-06-18T16:00:00+02:00,0.261760
2024-06-18T17:00:00+02:00,0.266177
2024-06-18T18:00:00+02:00,0.291006
2024-06-18T19:00:00+02:00,0.322986
2024-06-18T20:00:00+02:00,0.334118
2024-06-18T21:00:00+02:00,0.288489
2024-06-18T22:00:00+02:00,0.266830
2024-06-18T23:00:00+02:00,0.256134
2024-06-19T00:00:00+02:00,0.272711
2024-06-19T01:00:00+02:00,0.259630
2024-06-19T02:00:00+02:00,0.248087
2024-06-19T03:00:00+02:00,0.244893
2024-06-19T04:00:00+02:00,0.249866
2024-06-19T05:00:00+02:00,0.245207
2024-06-19T06:00:00+02:00,0.274949
2024-06-19T07:00:00+02:00,0.287339
2024-06-19T08:00:00+02:00,0.277768
2024-06-19T09:00:00+02:00,0.250543
2024-06-19T10:00:00+02:00,0.239363
2024-06-19T11:00:00+02:00,0.224565
2024-06-19T12:00:00+02:00,0.206100
2024-06-19T13:00:00+02:00,0.192258
2024-06-19T14:00:00+02:00,0.178113
2024-06-19T15:00:00+02:00,0.167912
2024-06-19T16:00:00+02:00,0.187986
2024-06-19T17:00:00+02:00,0.229284
2024-06-19T18:00:00+02:00,0.248184
2024-06-19T19:00:00+02:00,0.272517
2024-06-19T20:00:00+02:00,0.300105
2024-06-19T21:00:00+02:00,0.294067
2024-06-19T22:00:00+02:00,0.283782
2024-06-19T23:00:00+02:00,0.264555
2024-06-20T00:00:00+02:00,0.255819
2024-06-20T01:00:00+02:00,0.250338
2024-06-20T02:00:00+02:00,0.247192
2024-06-20T03:00:00+02:00,0.247301
2024-06-20T04:00:00+02:00,0.252806
2024-06-20T05:00:00+02:00,0.257791
2024-06-20T06:00:00+02:00,0.286396
2024-06-20T07:00:00+02:00,0.287932
2024-06-20T08:00:00+02:00,0.276268
2024-06-20T09:00:00+02:00,0.249769
2024-06-20T10:00:00+02:00,0.236350
2024-06-20T11:00:00+02:00,0.224347
2024-06-20T12:00:00+02:00,0.220463
2024-06-20T13:00:00+02:00,0.218454
2024-06-20T14:00:00+02:00,0.222544
2024-06-20T15:00:00+02:00,0.233591
2024-06-20T16:00:00+02:00,0.244082
2024-06-20T17:00:00+02:00,0.259388
2024-06-20T18:00:00+02:00,0.281701
2024-06-20T19:00:00+02:00,0.319090
2024-06-20T20:00:00+02:00,0.357931
2024-06-20T21:00:00+02:00,0.308865
2024-06-20T22:00:00+02:00,0.287412
2024-06-20T23:00:00+02:00,0.266987
2024-06-21T00:00:00+02:00,0.273787
2024-06-21T01:00:00+02:00,0.261615
2024-06-21T02:00:00+02:00,0.260490
2024-06-21T03:00:00+02:00,0.257477
2024-06-21T04:00:00+02:00,0.253895
2024-06-21T05:00:00+02:00,0.254960
2024-06-21T06:00:00+02:00,0.267810
2024-06-21T07:00:00+02:00,0.297939
2024-06-21T08:00:00+02:00,0.297879
2024-06-21T09:00:00+02:00,0.286771
2024-06-21T10:00:00+02:00,0.273437
2024-06-21T11:00:00+02:00,0.260477
2024-06-21T12:00:00+02:00,0.258783
2024-06-21T13:00:00+02:00,0.250749
2024-06-21T14:00:00+02:00,0.240912
2024-06-21T15:00:00+02:00,0.241577
2024-06-21T16:00:00+02:00,0.246938
2024-06-21T17:00:00+02:00,0.262631
2024-06-21T18:00:00+02:00,0.272335
2024-06-21T19:00:00+02:00,0.284218
2024-06-21T20:00:00+02:00,0.287170
2024-06-21T21:00:00+02:00,0.279341
2024-06-21T22:00:00+02:00,0.268173
2024-06-21T23:00:00+02:00,0.251705
2024-06-22T00:00:00+02:00,0.249394
2024-06-22T01:00:00+02:00,0.237403
2024-06-22T02:00:00+02:00,0.226428
2024-06-22T03:00:00+02:00,0.212755
2024-06-22T04:00:00+02:00,0.211690
2024-06-22T05:00:00+02:00,0.207879
2024-06-22T06:00:00+02:00,0.222012
2024-06-22T07:00:00+02:00,0.210589
2024-06-22T08:00:00+02:00,0.204636
2024-06-22T09:00:00+02:00,0.193577
2024-06-22T10:00:00+02:00,0.166823
2024-06-22T11:00:00+02:00,0.155994
2024-06-22T12:00:00+02:00,0.154857
2024-06-22T13:00:00+02:00,0.151686
2024-06-22T14:00:00+02:00,0.151638
2024-06-22T15:00:00+02:00,0.151747
2024-06-22T16:00:00+02:00,0.157107
2024-06-22T17:00:00+02:00,0.198211
2024-06-22T18:00:00+02:00,0.242763
2024-06-22T19:00:00+02:00,0.282088
2024-06-22T20:00:00+02:00,0.299706
2024-06-22T21:00:00+02:00,0.301751
2024-06-22T22:00:00+02:00,0.286263
2024-06-22T23:00:00+02:00,0.261748
2024-06-23T00:00:00+02:00,0.270303
2024-06-23T01:00:00+02:00,0.254815
2024-06-23T02:00:00+02:00,0.254452
2024-06-23T03:00:00+02:00,0.248680
2024-06-23T04:00:00+02:00,0.246393
2024-06-23T05:00:00+02:00,0.243126
2024-06-23T06:00:00+02:00,0.238105
2024-06-23T07:00:00+02:00,0.209912
2024-06-23T08:00:00+02:00,0.173394
2024-06-23T09:00:00+02:00,0.156780
2024-06-23T10:00:00+02:00,0.151650
2024-06-23T11:00:00+02:00,0.151590
2024-06-23T12:00:00+02:00,0.151529
2024-06-23T13:00:00+02:00,0.150404
2024-06-23T14:00:00+02:00,0.148976
2024-06-23T15:00:00+02:00,0.149182
2024-06-23T16:00:00+02:00,0.151372
2024-06-23T17:00:00+02:00,0.174604
2024-06-23T18:00:00+02:00,0.228606
2024-06-23T19:00:00+02:00,0.262631
2024-06-23T20:00:00+02:00,0.288985
2024-06-23T21:00:00+02:00,0.302912
2024-06-23T22:00:00+02:00,0.296971
2024-06-23T23:00:00+02:00,0.272529
2024-06-24T00:00:00+02:00,0.279462
2024-06-24T01:00:00+02:00,0.266721
2024-06-24T02:00:00+02:00,0.260465
2024-06-24T03:00:00+02:00,0.254379
2024-06-24T04:00:00+02:00,0.257465
2024-06-24T05:00:00+02:00,0.271089
2024-06-24T06:00:00+02:00,0.312749
2024-06-24T07:00:00+02:00,0.308164
2024-06-24T08:00:00+02:00,0.271004
2024-06-24T09:00:00+02:00,0.243126
2024-06-24T10:00:00+02:00,0.212900
2024-06-24T11:00:00+02:00,0.193153
2024-06-24T12:00:00+02:00,0.189257
2024-06-24T13:00:00+02:00,0.184973
2024-06-24T14:00:00+02:00,0.183110
2024-06-24T15:00:00+02:00,0.190176
2024-06-24T16:00:00+02:00,0.226948
2024-06-24T17:00:00+02:00,0.248317
2024-06-24T18:00:00+02:00,0.264301
2024-06-24T19:00:00+02:00,0.335449
2024-06-24T20:00:00+02:00,0.397691
2024-06-24T21:00:00+02:00,0.340495
2024-06-24T22:00:00+02:00,0.293704
2024-06-24T23:00:00+02:00,0.263394
2024-06-25T00:00:00+02:00,0.259098
2024-06-25T01:00:00+02:00,0.254258
2024-06-25T02:00:00+02:00,0.254234
2024-06-25T03:00:00+02:00,0.254766
2024-06-25T04:00:00+02:00,0.255105
2024-06-25T05:00:00+02:00,0.266479
2024-06-25T06:00:00+02:00,0.290558
2024-06-25T07:00:00+02:00,0.299270
2024-06-25T08:00:00+02:00,0.277248
2024-06-25T09:00:00+02:00,0.241964
2024-06-25T10:00:00+02:00,0.194835
2024-06-25T11:00:00+02:00,0.165928
2024-06-25T12:00:00+02:00,0.140639
2024-06-25T13:00:00+02:00,0.127450
2024-06-25T14:00:00+02:00,0.136053
2024-06-25T15:00:00+02:00,0.163145
2024-06-25T16:00:00+02:00,0.181900
2024-06-25T17:00:00+02:00,0.227759
2024-06-25T18:00:00+02:00,0.247119
2024-06-25T19:00:00+02:00,0.282015
2024-06-25T20:00:00+02:00,0.303977
2024-06-25T21:00:00+02:00,0.299379
2024-06-25T22:00:00+02:00,0.280600
2024-06-25T23:00:00+02:00,0.260490
2024-06-26T00:00:00+02:00,0.281447
2024-06-26T01:00:00+02:00,0.272541
2024-06-26T02:00:00+02:00,0.266987
2024-06-26T03:00:00+02:00,0.267157
2024-06-26T04:00:00+02:00,0.262595
2024-06-26T05:00:00+02:00,0.269081
2024-06-26T06:00:00+02:00,0.283225
2024-06-26T07:00:00+02:00,0.308950
2024-06-26T08:00:00+02:00,0.298181
2024-06-26T09:00:00+02:00,0.274780
2024-06-26T10:00:00+02:00,0.260405
2024-06-26T11:00:00+02:00,0.253496
2024-06-26T12:00:00+02:00,0.246804
2024-06-26T13:00:00+02:00,0.244263
2024-06-26T14:00:00+02:00,0.248450
2024-06-26T15:00:00+02:00,0.261143
2024-06-26T16:00:00+02:00,0.272541
2024-06-26T17:00:00+02:00,0.279741
2024-06-26T18:00:00+02:00,0.281495
2024-06-26T19:00:00+02:00,0.314105
2024-06-26T20:00:00+02:00,0.325963
2024-06-26T21:00:00+02:00,0.309531
2024-06-26T22:00:00+02:00,0.293801
2024-06-26T23:00:00+02:00,0.284750
2024-06-27T00:00:00+02:00,0.267810
2024-06-27T01:00:00+02:00,0.256811
2024-06-27T02:00:00+02:00,0.249055
2024-06-27T03:00:00+02:00,0.251886
2024-06-27T04:00:00+02:00,0.246030
2024-06-27T05:00:00+02:00,0.252370
2024-06-27T06:00:00+02:00,0.289590
2024-06-27T07:00:00+02:00,0.301702
2024-06-27T08:00:00+02:00,0.290800
2024-06-27T09:00:00+02:00,0.259195
2024-06-27T10:00:00+02:00,0.232817
2024-06-27T11:00:00+02:00,0.211678
2024-06-27T12:00:00+02:00,0.181900
2024-06-27T13:00:00+02:00,0.151650
2024-06-27T14:00:00+02:00,0.151565
2024-06-27T15:00:00+02:00,0.151650
2024-06-27T16:00:00+02:00,0.175269
2024-06-27T17:00:00+02:00,0.206632
2024-06-27T18:00:00+02:00,0.237233
2024-06-27T19:00:00+02:00,0.271440
2024-06-27T20:00:00+02:00,0.311370
2024-06-27T21:00:00+02:00,0.302900
2024-06-27T22:00:00+02:00,0.280999
2024-06-27T23:00:00+02:00,0.272021
2024-06-28T00:00:00+02:00,0.261409
2024-06-28T01:00:00+02:00,0.260441
2024-06-28T02:00:00+02:00,0.248995
2024-06-28T03:00:00+02:00,0.242122
2024-06-28T04:00:00+02:00,0.246393
2024-06-28T05:00:00+02:00,0.254379
2024-06-28T06:00:00+02:00,0.285658
2024-06-28T07:00:00+02:00,0.261663
2024-06-28T08:00:00+02:00,0.243090
2024-06-28T09:00:00+02:00,0.182868
2024-06-28T10:00:00+02:00,0.151650
2024-06-28T11:00:00+02:00,0.139477
2024-06-28T12:00:00+02:00,0.127450
2024-06-28T13:00:00+02:00,0.115350
2024-06-28T14:00:00+02:00,0.115350
2024-06-28T15:00:00+02:00,0.133379
2024-06-28T16:00:00+02:00,0.142067
2024-06-28T17:00:00+02:00,0.152860
2024-06-28T18:00:00+02:00,0.206100
2024-06-28T19:00:00+02:00,0.256944
2024-06-28T20:00:00+02:00,0.284907
2024-06-28T21:00:00+02:00,0.318001
2024-06-28T22:00:00+02:00,0.304352
2024-06-28T23:00:00+02:00,0.283359
2024-06-29T00:00:00+02:00,0.285609
2024-06-29T01:00:00+02:00,0.282681
2024-06-29T02:00:00+02:00,0.282270
2024-06-29T03:00:00+02:00,0.281350
2024-06-29T04:00:00+02:00,0.279111
2024-06-29T05:00:00+02:00,0.275227
2024-06-29T06:00:00+02:00,0.266564
2024-06-29T07:00:00+02:00,0.251112
2024-06-29T08:00:00+02:00,0.231341
2024-06-29T09:00:00+02:00,0.187442
2024-06-29T10:00:00+02:00,0.157748
2024-06-29T11:00:00+02:00,0.151698
2024-06-29T12:00:00+02:00,0.151638
2024-06-29T13:00:00+02:00,0.151360
2024-06-29T14:00:00+02:00,0.151553
2024-06-29T15:00:00+02:00,0.153296
2024-06-29T16:00:00+02:00,0.166291
2024-06-29T17:00:00+02:00,0.234341
2024-06-29T18:00:00+02:00,0.276583
2024-06-29T19:00:00+02:00,0.305235
2024-06-29T20:00:00+02:00,0.319840
2024-06-29T21:00:00+02:00,0.288985
2024-06-29T22:00:00+02:00,0.272771
2024-06-29T23:00:00+02:00,0.265160
2024-06-30T00:00:00+02:00,0.249297
2024-06-30T01:00:00+02:00,0.252080
2024-06-30T02:00:00+02:00,0.242763
2024-06-30T03:00:00+02:00,0.232781
2024-06-30T04:00:00+02:00,0.229526
2024-06-30T05:00:00+02:00,0.213832
2024-06-30T06:00:00+02:00,0.214038
2024-06-30T07:00:00+02:00,0.176358
2024-06-30T08:00:00+02:00,0.159914
2024-06-30T09:00:00+02:00,0.152642
2024-06-30T10:00:00+02:00,0.151650
2024-06-30T11:00:00+02:00,0.151650
2024-06-30T12:00:00+02:00,0.151626
2024-06-30T13:00:00+02:00,0.149823
2024-06-30T14:00:00+02:00,0.150331
2024-06-30T15:00:00+02:00,0.151650
2024-06-30T16:00:00+02:00,0.152763
2024-06-30T17:00:00+02:00,0.189063
2024-06-30T18:00:00+02:00,0.243308
2024-06-30T19:00:00+02:00,0.257235
2024-06-30T20:00:00+02:00,0.272529
2024-06-30T21:00:00+02:00,0.277490
2024-06-30T22:00:00+02:00,0.281459
2024-06-30T23:00:00+02:00,0.264422
2024-07-01T00:00:00+02:00,0.266273
2024-07-01T01:00:00+02:00,0.255347
2024-07-01T02:00:00+02:00,0.246260
2024-07-01T03:00:00+02:00,0.246042
2024-07-01T04:00:00+02:00,0.247288
2024-07-01T05:00:00+02:00,0.248728
2024-07-01T06:00:00+02:00,0.298859
2024-07-01T07:00:00+02:00,0.316827
2024-07-01T08:00:00+02:00,0.311854
2024-07-01T09:00:00+02:00,0.284266
2024-07-01T10:00:00+02:00,0.273376
2024-07-01T11:00:00+02:00,0.255819
2024-07-01T12:00:00+02:00,0.240936
2024-07-01T13:00:00+02:00,0.232272
2024-07-01T14:00:00+02:00,0.197315
2024-07-01T15:00:00+02:00,0.187297
2024-07-01T16:00:00+02:00,0.189233
2024-07-01T17:00:00+02:00,0.218200
2024-07-01T18:00:00+02:00,0.238661
2024-07-01T19:00:00+02:00,0.271101
2024-07-01T20:00:00+02:00,0.348299
2024-07-01T21:00:00+02:00,0.304546
2024-07-01T22:00:00+02:00,0.282572
2024-07-01T23:00:00+02:00,0.257707
2024-07-02T00:00:00+02:00,0.252080
2024-07-02T01:00:00+02:00,0.244046
2024-07-02T02:00:00+02:00,0.244070
2024-07-02T03:00:00+02:00,0.243295
2024-07-02T04:00:00+02:00,0.244058
2024-07-02T05:00:00+02:00,0.244929
2024-07-02T06:00:00+02:00,0.262486
2024-07-02T07:00:00+02:00,0.270508
2024-07-02T08:00:00+02:00,0.276086
2024-07-02T09:00:00+02:00,0.272650
2024-07-02T10:00:00+02:00,0.257900
2024-07-02T11:00:00+02:00,0.237560
2024-07-02T12:00:00+02:00,0.228788
2024-07-02T13:00:00+02:00,0.224686
2024-07-02T14:00:00+02:00,0.214957
2024-07-02T15:00:00+02:00,0.213021
2024-07-02T16:00:00+02:00,0.227517
2024-07-02T17:00:00+02:00,0.230106
2024-07-02T18:00:00+02:00,0.246224
2024-07-02T19:00:00+02:00,0.272590
2024-07-02T20:00:00+02:00,0.286505
2024-07-02T21:00:00+02:00,0.285053
2024-07-02T22:00:00+02:00,0.283467
2024-07-02T23:00:00+02:00,0.271017
2024-07-03T00:00:00+02:00,0.354023
2024-07-03T01:00:00+02:00,0.284629
2024-07-03T02:00:00+02:00,0.266479
2024-07-03T03:00:00+02:00,0.251717
2024-07-03T04:00:00+02:00,0.251717
2024-07-03T05:00:00+02:00,0.248329
2024-07-03T06:00:00+02:00,0.267423
2024-07-03T07:00:00+02:00,0.288731
2024-07-03T08:00:00+02:00,0.288380
2024-07-03T09:00:00+02:00,0.270230
2024-07-03T10:00:00+02:00,0.257985
2024-07-03T11:00:00+02:00,0.261046
2024-07-03T12:00:00+02:00,0.260429
2024-07-03T13:00:00+02:00,0.248450
2024-07-03T14:00:00+02:00,0.226234
2024-07-03T15:00:00+02:00,0.223609
2024-07-03T16:00:00+02:00,0.224359
2024-07-03T17:00:00+02:00,0.247446
2024-07-03T18:00:00+02:00,0.264858
2024-07-03T19:00:00+02:00,0.286505
2024-07-03T20:00:00+02:00,0.338208
2024-07-03T21:00:00+02:00,0.278857
2024-07-03T22:00:00+02:00,0.257392
2024-07-03T23:00:00+02:00,0.235588
2024-07-04T00:00:00+02:00,0.222435
2024-07-04T01:00:00+02:00,0.194000
2024-07-04T02:00:00+02:00,0.171434
2024-07-04T03:00:00+02:00,0.163750
2024-07-04T04:00:00+02:00,0.160640
2024-07-04T05:00:00+02:00,0.160544
2024-07-04T06:00:00+02:00,0.189463
2024-07-04T07:00:00+02:00,0.193891
2024-07-04T08:00:00+02:00,0.191411
2024-07-04T09:00:00+02:00,0.178548
2024-07-04T10:00:00+02:00,0.139550
2024-07-04T11:00:00+02:00,0.108465
2024-07-04T12:00:00+02:00,0.066950
2024-07-04T13:00:00+02:00,-0.015088
2024-07-04T14:00:00+02:00,-0.028640
2024-07-04T15:00:00+02:00,0.054850
2024-07-04T16:00:00+02:00,0.089529
2024-07-04T17:00:00+02:00,0.113922
2024-07-04T18:00:00+02:00,0.145600
2024-07-04T19:00:00+02:00,0.200982
2024-07-04T20:00:00+02:00,0.250701
2024-07-04T21:00:00+02:00,0.282306
2024-07-04T22:00:00+02:00,0.251838
2024-07-04T23:00:00+02:00,0.225787
2024-07-05T00:00:00+02:00,0.168033
2024-07-05T01:00:00+02:00,0.159358
2024-07-05T02:00:00+02:00,0.156490
2024-07-05T03:00:00+02:00,0.154881
2024-07-05T04:00:00+02:00,0.155183
2024-07-05T05:00:00+02:00,0.158571
2024-07-05T06:00:00+02:00,0.176068
2024-07-05T07:00:00+02:00,0.189100
2024-07-05T08:00:00+02:00,0.199687
2024-07-05T09:00:00+02:00,0.174108
2024-07-05T10:00:00+02:00,0.155232
2024-07-05T11:00:00+02:00,0.152158
2024-07-05T12:00:00+02:00,0.151771
2024-07-05T13:00:00+02:00,0.150985
2024-07-05T14:00:00+02:00,0.150718
2024-07-05T15:00:00+02:00,0.151638
2024-07-05T16:00:00+02:00,0.154034
2024-07-05T17:00:00+02:00,0.172184
2024-07-05T18:00:00+02:00,0.229405
2024-07-05T19:00:00+02:00,0.261530
2024-07-05T20:00:00+02:00,0.312144
2024-07-05T21:00:00+02:00,0.311515
2024-07-05T22:00:00+02:00,0.279487
2024-07-05T23:00:00+02:00,0.254851
2024-07-06T00:00:00+02:00,0.255129
2024-07-06T01:00:00+02:00,0.231583
2024-07-06T02:00:00+02:00,0.222967
2024-07-06T03:00:00+02:00,0.204104
2024-07-06T04:00:00+02:00,0.194992
2024-07-06T05:00:00+02:00,0.169836
2024-07-06T06:00:00+02:00,0.158825
2024-07-06T07:00:00+02:00,0.158148
2024-07-06T08:00:00+02:00,0.155764
2024-07-06T09:00:00+02:00,0.151650
2024-07-06T10:00:00+02:00,0.139550
2024-07-06T11:00:00+02:00,0.116524
2024-07-06T12:00:00+02:00,0.110123
2024-07-06T13:00:00+02:00,0.087835
2024-07-06T14:00:00+02:00,0.067204
2024-07-06T15:00:00+02:00,0.010552
2024-07-06T16:00:00+02:00,0.039798
2024-07-06T17:00:00+02:00,0.091501
2024-07-06T18:00:00+02:00,0.139550
2024-07-06T19:00:00+02:00,0.148625
2024-07-06T20:00:00+02:00,0.159648
2024-07-06T21:00:00+02:00,0.163254
2024-07-06T22:00:00+02:00,0.173999
2024-07-06T23:00:00+02:00,0.169703
2024-07-07T00:00:00+02:00,0.152207
2024-07-07T01:00:00+02:00,0.152074
2024-07-07T02:00:00+02:00,0.151263
2024-07-07T03:00:00+02:00,0.151650
2024-07-07T04:00:00+02:00,0.152061
2024-07-07T05:00:00+02:00,0.151953
2024-07-07T06:00:00+02:00,0.151698
2024-07-07T07:00:00+02:00,0.151650
2024-07-07T08:00:00+02:00,0.150924
2024-07-07T09:00:00+02:00,0.143652
2024-07-07T10:00:00+02:00,0.139429
2024-07-07T11:00:00+02:00,0.136017
2024-07-07T12:00:00+02:00,0.135134
2024-07-07T13:00:00+02:00,0.124280
2024-07-07T14:00:00+02:00,0.126240
2024-07-07T15:00:00+02:00,0.136876
2024-07-07T16:00:00+02:00,0.144051
2024-07-07T17:00:00+02:00,0.149726
2024-07-07T18:00:00+02:00,0.222508
2024-07-07T19:00:00+02:00,0.256085
2024-07-07T20:00:00+02:00,0.295701
2024-07-07T21:00:00+02:00,0.305381
2024-07-07T22:00:00+02:00,0.290122
2024-07-07T23:00:00+02:00,0.268851
2024-07-08T00:00:00+02:00,0.250471
2024-07-08T01:00:00+02:00,0.244397
2024-07-08T02:00:00+02:00,0.240343
2024-07-08T03:00:00+02:00,0.244324
2024-07-08T04:00:00+02:00,0.242993
2024-07-08T05:00:00+02:00,0.247772
2024-07-08T06:00:00+02:00,0.284750
2024-07-08T07:00:00+02:00,0.300916
2024-07-08T08:00:00+02:00,0.274150
2024-07-08T09:00:00+02:00,0.245861
2024-07-08T10:00:00+02:00,0.217232
2024-07-08T11:00:00+02:00,0.198816
2024-07-08T12:00:00+02:00,0.190539
2024-07-08T13:00:00+02:00,0.187793
2024-07-08T14:00:00+02:00,0.187829
2024-07-08T15:00:00+02:00,0.196747
2024-07-08T16:00:00+02:00,0.228388
2024-07-08T17:00:00+02:00,0.250108
2024-07-08T18:00:00+02:00,0.274489
2024-07-08T19:00:00+02:00,0.315000
2024-07-08T20:00:00+02:00,0.452952
2024-07-08T21:00:00+02:00,0.356418
2024-07-08T22:00:00+02:00,0.289263
2024-07-08T23:00:00+02:00,0.262825
2024-07-09T00:00:00+02:00,0.274695
2024-07-09T01:00:00+02:00,0.261845
2024-07-09T02:00:00+02:00,0.256896
2024-07-09T03:00:00+02:00,0.252709
2024-07-09T04:00:00+02:00,0.248656
2024-07-09T05:00:00+02:00,0.259207
2024-07-09T06:00:00+02:00,0.274973
2024-07-09T07:00:00+02:00,0.272795
2024-07-09T08:00:00+02:00,0.262607
2024-07-09T09:00:00+02:00,0.232744
2024-07-09T10:00:00+02:00,0.208072
2024-07-09T11:00:00+02:00,0.192439
2024-07-09T12:00:00+02:00,0.178210
2024-07-09T13:00:00+02:00,0.159600
2024-07-09T14:00:00+02:00,0.156901
2024-07-09T15:00:00+02:00,0.165166
2024-07-09T16:00:00+02:00,0.211327
2024-07-09T17:00:00+02:00,0.247809
2024-07-09T18:00:00+02:00,0.274453
2024-07-09T19:00:00+02:00,0.325406
2024-07-09T20:00:00+02:00,0.324837
2024-07-09T21:00:00+02:00,0.283153
2024-07-09T22:00:00+02:00,0.257392
2024-07-09T23:00:00+02:00,0.272650
2024-07-10T00:00:00+02:00,0.272529
2024-07-10T01:00:00+02:00,0.248329
2024-07-10T02:00:00+02:00,0.266600
2024-07-10T03:00:00+02:00,0.243973
2024-07-10T04:00:00+02:00,0.224371
2024-07-10T05:00:00+02:00,0.230687
2024-07-10T06:00:00+02:00,0.252528
2024-07-10T07:00:00+02:00,0.278180
2024-07-10T08:00:00+02:00,0.275070
2024-07-10T09:00:00+02:00,0.254415
2024-07-10T10:00:00+02:00,0.230300
2024-07-10T11:00:00+02:00,0.219132
2024-07-10T12:00:00+02:00,0.208677
2024-07-10T13:00:00+02:00,0.196033
2024-07-10T14:00:00+02:00,0.184502
2024-07-10T15:00:00+02:00,0.150440
2024-07-10T16:00:00+02:00,0.153259
2024-07-10T17:00:00+02:00,0.194266
2024-07-10T18:00:00+02:00,0.248172
2024-07-10T19:00:00+02:00,0.272311
2024-07-10T20:00:00+02:00,0.293220
2024-07-10T21:00:00+02:00,0.333767
2024-07-10T22:00:00+02:00,0.288791
2024-07-10T23:00:00+02:00,0.264846
2024-07-11T00:00:00+02:00,0.267701
2024-07-11T01:00:00+02:00,0.248087
2024-07-11T02:00:00+02:00,0.244820
2024-07-11T03:00:00+02:00,0.246611
2024-07-11T04:00:00+02:00,0.246732
2024-07-11T05:00:00+02:00,0.250737
2024-07-11T06:00:00+02:00,0.281677
2024-07-11T07:00:00+02:00,0.288271
2024-07-11T08:00:00+02:00,0.278882
2024-07-11T09:00:00+02:00,0.259860
2024-07-11T10:00:00+02:00,0.249430
2024-07-11T11:00:00+02:00,0.233192
2024-07-11T12:00:00+02:00,0.221830
2024-07-11T13:00:00+02:00,0.209682
2024-07-11T14:00:00+02:00,0.205362
2024-07-11T15:00:00+02:00,0.213433
2024-07-11T16:00:00+02:00,0.226815
2024-07-11T17:00:00+02:00,0.247651
2024-07-11T18:00:00+02:00,0.262958
2024-07-11T19:00:00+02:00,0.293220
2024-07-11T20:00:00+02:00,0.367175
2024-07-11T21:00:00+02:00,0.347876
2024-07-11T22:00:00+02:00,0.298423
2024-07-11T23:00:00+02:00,0.271065
2024-07-12T00:00:00+02:00,0.273013
2024-07-12T01:00:00+02:00,0.253750
2024-07-12T02:00:00+02:00,0.249176
2024-07-12T03:00:00+02:00,0.248426
2024-07-12T04:00:00+02:00,0.244094
2024-07-12T05:00:00+02:00,0.247688
2024-07-12T06:00:00+02:00,0.272795
2024-07-12T07:00:00+02:00,0.280019
2024-07-12T08:00:00+02:00,0.279353
2024-07-12T09:00:00+02:00,0.270049
2024-07-12T10:00:00+02:00,0.259691
2024-07-12T11:00:00+02:00,0.255105
2024-07-12T12:00:00+02:00,0.248450
2024-07-12T13:00:00+02:00,0.242049
2024-07-12T14:00:00+02:00,0.242134
2024-07-12T15:00:00+02:00,0.243114
2024-07-12T16:00:00+02:00,0.241202
2024-07-12T17:00:00+02:00,0.244832
2024-07-12T18:00:00+02:00,0.258057
2024-07-12T19:00:00+02:00,0.268560
2024-07-12T20:00:00+02:00,0.262486
2024-07-12T21:00:00+02:00,0.266600
2024-07-12T22:00:00+02:00,0.255892
2024-07-12T23:00:00+02:00,0.247760
2024-07-13T00:00:00+02:00,0.260550
2024-07-13T01:00:00+02:00,0.242400
2024-07-13T02:00:00+02:00,0.237863
2024-07-13T03:00:00+02:00,0.197630
2024-07-13T04:00:00+02:00,0.191459
2024-07-13T05:00:00+02:00,0.189426
2024-07-13T06:00:00+02:00,0.189281
2024-07-13T07:00:00+02:00,0.185494
2024-07-13T08:00:00+02:00,0.183836
2024-07-13T09:00:00+02:00,0.177024
2024-07-13T10:00:00+02:00,0.157894
2024-07-13T11:00:00+02:00,0.151698
2024-07-13T12:00:00+02:00,0.151638
2024-07-13T13:00:00+02:00,0.145624
2024-07-13T14:00:00+02:00,0.133694
2024-07-13T15:00:00+02:00,0.137917
2024-07-13T16:00:00+02:00,0.147742
2024-07-13T17:00:00+02:00,0.152110
2024-07-13T18:00:00+02:00,0.187212
2024-07-13T19:00:00+02:00,0.213892
2024-07-13T20:00:00+02:00,0.243562
2024-07-13T21:00:00+02:00,0.244324
2024-07-13T22:00:00+02:00,0.247567
2024-07-13T23:00:00+02:00,0.233168
2024-07-14T00:00:00+02:00,0.259413
2024-07-14T01:00:00+02:00,0.228291
2024-07-14T02:00:00+02:00,0.218878
2024-07-14T03:00:00+02:00,0.205410
2024-07-14T04:00:00+02:00,0.197594
2024-07-14T05:00:00+02:00,0.196420
2024-07-14T06:00:00+02:00,0.190092
2024-07-14T07:00:00+02:00,0.168929
2024-07-14T08:00:00+02:00,0.152001
2024-07-14T09:00:00+02:00,0.147657
2024-07-14T10:00:00+02:00,0.126240
2024-07-14T11:00:00+02:00,0.103298
2024-07-14T12:00:00+02:00,0.079752
2024-07-14T13:00:00+02:00,0.062558
2024-07-14T14:00:00+02:00,0.062292
2024-07-14T15:00:00+02:00,0.089178
2024-07-14T16:00:00+02:00,0.128103
2024-07-14T17:00:00+02:00,0.151033
2024-07-14T18:00:00+02:00,0.200788
2024-07-14T19:00:00+02:00,0.257840
2024-07-14T20:00:00+02:00,0.288138
2024-07-14T21:00:00+02:00,0.282366
2024-07-14T22:00:00+02:00,0.280648
2024-07-14T23:00:00+02:00,0.257319
2024-07-15T00:00:00+02:00,0.248002
2024-07-15T01:00:00+02:00,0.234898
2024-07-15T02:00:00+02:00,0.234898
2024-07-15T03:00:00+02:00,0.238770
2024-07-15T04:00:00+02:00,0.260429
2024-07-15T05:00:00+02:00,0.266479
2024-07-15T06:00:00+02:00,0.289106
2024-07-15T07:00:00+02:00,0.309192
2024-07-15T08:00:00+02:00,0.259618
2024-07-15T09:00:00+02:00,0.224698
2024-07-15T10:00:00+02:00,0.195634
2024-07-15T11:00:00+02:00,0.166352
2024-07-15T12:00:00+02:00,0.152424
2024-07-15T13:00:00+02:00,0.150634
2024-07-15T14:00:00+02:00,0.149811
2024-07-15T15:00:00+02:00,0.155933
2024-07-15T16:00:00+02:00,0.201321
2024-07-15T17:00:00+02:00,0.244893
2024-07-15T18:00:00+02:00,0.283322
2024-07-15T19:00:00+02:00,0.383692
2024-07-15T20:00:00+02:00,0.410880
2024-07-15T21:00:00+02:00,0.321244
2024-07-15T22:00:00+02:00,0.264289
2024-07-15T23:00:00+02:00,0.248668
2024-07-16T00:00:00+02:00,0.239484
2024-07-16T01:00:00+02:00,0.222024
2024-07-16T02:00:00+02:00,0.212029
2024-07-16T03:00:00+02:00,0.195452
2024-07-16T04:00:00+02:00,0.195549
2024-07-16T05:00:00+02:00,0.208568
2024-07-16T06:00:00+02:00,0.241868
2024-07-16T07:00:00+02:00,0.247821
2024-07-16T08:00:00+02:00,0.243816
2024-07-16T09:00:00+02:00,0.163750
2024-07-16T10:00:00+02:00,0.148020
2024-07-16T11:00:00+02:00,0.139550
2024-07-16T12:00:00+02:00,0.139441
2024-07-16T13:00:00+02:00,0.139429
2024-07-16T14:00:00+02:00,0.139465
2024-07-16T15:00:00+02:00,0.139453
2024-07-16T16:00:00+02:00,0.139550
2024-07-16T17:00:00+02:00,0.181779
2024-07-16T18:00:00+02:00,0.229066
2024-07-16T19:00:00+02:00,0.259461
2024-07-16T20:00:00+02:00,0.298508
2024-07-16T21:00:00+02:00,0.290413
2024-07-16T22:00:00+02:00,0.280213
2024-07-16T23:00:00+02:00,0.254621
2024-07-17T00:00:00+02:00,0.257646
2024-07-17T01:00:00+02:00,0.240077
2024-07-17T02:00:00+02:00,0.239823
2024-07-17T03:00:00+02:00,0.237028
2024-07-17T04:00:00+02:00,0.237657
2024-07-17T05:00:00+02:00,0.245437
2024-07-17T06:00:00+02:00,0.260611
2024-07-17T07:00:00+02:00,0.272795
2024-07-17T08:00:00+02:00,0.279547
2024-07-17T09:00:00+02:00,0.246078
2024-07-17T10:00:00+02:00,0.223451
2024-07-17T11:00:00+02:00,0.203257
2024-07-17T12:00:00+02:00,0.192221
2024-07-17T13:00:00+02:00,0.179129
2024-07-17T14:00:00+02:00,0.166037
2024-07-17T15:00:00+02:00,0.168941
2024-07-17T16:00:00+02:00,0.200207
2024-07-17T17:00:00+02:00,0.227880
2024-07-17T18:00:00+02:00,0.254415
2024-07-17T19:00:00+02:00,0.284302
2024-07-17T20:00:00+02:00,0.372608
2024-07-17T21:00:00+02:00,0.324232
2024-07-17T22:00:00+02:00,0.291974
2024-07-17T23:00:00+02:00,0.263176
2024-07-18T00:00:00+02:00,0.260865
2024-07-18T01:00:00+02:00,0.248861
2024-07-18T02:00:00+02:00,0.245340
2024-07-18T03:00:00+02:00,0.246042
2024-07-18T04:00:00+02:00,0.245449
2024-07-18T05:00:00+02:00,0.260816
2024-07-18T06:00:00+02:00,0.292010
2024-07-18T07:00:00+02:00,0.280588
2024-07-18T08:00:00+02:00,0.269286
2024-07-18T09:00:00+02:00,0.248329
2024-07-18T10:00:00+02:00,0.230082
2024-07-18T11:00:00+02:00,0.209887
2024-07-18T12:00:00+02:00,0.195029
2024-07-18T13:00:00+02:00,0.193831
2024-07-18T14:00:00+02:00,0.197654
2024-07-18T15:00:00+02:00,0.212041
2024-07-18T16:00:00+02:00,0.234644
2024-07-18T17:00:00+02:00,0.255795
2024-07-18T18:00:00+02:00,0.267943
2024-07-18T19:00:00+02:00,0.309386
2024-07-18T20:00:00+02:00,0.408194
2024-07-18T21:00:00+02:00,0.365493
2024-07-18T22:00:00+02:00,0.296802
2024-07-18T23:00:00+02:00,0.275070
2024-07-19T00:00:00+02:00,0.260937
2024-07-19T01:00:00+02:00,0.249079
2024-07-19T02:00:00+02:00,0.248426
2024-07-19T03:00:00+02:00,0.246284
2024-07-19T04:00:00+02:00,0.249999
2024-07-19T05:00:00+02:00,0.259836
2024-07-19T06:00:00+02:00,0.285827
2024-07-19T07:00:00+02:00,0.283141
2024-07-19T08:00:00+02:00,0.270714
2024-07-19T09:00:00+02:00,0.250180
2024-07-19T10:00:00+02:00,0.236689
2024-07-19T11:00:00+02:00,0.223669
2024-07-19T12:00:00+02:00,0.206257
2024-07-19T13:00:00+02:00,0.196529
2024-07-19T14:00:00+02:00,0.196190
2024-07-19T15:00:00+02:00,0.203983
2024-07-19T16:00:00+02:00,0.230300
2024-07-19T17:00:00+02:00,0.245534
2024-07-19T18:00:00+02:00,0.261942
2024-07-19T19:00:00+02:00,0.295688
2024-07-19T20:00:00+02:00,0.370805
2024-07-19T21:00:00+02:00,0.298012
2024-07-19T22:00:00+02:00,0.281193
2024-07-19T23:00:00+02:00,0.262571
2024-07-20T00:00:00+02:00,0.266600
2024-07-20T01:00:00+02:00,0.260139
2024-07-20T02:00:00+02:00,0.258130
2024-07-20T03:00:00+02:00,0.260405
2024-07-20T04:00:00+02:00,0.265680
2024-07-20T05:00:00+02:00,0.265148
2024-07-20T06:00:00+02:00,0.258675
2024-07-20T07:00:00+02:00,0.250483
2024-07-20T08:00:00+02:00,0.234063
2024-07-20T09:00:00+02:00,0.212017
2024-07-20T10:00:00+02:00,0.157882
2024-07-20T11:00:00+02:00,0.150476
2024-07-20T12:00:00+02:00,0.145116
2024-07-20T13:00:00+02:00,0.145515
2024-07-20T14:00:00+02:00,0.146810
2024-07-20T15:00:00+02:00,0.147657
2024-07-20T16:00:00+02:00,0.153380
2024-07-20T17:00:00+02:00,0.214921
2024-07-20T18:00:00+02:00,0.254500
2024-07-20T19:00:00+02:00,0.282270
2024-07-20T20:00:00+02:00,0.316646
2024-07-20T21:00:00+02:00,0.287823
2024-07-20T22:00:00+02:00,0.304473
2024-07-20T23:00:00+02:00,0.261675
2024-07-21T00:00:00+02:00,0.259340
2024-07-21T01:00:00+02:00,0.261881
2024-07-21T02:00:00+02:00,0.252080
2024-07-21T03:00:00+02:00,0.260550
2024-07-21T04:00:00+02:00,0.256194
2024-07-21T05:00:00+02:00,0.272650
2024-07-21T06:00:00+02:00,0.241069
2024-07-21T07:00:00+02:00,0.220051
2024-07-21T08:00:00+02:00,0.230179
2024-07-21T09:00:00+02:00,0.175487
2024-07-21T10:00:00+02:00,0.151759
2024-07-21T11:00:00+02:00,0.151686
2024-07-21T12:00:00+02:00,0.151674
2024-07-21T13:00:00+02:00,0.151577
2024-07-21T14:00:00+02:00,0.151432
2024-07-21T15:00:00+02:00,0.151735
2024-07-21T16:00:00+02:00,0.151977
2024-07-21T17:00:00+02:00,0.214231
2024-07-21T18:00:00+02:00,0.248995
2024-07-21T19:00:00+02:00,0.270835
2024-07-21T20:00:00+02:00,0.299887
2024-07-21T21:00:00+02:00,0.302331
2024-07-21T22:00:00+02:00,0.282233
2024-07-21T23:00:00+02:00,0.260744
2024-07-22T00:00:00+02:00,0.292143
2024-07-22T01:00:00+02:00,0.262377
2024-07-22T02:00:00+02:00,0.252927
2024-07-22T03:00:00+02:00,0.254500
2024-07-22T04:00:00+02:00,0.250676
2024-07-22T05:00:00+02:00,0.247627
2024-07-22T06:00:00+02:00,0.283189
2024-07-22T07:00:00+02:00,0.296959
2024-07-22T08:00:00+02:00,0.289929
2024-07-22T09:00:00+02:00,0.257041
2024-07-22T10:00:00+02:00,0.212150
2024-07-22T11:00:00+02:00,0.168868
2024-07-22T12:00:00+02:00,0.182638
2024-07-22T13:00:00+02:00,0.177205
2024-07-22T14:00:00+02:00,0.172728
2024-07-22T15:00:00+02:00,0.172813
2024-07-22T16:00:00+02:00,0.178028
2024-07-22T17:00:00+02:00,0.228267
2024-07-22T18:00:00+02:00,0.248329
2024-07-22T19:00:00+02:00,0.272541
2024-07-22T20:00:00+02:00,0.320893
2024-07-22T21:00:00+02:00,0.321365
2024-07-22T22:00:00+02:00,0.284714
2024-07-22T23:00:00+02:00,0.267229
2024-07-23T00:00:00+02:00,0.251899
2024-07-23T01:00:00+02:00,0.240767
2024-07-23T02:00:00+02:00,0.240452
2024-07-23T03:00:00+02:00,0.234087
2024-07-23T04:00:00+02:00,0.237028
2024-07-23T05:00:00+02:00,0.240803
2024-07-23T06:00:00+02:00,0.272529
2024-07-23T07:00:00+02:00,0.292010
2024-07-23T08:00:00+02:00,0.285295
2024-07-23T09:00:00+02:00,0.256291
2024-07-23T10:00:00+02:00,0.234983
2024-07-23T11:00:00+02:00,0.222072
2024-07-23T12:00:00+02:00,0.195791
2024-07-23T13:00:00+02:00,0.190890
2024-07-23T14:00:00+02:00,0.187127
2024-07-23T15:00:00+02:00,0.191241
2024-07-23T16:00:00+02:00,0.207552
2024-07-23T17:00:00+02:00,0.242884
2024-07-23T18:00:00+02:00,0.251366
2024-07-23T19:00:00+02:00,0.267846
2024-07-23T20:00:00+02:00,0.293135
2024-07-23T21:00:00+02:00,0.275082
2024-07-23T22:00:00+02:00,0.273074
2024-07-23T23:00:00+02:00,0.262607
2024-07-24T00:00:00+02:00,0.252697
2024-07-24T01:00:00+02:00,0.246429
2024-07-24T02:00:00+02:00,0.239980
2024-07-24T03:00:00+02:00,0.240706
2024-07-24T04:00:00+02:00,0.254258
2024-07-24T05:00:00+02:00,0.240730
2024-07-24T06:00:00+02:00,0.266261
2024-07-24T07:00:00+02:00,0.288307
2024-07-24T08:00:00+02:00,0.271501
2024-07-24T09:00:00+02:00,0.239811
2024-07-24T10:00:00+02:00,0.217764
2024-07-24T11:00:00+02:00,0.175959
2024-07-24T12:00:00+02:00,0.151650
2024-07-24T13:00:00+02:00,0.149266
2024-07-24T14:00:00+02:00,0.139550
2024-07-24T15:00:00+02:00,0.147306
2024-07-24T16:00:00+02:00,0.153840
2024-07-24T17:00:00+02:00,0.199663
2024-07-24T18:00:00+02:00,0.234777
2024-07-24T19:00:00+02:00,0.268863
2024-07-24T20:00:00+02:00,0.285367
2024-07-24T21:00:00+02:00,0.298629
2024-07-24T22:00:00+02:00,0.283552
2024-07-24T23:00:00+02:00,0.264979
2024-07-25T00:00:00+02:00,0.263636
2024-07-25T01:00:00+02:00,0.257162
2024-07-25T02:00:00+02:00,0.254379
2024-07-25T03:00:00+02:00,0.248353
2024-07-25T04:00:00+02:00,0.244094
2024-07-25T05:00:00+02:00,0.263611
2024-07-25T06:00:00+02:00,0.280104
2024-07-25T07:00:00+02:00,0.283576
2024-07-25T08:00:00+02:00,0.261736
2024-07-25T09:00:00+02:00,0.238746
2024-07-25T10:00:00+02:00,0.218297
2024-07-25T11:00:00+02:00,0.196360
2024-07-25T12:00:00+02:00,0.181065
2024-07-25T13:00:00+02:00,0.172656
2024-07-25T14:00:00+02:00,0.167707
2024-07-25T15:00:00+02:00,0.183352
2024-07-25T16:00:00+02:00,0.216748
2024-07-25T17:00:00+02:00,0.248450
2024-07-25T18:00:00+02:00,0.269020
2024-07-25T19:00:00+02:00,0.296729
2024-07-25T20:00:00+02:00,0.331093
2024-07-25T21:00:00+02:00,0.308914
2024-07-25T22:00:00+02:00,0.272650
2024-07-25T23:00:00+02:00,0.254440
2024-07-26T00:00:00+02:00,0.249660
2024-07-26T01:00:00+02:00,0.240585
2024-07-26T02:00:00+02:00,0.242412
2024-07-26T03:00:00+02:00,0.245425
2024-07-26T04:00:00+02:00,0.244699
2024-07-26T05:00:00+02:00,0.248438
2024-07-26T06:00:00+02:00,0.266310
2024-07-26T07:00:00+02:00,0.284992
2024-07-26T08:00:00+02:00,0.273328
2024-07-26T09:00:00+02:00,0.266358
2024-07-26T10:00:00+02:00,0.259001
2024-07-26T11:00:00+02:00,0.246260
2024-07-26T12:00:00+02:00,0.235334
2024-07-26T13:00:00+02:00,0.223524
2024-07-26T14:00:00+02:00,0.212150
2024-07-26T15:00:00+02:00,0.224843
2024-07-26T16:00:00+02:00,0.237729
2024-07-26T17:00:00+02:00,0.258360
2024-07-26T18:00:00+02:00,0.266588
2024-07-26T19:00:00+02:00,0.284629
2024-07-26T20:00:00+02:00,0.328419
2024-07-26T21:00:00+02:00,0.319102
2024-07-26T22:00:00+02:00,0.280467
2024-07-26T23:00:00+02:00,0.270109
2024-07-27T00:00:00+02:00,0.277345
2024-07-27T01:00:00+02:00,0.276316
2024-07-27T02:00:00+02:00,0.268887
2024-07-27T03:00:00+02:00,0.266370
2024-07-27T04:00:00+02:00,0.263926
2024-07-27T05:00:00+02:00,0.260780
2024-07-27T06:00:00+02:00,0.257029
2024-07-27T07:00:00+02:00,0.251366
2024-07-27T08:00:00+02:00,0.254125
2024-07-27T09:00:00+02:00,0.231970
2024-07-27T10:00:00+02:00,0.224044
2024-07-27T11:00:00+02:00,0.199929
2024-07-27T12:00:00+02:00,0.185530
2024-07-27T13:00:00+02:00,0.173188
2024-07-27T14:00:00+02:00,0.173333
2024-07-27T15:00:00+02:00,0.190612
2024-07-27T16:00:00+02:00,0.222508
2024-07-27T17:00:00+02:00,0.253338
2024-07-27T18:00:00+02:00,0.276292
2024-07-27T19:00:00+02:00,0.291599
2024-07-27T20:00:00+02:00,0.298980
2024-07-27T21:00:00+02:00,0.297370
2024-07-27T22:00:00+02:00,0.281737
2024-07-27T23:00:00+02:00,0.269540
2024-07-28T00:00:00+02:00,0.281120
2024-07-28T01:00:00+02:00,0.266104
2024-07-28T02:00:00+02:00,0.257646
2024-07-28T03:00:00+02:00,0.250301
2024-07-28T04:00:00+02:00,0.249116
2024-07-28T05:00:00+02:00,0.245110
2024-07-28T06:00:00+02:00,0.243041
2024-07-28T07:00:00+02:00,0.233265
2024-07-28T08:00:00+02:00,0.182493
2024-07-28T09:00:00+02:00,0.157506
2024-07-28T10:00:00+02:00,0.151650
2024-07-28T11:00:00+02:00,0.145721
2024-07-28T12:00:00+02:00,0.111829
2024-07-28T13:00:00+02:00,0.074053
2024-07-28T14:00:00+02:00,0.079050
2024-07-28T15:00:00+02:00,0.110994
2024-07-28T16:00:00+02:00,0.135678
2024-07-28T17:00:00+02:00,0.149339
2024-07-28T18:00:00+02:00,0.200050
2024-07-28T19:00:00+02:00,0.261034
2024-07-28T20:00:00+02:00,0.284000
2024-07-28T21:00:00+02:00,0.287630
2024-07-28T22:00:00+02:00,0.276425
2024-07-28T23:00:00+02:00,0.252092
2024-07-29T00:00:00+02:00,0.246103
2024-07-29T01:00:00+02:00,0.241698
2024-07-29T02:00:00+02:00,0.237318
2024-07-29T03:00:00+02:00,0.240028
2024-07-29T04:00:00+02:00,0.244118
2024-07-29T05:00:00+02:00,0.268960
2024-07-29T06:00:00+02:00,0.310039
2024-07-29T07:00:00+02:00,0.283782
2024-07-29T08:00:00+02:00,0.260780
2024-07-29T09:00:00+02:00,0.228122
2024-07-29T10:00:00+02:00,0.166170
2024-07-29T11:00:00+02:00,0.147476
2024-07-29T12:00:00+02:00,0.151372
2024-07-29T13:00:00+02:00,0.148020
2024-07-29T14:00:00+02:00,0.150464
2024-07-29T15:00:00+02:00,0.151178
2024-07-29T16:00:00+02:00,0.167864
2024-07-29T17:00:00+02:00,0.229284
2024-07-29T18:00:00+02:00,0.267447
2024-07-29T19:00:00+02:00,0.296511
2024-07-29T20:00:00+02:00,0.360012
2024-07-29T21:00:00+02:00,0.309071
2024-07-29T22:00:00+02:00,0.281084
2024-07-29T23:00:00+02:00,0.260792
2024-07-30T00:00:00+02:00,0.243997
2024-07-30T01:00:00+02:00,0.241420
2024-07-30T02:00:00+02:00,0.243828
2024-07-30T03:00:00+02:00,0.249442
2024-07-30T04:00:00+02:00,0.254960
2024-07-30T05:00:00+02:00,0.272940
2024-07-30T06:00:00+02:00,0.285815
2024-07-30T07:00:00+02:00,0.283480
2024-07-30T08:00:00+02:00,0.270726
2024-07-30T09:00:00+02:00,0.232841
2024-07-30T10:00:00+02:00,0.197049
2024-07-30T11:00:00+02:00,0.161136
2024-07-30T12:00:00+02:00,0.152860
2024-07-30T13:00:00+02:00,0.151577
2024-07-30T14:00:00+02:00,0.151577
2024-07-30T15:00:00+02:00,0.167513
2024-07-30T16:00:00+02:00,0.200945
2024-07-30T17:00:00+02:00,0.245195
2024-07-30T18:00:00+02:00,0.275300
2024-07-30T19:00:00+02:00,0.305030
2024-07-30T20:00:00+02:00,0.350913
2024-07-30T21:00:00+02:00,0.326640
2024-07-30T22:00:00+02:00,0.290304
2024-07-30T23:00:00+02:00,0.271488
2024-07-31T00:00:00+02:00,0.270896
2024-07-31T01:00:00+02:00,0.255952
2024-07-31T02:00:00+02:00,0.253072
2024-07-31T03:00:00+02:00,0.245207
2024-07-31T04:00:00+02:00,0.254621
2024-07-31T05:00:00+02:00,0.265535
2024-07-31T06:00:00+02:00,0.278761
2024-07-31T07:00:00+02:00,0.284375
2024-07-31T08:00:00+02:00,0.266915
2024-07-31T09:00:00+02:00,0.247034
2024-07-31T10:00:00+02:00,0.219277
2024-07-31T11:00:00+02:00,0.192137
2024-07-31T12:00:00+02:00,0.179274
2024-07-31T13:00:00+02:00,0.165396
2024-07-31T14:00:00+02:00,0.173878
2024-07-31T15:00:00+02:00,0.188676
2024-07-31T16:00:00+02:00,0.192863
2024-07-31T17:00:00+02:00,0.243368
2024-07-31T18:00:00+02:00,0.267677
2024-07-31T19:00:00+02:00,0.290340
2024-07-31T20:00:00+02:00,0.313342
2024-07-31T21:00:00+02:00,0.287944
2024-07-31T22:00:00+02:00,0.278022
2024-07-31T23:00:00+02:00,0.268488
2024-08-01T00:00:00+02:00,0.268681
2024-08-01T01:00:00+02:00,0.260308
2024-08-01T02:00:00+02:00,0.256630
2024-08-01T03:00:00+02:00,0.248934
2024-08-01T04:00:00+02:00,0.255831
2024-08-01T05:00:00+02:00,0.271561
2024-08-01T06:00:00+02:00,0.289856
2024-08-01T07:00:00+02:00,0.281108
2024-08-01T08:00:00+02:00,0.279850
2024-08-01T09:00:00+02:00,0.260671
2024-08-01T10:00:00+02:00,0.244760
2024-08-01T11:00:00+02:00,0.233494
2024-08-01T12:00:00+02:00,0.229126
2024-08-01T13:00:00+02:00,0.224661
2024-08-01T14:00:00+02:00,0.226827
2024-08-01T15:00:00+02:00,0.237016
2024-08-01T16:00:00+02:00,0.241480
2024-08-01T17:00:00+02:00,0.265124
2024-08-01T18:00:00+02:00,0.272529
2024-08-01T19:00:00+02:00,0.291042
2024-08-01T20:00:00+02:00,0.321171
2024-08-01T21:00:00+02:00,0.300916
2024-08-01T22:00:00+02:00,0.286843
2024-08-01T23:00:00+02:00,0.279099
2024-08-02T00:00:00+02:00,0.265305
2024-08-02T01:00:00+02:00,0.259183
2024-08-02T02:00:00+02:00,0.257888
2024-08-02T03:00:00+02:00,0.251185
2024-08-02T04:00:00+02:00,0.255831
2024-08-02T05:00:00+02:00,0.265922
2024-08-02T06:00:00+02:00,0.284157
2024-08-02T07:00:00+02:00,0.296596
2024-08-02T08:00:00+02:00,0.288078
2024-08-02T09:00:00+02:00,0.277998
2024-08-02T10:00:00+02:00,0.230421
2024-08-02T11:00:00+02:00,0.235237
2024-08-02T12:00:00+02:00,0.228896
2024-08-02T13:00:00+02:00,0.214207
2024-08-02T14:00:00+02:00,0.212428
2024-08-02T15:00:00+02:00,0.212211
2024-08-02T16:00:00+02:00,0.229961
2024-08-02T17:00:00+02:00,0.244711
2024-08-02T18:00:00+02:00,0.272529
2024-08-02T19:00:00+02:00,0.307450
2024-08-02T20:00:00+02:00,0.327983
2024-08-02T21:00:00+02:00,0.293123
2024-08-02T22:00:00+02:00,0.285839
2024-08-02T23:00:00+02:00,0.271924
2024-08-03T00:00:00+02:00,0.272844
2024-08-03T01:00:00+02:00,0.268209
2024-08-03T02:00:00+02:00,0.261397
2024-08-03T03:00:00+02:00,0.256363
2024-08-03T04:00:00+02:00,0.252975
2024-08-03T05:00:00+02:00,0.263091
2024-08-03T06:00:00+02:00,0.272529
2024-08-03T07:00:00+02:00,0.263031
2024-08-03T08:00:00+02:00,0.249890
2024-08-03T09:00:00+02:00,0.227771
2024-08-03T10:00:00+02:00,0.190902
2024-08-03T11:00:00+02:00,0.176286
2024-08-03T12:00:00+02:00,0.169389
2024-08-03T13:00:00+02:00,0.159406
2024-08-03T14:00:00+02:00,0.156611
2024-08-03T15:00:00+02:00,0.166194
2024-08-03T16:00:00+02:00,0.186498
2024-08-03T17:00:00+02:00,0.237197
2024-08-03T18:00:00+02:00,0.272529
2024-08-03T19:00:00+02:00,0.280939
2024-08-03T20:00:00+02:00,0.296729
2024-08-03T21:00:00+02:00,0.309979
2024-08-03T22:00:00+02:00,0.290861
2024-08-03T23:00:00+02:00,0.272529
2024-08-04T00:00:00+02:00,0.280987
2024-08-04T01:00:00+02:00,0.269807
2024-08-04T02:00:00+02:00,0.265245
2024-08-04T03:00:00+02:00,0.258191
2024-08-04T04:00:00+02:00,0.255105
2024-08-04T05:00:00+02:00,0.247313
2024-08-04T06:00:00+02:00,0.245667
2024-08-04T07:00:00+02:00,0.236144
2024-08-04T08:00:00+02:00,0.223016
2024-08-04T09:00:00+02:00,0.184163
2024-08-04T10:00:00+02:00,0.161391
2024-08-04T11:00:00+02:00,0.154131
2024-08-04T12:00:00+02:00,0.151723
2024-08-04T13:00:00+02:00,0.151602
2024-08-04T14:00:00+02:00,0.149061
2024-08-04T15:00:00+02:00,0.151638
2024-08-04T16:00:00+02:00,0.152896
2024-08-04T17:00:00+02:00,0.178815
2024-08-04T18:00:00+02:00,0.238952
2024-08-04T19:00:00+02:00,0.277490
2024-08-04T20:00:00+02:00,0.295398
2024-08-04T21:00:00+02:00,0.300057
2024-08-04T22:00:00+02:00,0.287025
2024-08-04T23:00:00+02:00,0.276195
2024-08-05T00:00:00+02:00,0.276909
2024-08-05T01:00:00+02:00,0.255371
2024-08-05T02:00:00+02:00,0.251233
2024-08-05T03:00:00+02:00,0.254645
2024-08-05T04:00:00+02:00,0.251850
2024-08-05T05:00:00+02:00,0.269044
2024-08-05T06:00:00+02:00,0.295616
2024-08-05T07:00:00+02:00,0.317771
2024-08-05T08:00:00+02:00,0.288888
2024-08-05T09:00:00+02:00,0.276074
2024-08-05T10:00:00+02:00,0.240198
2024-08-05T11:00:00+02:00,0.213892
2024-08-05T12:00:00+02:00,0.189160
2024-08-05T13:00:00+02:00,0.183110
2024-08-05T14:00:00+02:00,0.155655
2024-08-05T15:00:00+02:00,0.184441
2024-08-05T16:00:00+02:00,0.216857
2024-08-05T17:00:00+02:00,0.252806
2024-08-05T18:00:00+02:00,0.275070
2024-08-05T19:00:00+02:00,0.334771
2024-08-05T20:00:00+02:00,0.448378
2024-08-05T21:00:00+02:00,0.358475
2024-08-05T22:00:00+02:00,0.296777
2024-08-05T23:00:00+02:00,0.275978
2024-08-06T00:00:00+02:00,0.274586
2024-08-06T01:00:00+02:00,0.264809
2024-08-06T02:00:00+02:00,0.256448
2024-08-06T03:00:00+02:00,0.251366
2024-08-06T04:00:00+02:00,0.252370
2024-08-06T05:00:00+02:00,0.263502
2024-08-06T06:00:00+02:00,0.295446
2024-08-06T07:00:00+02:00,0.302319
2024-08-06T08:00:00+02:00,0.253689
2024-08-06T09:00:00+02:00,0.240815
2024-08-06T10:00:00+02:00,0.195258
2024-08-06T11:00:00+02:00,0.177193
2024-08-06T12:00:00+02:00,0.170816
2024-08-06T13:00:00+02:00,0.155195
2024-08-06T14:00:00+02:00,0.157410
2024-08-06T15:00:00+02:00,0.174930
2024-08-06T16:00:00+02:00,0.198646
2024-08-06T17:00:00+02:00,0.249358
2024-08-06T18:00:00+02:00,0.278700
2024-08-06T19:00:00+02:00,0.346932
2024-08-06T20:00:00+02:00,0.427772
2024-08-06T21:00:00+02:00,0.356019
2024-08-06T22:00:00+02:00,0.294466
2024-08-06T23:00:00+02:00,0.271706
2024-08-07T00:00:00+02:00,0.260671
2024-08-07T01:00:00+02:00,0.253435
2024-08-07T02:00:00+02:00,0.247361
2024-08-07T03:00:00+02:00,0.253859
2024-08-07T04:00:00+02:00,0.257767
2024-08-07T05:00:00+02:00,0.277926
2024-08-07T06:00:00+02:00,0.304195
2024-08-07T07:00:00+02:00,0.306917
2024-08-07T08:00:00+02:00,0.282512
2024-08-07T09:00:00+02:00,0.257936
2024-08-07T10:00:00+02:00,0.238831
2024-08-07T11:00:00+02:00,0.226041
2024-08-07T12:00:00+02:00,0.196275
2024-08-07T13:00:00+02:00,0.148165
2024-08-07T14:00:00+02:00,0.139477
2024-08-07T15:00:00+02:00,0.139477
2024-08-07T16:00:00+02:00,0.151650
2024-08-07T17:00:00+02:00,0.218200
2024-08-07T18:00:00+02:00,0.278700
2024-08-07T19:00:00+02:00,0.270157
2024-08-07T20:00:00+02:00,0.304025
2024-08-07T21:00:00+02:00,0.314093
2024-08-07T22:00:00+02:00,0.288065
2024-08-07T23:00:00+02:00,0.276014
2024-08-08T00:00:00+02:00,0.268572
2024-08-08T01:00:00+02:00,0.259086
2024-08-08T02:00:00+02:00,0.258759
2024-08-08T03:00:00+02:00,0.258203
2024-08-08T04:00:00+02:00,0.258626
2024-08-08T05:00:00+02:00,0.267943
2024-08-08T06:00:00+02:00,0.285851
2024-08-08T07:00:00+02:00,0.302840
2024-08-08T08:00:00+02:00,0.294140
2024-08-08T09:00:00+02:00,0.280926
2024-08-08T10:00:00+02:00,0.255831
2024-08-08T11:00:00+02:00,0.238286
2024-08-08T12:00:00+02:00,0.212465
2024-08-08T13:00:00+02:00,0.200643
2024-08-08T14:00:00+02:00,0.187938
2024-08-08T15:00:00+02:00,0.197884
2024-08-08T16:00:00+02:00,0.221165
2024-08-08T17:00:00+02:00,0.248716
2024-08-08T18:00:00+02:00,0.274792
2024-08-08T19:00:00+02:00,0.272650
2024-08-08T20:00:00+02:00,0.319562
2024-08-08T21:00:00+02:00,0.315000
2024-08-08T22:00:00+02:00,0.275070
2024-08-08T23:00:00+02:00,0.264858
2024-08-09T00:00:00+02:00,0.270375
2024-08-09T01:00:00+02:00,0.240900
2024-08-09T02:00:00+02:00,0.214425
2024-08-09T03:00:00+02:00,0.195549
2024-08-09T04:00:00+02:00,0.215538
2024-08-09T05:00:00+02:00,0.192173
2024-08-09T06:00:00+02:00,0.247664
2024-08-09T07:00:00+02:00,0.251741
2024-08-09T08:00:00+02:00,0.215151
2024-08-09T09:00:00+02:00,0.189124
2024-08-09T10:00:00+02:00,0.161971
2024-08-09T11:00:00+02:00,0.151904
2024-08-09T12:00:00+02:00,0.151069
2024-08-09T13:00:00+02:00,0.150573
2024-08-09T14:00:00+02:00,0.148020
2024-08-09T15:00:00+02:00,0.139550
2024-08-09T16:00:00+02:00,0.140905
2024-08-09T17:00:00+02:00,0.150561
2024-08-09T18:00:00+02:00,0.200292
2024-08-09T19:00:00+02:00,0.253084
2024-08-09T20:00:00+02:00,0.305332
2024-08-09T21:00:00+02:00,0.311757
2024-08-09T22:00:00+02:00,0.296729
2024-08-09T23:00:00+02:00,0.292010
2024-08-10T00:00:00+02:00,0.257525
2024-08-10T01:00:00+02:00,0.268572
2024-08-10T02:00:00+02:00,0.262885
2024-08-10T03:00:00+02:00,0.259425
2024-08-10T04:00:00+02:00,0.256194
2024-08-10T05:00:00+02:00,0.259243
2024-08-10T06:00:00+02:00,0.270145
2024-08-10T07:00:00+02:00,0.244977
2024-08-10T08:00:00+02:00,0.190310
2024-08-10T09:00:00+02:00,0.151892
2024-08-10T10:00:00+02:00,0.148020
2024-08-10T11:00:00+02:00,0.136888
2024-08-10T12:00:00+02:00,0.124437
2024-08-10T13:00:00+02:00,0.094102
2024-08-10T14:00:00+02:00,0.088682
2024-08-10T15:00:00+02:00,0.115350
2024-08-10T16:00:00+02:00,0.139453
2024-08-10T17:00:00+02:00,0.150077
2024-08-10T18:00:00+02:00,0.210662
2024-08-10T19:00:00+02:00,0.282306
2024-08-10T20:00:00+02:00,0.307123
2024-08-10T21:00:00+02:00,0.317311
2024-08-10T22:00:00+02:00,0.296729
2024-08-10T23:00:00+02:00,0.282270
2024-08-11T00:00:00+02:00,0.284036
2024-08-11T01:00:00+02:00,0.282100
2024-08-11T02:00:00+02:00,0.279051
2024-08-11T03:00:00+02:00,0.274417
2024-08-11T04:00:00+02:00,0.279293
2024-08-11T05:00:00+02:00,0.294406
2024-08-11T06:00:00+02:00,0.290001
2024-08-11T07:00:00+02:00,0.253290
2024-08-11T08:00:00+02:00,0.185506
2024-08-11T09:00:00+02:00,0.151650
2024-08-11T10:00:00+02:00,0.145588
2024-08-11T11:00:00+02:00,0.133512
2024-08-11T12:00:00+02:00,0.111805
2024-08-11T13:00:00+02:00,0.079086
2024-08-11T14:00:00+02:00,0.091029
2024-08-11T15:00:00+02:00,0.113656
2024-08-11T16:00:00+02:00,0.145310
2024-08-11T17:00:00+02:00,0.152449
2024-08-11T18:00:00+02:00,0.260574
2024-08-11T19:00:00+02:00,0.311370
2024-08-11T20:00:00+02:00,0.319755
2024-08-11T21:00:00+02:00,0.306143
2024-08-11T22:00:00+02:00,0.284738
2024-08-11T23:00:00+02:00,0.269359
2024-08-12T00:00:00+02:00,0.277950
2024-08-12T01:00:00+02:00,0.262776
2024-08-12T02:00:00+02:00,0.254863
2024-08-12T03:00:00+02:00,0.255105
2024-08-12T04:00:00+02:00,0.256085
2024-08-12T05:00:00+02:00,0.256206
2024-08-12T06:00:00+02:00,0.287944
2024-08-12T07:00:00+02:00,0.296463
2024-08-12T08:00:00+02:00,0.271912
2024-08-12T09:00:00+02:00,0.228727
2024-08-12T10:00:00+02:00,0.200195
2024-08-12T11:00:00+02:00,0.171058
2024-08-12T12:00:00+02:00,0.152739
2024-08-12T13:00:00+02:00,0.148020
2024-08-12T14:00:00+02:00,0.139477
2024-08-12T15:00:00+02:00,0.163750
2024-08-12T16:00:00+02:00,0.209778
2024-08-12T17:00:00+02:00,0.258917
2024-08-12T18:00:00+02:00,0.298338
2024-08-12T19:00:00+02:00,0.392416
2024-08-12T20:00:00+02:00,0.417838
2024-08-12T21:00:00+02:00,0.307643
2024-08-12T22:00:00+02:00,0.280576
2024-08-12T23:00:00+02:00,0.272638
2024-08-13T00:00:00+02:00,0.271900
2024-08-13T01:00:00+02:00,0.257791
2024-08-13T02:00:00+02:00,0.255214
2024-08-13T03:00:00+02:00,0.257162
2024-08-13T04:00:00+02:00,0.259340
2024-08-13T05:00:00+02:00,0.271876
2024-08-13T06:00:00+02:00,0.301944
2024-08-13T07:00:00+02:00,0.311757
2024-08-13T08:00:00+02:00,0.294297
2024-08-13T09:00:00+02:00,0.272771
2024-08-13T10:00:00+02:00,0.241166
2024-08-13T11:00:00+02:00,0.219446
2024-08-13T12:00:00+02:00,0.203692
2024-08-13T13:00:00+02:00,0.200655
2024-08-13T14:00:00+02:00,0.209730
2024-08-13T15:00:00+02:00,0.229284
2024-08-13T16:00:00+02:00,0.254621
2024-08-13T17:00:00+02:00,0.276195
2024-08-13T18:00:00+02:00,0.294793
2024-08-13T19:00:00+02:00,0.380897
2024-08-13T20:00:00+02:00,0.384986
2024-08-13T21:00:00+02:00,0.304945
2024-08-13T22:00:00+02:00,0.287170
2024-08-13T23:00:00+02:00,0.278603
2024-08-14T00:00:00+02:00,0.257985
2024-08-14T01:00:00+02:00,0.260429
2024-08-14T02:00:00+02:00,0.256436
2024-08-14T03:00:00+02:00,0.260913
2024-08-14T04:00:00+02:00,0.261058
2024-08-14T05:00:00+02:00,0.276413
2024-08-14T06:00:00+02:00,0.302150
2024-08-14T07:00:00+02:00,0.311890
2024-08-14T08:00:00+02:00,0.300008
2024-08-14T09:00:00+02:00,0.288731
2024-08-14T10:00:00+02:00,0.272650
2024-08-14T11:00:00+02:00,0.265753
2024-08-14T12:00:00+02:00,0.252128
2024-08-14T13:00:00+02:00,0.244820
2024-08-14T14:00:00+02:00,0.242085
2024-08-14T15:00:00+02:00,0.247627
2024-08-14T16:00:00+02:00,0.261784
2024-08-14T17:00:00+02:00,0.273618
2024-08-14T18:00:00+02:00,0.286541
2024-08-14T19:00:00+02:00,0.339200
2024-08-14T20:00:00+02:00,0.400160
2024-08-14T21:00:00+02:00,0.325757
2024-08-14T22:00:00+02:00,0.295217
2024-08-14T23:00:00+02:00,0.282330
2024-08-15T00:00:00+02:00,0.278095
2024-08-15T01:00:00+02:00,0.275929
2024-08-15T02:00:00+02:00,0.270678
2024-08-15T03:00:00+02:00,0.259788
2024-08-15T04:00:00+02:00,0.260550
2024-08-15T05:00:00+02:00,0.275131
2024-08-15T06:00:00+02:00,0.287364
2024-08-15T07:00:00+02:00,0.287969
2024-08-15T08:00:00+02:00,0.278506
2024-08-15T09:00:00+02:00,0.248583
2024-08-15T10:00:00+02:00,0.215284
2024-08-15T11:00:00+02:00,0.173805
2024-08-15T12:00:00+02:00,0.163641
2024-08-15T13:00:00+02:00,0.151481
2024-08-15T14:00:00+02:00,0.151408
2024-08-15T15:00:00+02:00,0.148020
2024-08-15T16:00:00+02:00,0.139490
2024-08-15T17:00:00+02:00,0.187829
2024-08-15T18:00:00+02:00,0.273364
2024-08-15T19:00:00+02:00,0.284024
2024-08-15T20:00:00+02:00,0.305260
2024-08-15T21:00:00+02:00,0.298629
2024-08-15T22:00:00+02:00,0.286444
2024-08-15T23:00:00+02:00,0.264833
2024-08-16T00:00:00+02:00,0.253290
2024-08-16T01:00:00+02:00,0.240113
2024-08-16T02:00:00+02:00,0.252625
2024-08-16T03:00:00+02:00,0.250991
2024-08-16T04:00:00+02:00,0.253556
2024-08-16T05:00:00+02:00,0.259376
2024-08-16T06:00:00+02:00,0.297358
2024-08-16T07:00:00+02:00,0.304751
2024-08-16T08:00:00+02:00,0.296850
2024-08-16T09:00:00+02:00,0.284762
2024-08-16T10:00:00+02:00,0.272650
2024-08-16T11:00:00+02:00,0.260066
2024-08-16T12:00:00+02:00,0.241662
2024-08-16T13:00:00+02:00,0.216385
2024-08-16T14:00:00+02:00,0.209379
2024-08-16T15:00:00+02:00,0.217293
2024-08-16T16:00:00+02:00,0.246623
2024-08-16T17:00:00+02:00,0.268984
2024-08-16T18:00:00+02:00,0.303820
2024-08-16T19:00:00+02:00,0.404213
2024-08-16T20:00:00+02:00,0.416943
2024-08-16T21:00:00+02:00,0.346206
2024-08-16T22:00:00+02:00,0.311068
2024-08-16T23:00:00+02:00,0.292228
2024-08-17T00:00:00+02:00,0.281241
2024-08-17T01:00:00+02:00,0.279595
2024-08-17T02:00:00+02:00,0.273630
2024-08-17T03:00:00+02:00,0.270230
2024-08-17T04:00:00+02:00,0.276304
2024-08-17T05:00:00+02:00,0.276631
2024-08-17T06:00:00+02:00,0.273654
2024-08-17T07:00:00+02:00,0.270508
2024-08-17T08:00:00+02:00,0.272348
2024-08-17T09:00:00+02:00,0.250471
2024-08-17T10:00:00+02:00,0.235128
2024-08-17T11:00:00+02:00,0.209730
2024-08-17T12:00:00+02:00,0.191580
2024-08-17T13:00:00+02:00,0.184441
2024-08-17T14:00:00+02:00,0.174979
2024-08-17T15:00:00+02:00,0.188616
2024-08-17T16:00:00+02:00,0.219483
2024-08-17T17:00:00+02:00,0.254004
2024-08-17T18:00:00+02:00,0.287872
2024-08-17T19:00:00+02:00,0.312302
2024-08-17T20:00:00+02:00,0.323252
2024-08-17T21:00:00+02:00,0.302936
2024-08-17T22:00:00+02:00,0.292143
2024-08-17T23:00:00+02:00,0.279535
2024-08-18T00:00:00+02:00,0.281652
2024-08-18T01:00:00+02:00,0.280079
2024-08-18T02:00:00+02:00,0.272650
2024-08-18T03:00:00+02:00,0.270968
2024-08-18T04:00:00+02:00,0.268657
2024-08-18T05:00:00+02:00,0.267931
2024-08-18T06:00:00+02:00,0.263333
2024-08-18T07:00:00+02:00,0.256835
2024-08-18T08:00:00+02:00,0.252262
2024-08-18T09:00:00+02:00,0.242824
2024-08-18T10:00:00+02:00,0.227348
2024-08-18T11:00:00+02:00,0.170163
2024-08-18T12:00:00+02:00,0.162455
2024-08-18T13:00:00+02:00,0.163750
2024-08-18T14:00:00+02:00,0.151650
2024-08-18T15:00:00+02:00,0.151650
2024-08-18T16:00:00+02:00,0.172583
2024-08-18T17:00:00+02:00,0.234426
2024-08-18T18:00:00+02:00,0.253242
2024-08-18T19:00:00+02:00,0.278434
2024-08-18T20:00:00+02:00,0.286843
2024-08-18T21:00:00+02:00,0.284714
2024-08-18T22:00:00+02:00,0.286505
2024-08-18T23:00:00+02:00,0.272057
2024-08-19T00:00:00+02:00,0.269492
2024-08-19T01:00:00+02:00,0.260671
2024-08-19T02:00:00+02:00,0.258977
2024-08-19T03:00:00+02:00,0.254331
2024-08-19T04:00:00+02:00,0.253895
2024-08-19T05:00:00+02:00,0.256642
2024-08-19T06:00:00+02:00,0.300299
2024-08-19T07:00:00+02:00,0.332872
2024-08-19T08:00:00+02:00,0.307317
2024-08-19T09:00:00+02:00,0.287872
2024-08-19T10:00:00+02:00,0.267907
2024-08-19T11:00:00+02:00,0.258989
2024-08-19T12:00:00+02:00,0.252346
2024-08-19T13:00:00+02:00,0.246018
2024-08-19T14:00:00+02:00,0.247180
2024-08-19T15:00:00+02:00,0.247482
2024-08-19T16:00:00+02:00,0.248813
2024-08-19T17:00:00+02:00,0.271041
2024-08-19T18:00:00+02:00,0.281168
2024-08-19T19:00:00+02:00,0.345250
2024-08-19T20:00:00+02:00,0.394787
2024-08-19T21:00:00+02:00,0.319816
2024-08-19T22:00:00+02:00,0.273921
2024-08-19T23:00:00+02:00,0.256109
2024-08-20T00:00:00+02:00,0.264011
2024-08-20T01:00:00+02:00,0.258566
2024-08-20T02:00:00+02:00,0.256642
2024-08-20T03:00:00+02:00,0.255988
2024-08-20T04:00:00+02:00,0.252249
2024-08-20T05:00:00+02:00,0.256666
2024-08-20T06:00:00+02:00,0.296560
2024-08-20T07:00:00+02:00,0.297709
2024-08-20T08:00:00+02:00,0.283891
2024-08-20T09:00:00+02:00,0.275360
2024-08-20T10:00:00+02:00,0.224952
2024-08-20T11:00:00+02:00,0.208411
2024-08-20T12:00:00+02:00,0.191399
2024-08-20T13:00:00+02:00,0.171095
2024-08-20T14:00:00+02:00,0.161633
2024-08-20T15:00:00+02:00,0.184574
2024-08-20T16:00:00+02:00,0.212053
2024-08-20T17:00:00+02:00,0.272965
2024-08-20T18:00:00+02:00,0.293026
2024-08-20T19:00:00+02:00,0.301279
2024-08-20T20:00:00+02:00,0.327197
2024-08-20T21:00:00+02:00,0.296850
2024-08-20T22:00:00+02:00,0.276788
2024-08-20T23:00:00+02:00,0.266225
2024-08-21T00:00:00+02:00,0.254379
2024-08-21T01:00:00+02:00,0.244094
2024-08-21T02:00:00+02:00,0.226839
2024-08-21T03:00:00+02:00,0.213796
2024-08-21T04:00:00+02:00,0.212029
2024-08-21T05:00:00+02:00,0.216990
2024-08-21T06:00:00+02:00,0.249164
2024-08-21T07:00:00+02:00,0.257102
2024-08-21T08:00:00+02:00,0.256315
2024-08-21T09:00:00+02:00,0.213360
2024-08-21T10:00:00+02:00,0.146520
2024-08-21T11:00:00+02:00,0.138945
2024-08-21T12:00:00+02:00,0.128660
2024-08-21T13:00:00+02:00,0.113257
2024-08-21T14:00:00+02:00,0.116439
2024-08-21T15:00:00+02:00,0.126192
2024-08-21T16:00:00+02:00,0.131612
2024-08-21T17:00:00+02:00,0.149230
2024-08-21T18:00:00+02:00,0.232974
2024-08-21T19:00:00+02:00,0.275191
2024-08-21T20:00:00+02:00,0.317021
2024-08-21T21:00:00+02:00,0.307292
2024-08-21T22:00:00+02:00,0.275518
2024-08-21T23:00:00+02:00,0.255093
2024-08-22T00:00:00+02:00,0.245873
2024-08-22T01:00:00+02:00,0.237064
2024-08-22T02:00:00+02:00,0.243695
2024-08-22T03:00:00+02:00,0.221830
2024-08-22T04:00:00+02:00,0.212029
2024-08-22T05:00:00+02:00,0.227154
2024-08-22T06:00:00+02:00,0.259340
2024-08-22T07:00:00+02:00,0.227565
2024-08-22T08:00:00+02:00,0.208036
2024-08-22T09:00:00+02:00,0.171010
2024-08-22T10:00:00+02:00,0.143228
2024-08-22T11:00:00+02:00,0.128140
2024-08-22T12:00:00+02:00,0.126240
2024-08-22T13:00:00+02:00,0.116608
2024-08-22T14:00:00+02:00,0.119283
2024-08-22T15:00:00+02:00,0.132859
2024-08-22T16:00:00+02:00,0.139490
2024-08-22T17:00:00+02:00,0.151650
2024-08-22T18:00:00+02:00,0.260550
2024-08-22T19:00:00+02:00,0.287957
2024-08-22T20:00:00+02:00,0.290437
2024-08-22T21:00:00+02:00,0.286178
2024-08-22T22:00:00+02:00,0.267895
2024-08-22T23:00:00+02:00,0.247422
2024-08-23T00:00:00+02:00,0.213699
2024-08-23T01:00:00+02:00,0.200897
2024-08-23T02:00:00+02:00,0.191604
2024-08-23T03:00:00+02:00,0.172220
2024-08-23T04:00:00+02:00,0.163024
2024-08-23T05:00:00+02:00,0.159939
2024-08-23T06:00:00+02:00,0.169897
2024-08-23T07:00:00+02:00,0.185203
2024-08-23T08:00:00+02:00,0.187938
2024-08-23T09:00:00+02:00,0.153175
2024-08-23T10:00:00+02:00,0.150694
2024-08-23T11:00:00+02:00,0.146846
2024-08-23T12:00:00+02:00,0.151553
2024-08-23T13:00:00+02:00,0.150440
2024-08-23T14:00:00+02:00,0.139550
2024-08-23T15:00:00+02:00,0.139453
2024-08-23T16:00:00+02:00,0.139477
2024-08-23T17:00:00+02:00,0.149230
2024-08-23T18:00:00+02:00,0.212392
2024-08-23T19:00:00+02:00,0.271259
2024-08-23T20:00:00+02:00,0.295277
2024-08-23T21:00:00+02:00,0.301678
2024-08-23T22:00:00+02:00,0.296681
2024-08-23T23:00:00+02:00,0.273666
2024-08-24T00:00:00+02:00,0.265874
2024-08-24T01:00:00+02:00,0.275070
2024-08-24T02:00:00+02:00,0.270690
2024-08-24T03:00:00+02:00,0.270097
2024-08-24T04:00:00+02:00,0.271355
2024-08-24T05:00:00+02:00,0.276050
2024-08-24T06:00:00+02:00,0.272529
2024-08-24T07:00:00+02:00,0.271525
2024-08-24T08:00:00+02:00,0.240355
2024-08-24T09:00:00+02:00,0.169800
2024-08-24T10:00:00+02:00,0.151626
2024-08-24T11:00:00+02:00,0.143374
2024-08-24T12:00:00+02:00,0.129096
2024-08-24T13:00:00+02:00,0.102827
2024-08-24T14:00:00+02:00,0.097297
2024-08-24T15:00:00+02:00,0.116475
2024-08-24T16:00:00+02:00,0.139490
2024-08-24T17:00:00+02:00,0.147221
2024-08-24T18:00:00+02:00,0.233398
2024-08-24T19:00:00+02:00,0.260671
2024-08-24T20:00:00+02:00,0.248680
2024-08-24T21:00:00+02:00,0.237923
2024-08-24T22:00:00+02:00,0.229259
2024-08-24T23:00:00+02:00,0.211412
2024-08-25T00:00:00+02:00,0.152122
2024-08-25T01:00:00+02:00,0.152763
2024-08-25T02:00:00+02:00,0.151650
2024-08-25T03:00:00+02:00,0.150743
2024-08-25T04:00:00+02:00,0.150960
2024-08-25T05:00:00+02:00,0.151650
2024-08-25T06:00:00+02:00,0.151711
2024-08-25T07:00:00+02:00,0.151638
2024-08-25T08:00:00+02:00,0.151650
2024-08-25T09:00:00+02:00,0.149968
2024-08-25T10:00:00+02:00,0.144305
2024-08-25T11:00:00+02:00,0.139429
2024-08-25T12:00:00+02:00,0.132895
2024-08-25T13:00:00+02:00,0.128212
2024-08-25T14:00:00+02:00,0.126881
2024-08-25T15:00:00+02:00,0.139465
2024-08-25T16:00:00+02:00,0.145177
2024-08-25T17:00:00+02:00,0.148625
2024-08-25T18:00:00+02:00,0.223282
2024-08-25T19:00:00+02:00,0.280636
2024-08-25T20:00:00+02:00,0.299548
2024-08-25T21:00:00+02:00,0.282233
2024-08-25T22:00:00+02:00,0.273921
2024-08-25T23:00:00+02:00,0.263563
2024-08-26T00:00:00+02:00,0.263103
2024-08-26T01:00:00+02:00,0.250338
2024-08-26T02:00:00+02:00,0.248293
2024-08-26T03:00:00+02:00,0.243574
2024-08-26T04:00:00+02:00,0.247264
2024-08-26T05:00:00+02:00,0.251596
2024-08-26T06:00:00+02:00,0.287279
2024-08-26T07:00:00+02:00,0.283588
2024-08-26T08:00:00+02:00,0.260550
2024-08-26T09:00:00+02:00,0.239375
2024-08-26T10:00:00+02:00,0.190370
2024-08-26T11:00:00+02:00,0.167840
2024-08-26T12:00:00+02:00,0.157700
2024-08-26T13:00:00+02:00,0.157700
2024-08-26T14:00:00+02:00,0.171421
2024-08-26T15:00:00+02:00,0.181162
2024-08-26T16:00:00+02:00,0.197920
2024-08-26T17:00:00+02:00,0.271259
2024-08-26T18:00:00+02:00,0.289699
2024-08-26T19:00:00+02:00,0.376710
2024-08-26T20:00:00+02:00,0.423029
2024-08-26T21:00:00+02:00,0.323894
2024-08-26T22:00:00+02:00,0.285960
2024-08-26T23:00:00+02:00,0.280636
2024-08-27T00:00:00+02:00,0.270932
2024-08-27T01:00:00+02:00,0.260175
2024-08-27T02:00:00+02:00,0.254863
2024-08-27T03:00:00+02:00,0.254863
2024-08-27T04:00:00+02:00,0.255710
2024-08-27T05:00:00+02:00,0.268052
2024-08-27T06:00:00+02:00,0.297286
2024-08-27T07:00:00+02:00,0.312895
2024-08-27T08:00:00+02:00,0.285125
2024-08-27T09:00:00+02:00,0.253266
2024-08-27T10:00:00+02:00,0.239157
2024-08-27T11:00:00+02:00,0.185978
2024-08-27T12:00:00+02:00,0.156502
2024-08-27T13:00:00+02:00,0.151880
2024-08-27T14:00:00+02:00,0.153017
2024-08-27T15:00:00+02:00,0.179625
2024-08-27T16:00:00+02:00,0.206584
2024-08-27T17:00:00+02:00,0.259255
2024-08-27T18:00:00+02:00,0.292083
2024-08-27T19:00:00+02:00,0.423900
2024-08-27T20:00:00+02:00,0.407892
2024-08-27T21:00:00+02:00,0.298000
2024-08-27T22:00:00+02:00,0.279220
2024-08-27T23:00:00+02:00,0.263781
2024-08-28T00:00:00+02:00,0.261458
2024-08-28T01:00:00+02:00,0.262365
2024-08-28T02:00:00+02:00,0.257767
2024-08-28T03:00:00+02:00,0.259316
2024-08-28T04:00:00+02:00,0.262026
2024-08-28T05:00:00+02:00,0.262643
2024-08-28T06:00:00+02:00,0.289542
2024-08-28T07:00:00+02:00,0.307014
2024-08-28T08:00:00+02:00,0.298060
2024-08-28T09:00:00+02:00,0.279184
2024-08-28T10:00:00+02:00,0.257707
2024-08-28T11:00:00+02:00,0.235104
2024-08-28T12:00:00+02:00,0.193940
2024-08-28T13:00:00+02:00,0.163798
2024-08-28T14:00:00+02:00,0.157543
2024-08-28T15:00:00+02:00,0.218055
2024-08-28T16:00:00+02:00,0.246720
2024-08-28T17:00:00+02:00,0.262692
2024-08-28T18:00:00+02:00,0.285488
2024-08-28T19:00:00+02:00,0.389161
2024-08-28T20:00:00+02:00,0.392307
2024-08-28T21:00:00+02:00,0.303251
2024-08-28T22:00:00+02:00,0.287170
2024-08-28T23:00:00+02:00,0.272662
2024-08-29T00:00:00+02:00,0.265281
2024-08-29T01:00:00+02:00,0.265753
2024-08-29T02:00:00+02:00,0.260429
2024-08-29T03:00:00+02:00,0.259219
2024-08-29T04:00:00+02:00,0.260006
2024-08-29T05:00:00+02:00,0.273195
2024-08-29T06:00:00+02:00,0.289481
2024-08-29T07:00:00+02:00,0.312895
2024-08-29T08:00:00+02:00,0.304400
2024-08-29T09:00:00+02:00,0.283189
2024-08-29T10:00:00+02:00,0.263236
2024-08-29T11:00:00+02:00,0.253822
2024-08-29T12:00:00+02:00,0.231135
2024-08-29T13:00:00+02:00,0.205979
2024-08-29T14:00:00+02:00,0.213953
2024-08-29T15:00:00+02:00,0.247797
2024-08-29T16:00:00+02:00,0.260127
2024-08-29T17:00:00+02:00,0.277962
2024-08-29T18:00:00+02:00,0.290425
2024-08-29T19:00:00+02:00,0.417656
2024-08-29T20:00:00+02:00,0.488623
2024-08-29T21:00:00+02:00,0.352510
2024-08-29T22:00:00+02:00,0.302815
2024-08-29T23:00:00+02:00,0.284484
2024-08-30T00:00:00+02:00,0.283298
2024-08-30T01:00:00+02:00,0.271622
2024-08-30T02:00:00+02:00,0.264495
2024-08-30T03:00:00+02:00,0.262256
2024-08-30T04:00:00+02:00,0.265668
2024-08-30T05:00:00+02:00,0.277684
2024-08-30T06:00:00+02:00,0.311503
2024-08-30T07:00:00+02:00,0.329121
2024-08-30T08:00:00+02:00,0.312084
2024-08-30T09:00:00+02:00,0.289227
2024-08-30T10:00:00+02:00,0.270533
2024-08-30T11:00:00+02:00,0.260490
2024-08-30T12:00:00+02:00,0.255940
2024-08-30T13:00:00+02:00,0.248728
2024-08-30T14:00:00+02:00,0.247204
2024-08-30T15:00:00+02:00,0.250713
2024-08-30T16:00:00+02:00,0.255057
2024-08-30T17:00:00+02:00,0.271634
2024-08-30T18:00:00+02:00,0.299512
2024-08-30T19:00:00+02:00,0.324305
2024-08-30T20:00:00+02:00,0.317771
2024-08-30T21:00:00+02:00,0.288029
2024-08-30T22:00:00+02:00,0.268814
2024-08-30T23:00:00+02:00,0.267036
2024-08-31T00:00:00+02:00,0.280612
2024-08-31T01:00:00+02:00,0.270448
2024-08-31T02:00:00+02:00,0.268899
2024-08-31T03:00:00+02:00,0.267314
2024-08-31T04:00:00+02:00,0.262244
2024-08-31T05:00:00+02:00,0.265511
2024-08-31T06:00:00+02:00,0.268536
2024-08-31T07:00:00+02:00,0.274828
2024-08-31T08:00:00+02:00,0.273376
2024-08-31T09:00:00+02:00,0.254403
2024-08-31T10:00:00+02:00,0.224407
2024-08-31T11:00:00+02:00,0.173841
2024-08-31T12:00:00+02:00,0.144947
2024-08-31T13:00:00+02:00,0.140784
2024-08-31T14:00:00+02:00,0.137650
2024-08-31T15:00:00+02:00,0.127450
2024-08-31T16:00:00+02:00,0.167138
2024-08-31T17:00:00+02:00,0.242400
2024-08-31T18:00:00+02:00,0.287666
2024-08-31T19:00:00+02:00,0.316851
2024-08-31T20:00:00+02:00,0.302598
2024-08-31T21:00:00+02:00,0.280830
2024-08-31T22:00:00+02:00,0.271815
2024-08-31T23:00:00+02:00,0.259195
2024-09-01T00:00:00+02:00,0.265257
2024-09-01T01:00:00+02:00,0.255698
2024-09-01T02:00:00+02:00,0.248898
2024-09-01T03:00:00+02:00,0.247930
2024-09-01T04:00:00+02:00,0.248293
2024-09-01T05:00:00+02:00,0.244300
2024-09-01T06:00:00+02:00,0.240948
2024-09-01T07:00:00+02:00,0.238879
2024-09-01T08:00:00+02:00,0.225012
2024-09-01T09:00:00+02:00,0.201587
2024-09-01T10:00:00+02:00,0.167053
2024-09-01T11:00:00+02:00,0.145806
2024-09-01T12:00:00+02:00,0.127523
2024-09-01T13:00:00+02:00,0.102137
2024-09-01T14:00:00+02:00,0.111272
2024-09-01T15:00:00+02:00,0.135533
2024-09-01T16:00:00+02:00,0.180678
2024-09-01T17:00:00+02:00,0.245050
2024-09-01T18:00:00+02:00,0.285391
2024-09-01T19:00:00+02:00,0.310487
2024-09-01T20:00:00+02:00,0.301436
2024-09-01T21:00:00+02:00,0.281979
2024-09-01T22:00:00+02:00,0.275082
2024-09-01T23:00:00+02:00,0.262377
2024-09-02T00:00:00+02:00,0.262050
2024-09-02T01:00:00+02:00,0.266322
2024-09-02T02:00:00+02:00,0.263442
2024-09-02T03:00:00+02:00,0.263587
2024-09-02T04:00:00+02:00,0.263236
2024-09-02T05:00:00+02:00,0.273727
2024-09-02T06:00:00+02:00,0.288622
2024-09-02T07:00:00+02:00,0.314819
2024-09-02T08:00:00+02:00,0.311297
2024-09-02T09:00:00+02:00,0.300044
2024-09-02T10:00:00+02:00,0.276074
2024-09-02T11:00:00+02:00,0.261542
2024-09-02T12:00:00+02:00,0.254524
2024-09-02T13:00:00+02:00,0.249684
2024-09-02T14:00:00+02:00,0.252637
2024-09-02T15:00:00+02:00,0.258336
2024-09-02T16:00:00+02:00,0.265584
2024-09-02T17:00:00+02:00,0.288235
2024-09-02T18:00:00+02:00,0.324910
2024-09-02T19:00:00+02:00,0.460841
2024-09-02T20:00:00+02:00,0.406343
2024-09-02T21:00:00+02:00,0.312979
2024-09-02T22:00:00+02:00,0.290449
2024-09-02T23:00:00+02:00,0.277490
2024-09-03T00:00:00+02:00,0.272142
2024-09-03T01:00:00+02:00,0.264180
2024-09-03T02:00:00+02:00,0.262365
2024-09-03T03:00:00+02:00,0.264144
2024-09-03T04:00:00+02:00,0.267810
2024-09-03T05:00:00+02:00,0.275627
2024-09-03T06:00:00+02:00,0.301569
2024-09-03T07:00:00+02:00,0.331250
2024-09-03T08:00:00+02:00,0.313730
2024-09-03T09:00:00+02:00,0.291986
2024-09-03T10:00:00+02:00,0.271295
2024-09-03T11:00:00+02:00,0.260574
2024-09-03T12:00:00+02:00,0.254258
2024-09-03T13:00:00+02:00,0.251705
2024-09-03T14:00:00+02:00,0.253435
2024-09-03T15:00:00+02:00,0.256521
2024-09-03T16:00:00+02:00,0.262353
2024-09-03T17:00:00+02:00,0.290316
2024-09-03T18:00:00+02:00,0.369329
2024-09-03T19:00:00+02:00,0.556504
2024-09-03T20:00:00+02:00,0.563050
2024-09-03T21:00:00+02:00,0.401878
2024-09-03T22:00:00+02:00,0.311939
2024-09-03T23:00:00+02:00,0.293607
2024-09-04T00:00:00+02:00,0.282572
2024-09-04T01:00:00+02:00,0.273122
2024-09-04T02:00:00+02:00,0.270351
2024-09-04T03:00:00+02:00,0.270387
2024-09-04T04:00:00+02:00,0.268536
2024-09-04T05:00:00+02:00,0.280709
2024-09-04T06:00:00+02:00,0.320324
2024-09-04T07:00:00+02:00,0.362589
2024-09-04T08:00:00+02:00,0.336272
2024-09-04T09:00:00+02:00,0.302706
2024-09-04T10:00:00+02:00,0.281374
2024-09-04T11:00:00+02:00,0.267532
2024-09-04T12:00:00+02:00,0.262837
2024-09-04T13:00:00+02:00,0.260998
2024-09-04T14:00:00+02:00,0.259643
2024-09-04T15:00:00+02:00,0.263744
2024-09-04T16:00:00+02:00,0.273195
2024-09-04T17:00:00+02:00,0.298810
2024-09-04T18:00:00+02:00,0.337300
2024-09-04T19:00:00+02:00,0.518280
2024-09-04T20:00:00+02:00,0.371810
2024-09-04T21:00:00+02:00,0.308805
2024-09-04T22:00:00+02:00,0.283504
2024-09-04T23:00:00+02:00,0.272517
2024-09-05T00:00:00+02:00,0.274187
2024-09-05T01:00:00+02:00,0.266116
2024-09-05T02:00:00+02:00,0.260550
2024-09-05T03:00:00+02:00,0.257053
2024-09-05T04:00:00+02:00,0.249140
2024-09-05T05:00:00+02:00,0.253653
2024-09-05T06:00:00+02:00,0.280830
2024-09-05T07:00:00+02:00,0.289106
2024-09-05T08:00:00+02:00,0.295688
2024-09-05T09:00:00+02:00,0.269843
2024-09-05T10:00:00+02:00,0.269020
2024-09-05T11:00:00+02:00,0.218321
2024-09-05T12:00:00+02:00,0.156115
2024-09-05T13:00:00+02:00,0.135448
2024-09-05T14:00:00+02:00,0.126240
2024-09-05T15:00:00+02:00,0.139429
2024-09-05T16:00:00+02:00,0.139550
2024-09-05T17:00:00+02:00,0.232357
2024-09-05T18:00:00+02:00,0.253447
2024-09-05T19:00:00+02:00,0.281749
2024-09-05T20:00:00+02:00,0.296850
2024-09-05T21:00:00+02:00,0.284327
2024-09-05T22:00:00+02:00,0.257767
2024-09-05T23:00:00+02:00,0.258033
2024-09-06T00:00:00+02:00,0.234777
2024-09-06T01:00:00+02:00,0.224553
2024-09-06T02:00:00+02:00,0.212223
2024-09-06T03:00:00+02:00,0.210734
2024-09-06T04:00:00+02:00,0.221830
2024-09-06T05:00:00+02:00,0.236350
2024-09-06T06:00:00+02:00,0.264531
2024-09-06T07:00:00+02:00,0.294733
2024-09-06T08:00:00+02:00,0.296935
2024-09-06T09:00:00+02:00,0.272360
2024-09-06T10:00:00+02:00,0.245728
2024-09-06T11:00:00+02:00,0.187829
2024-09-06T12:00:00+02:00,0.156224
2024-09-06T13:00:00+02:00,0.166751
2024-09-06T14:00:00+02:00,0.191338
2024-09-06T15:00:00+02:00,0.230506
2024-09-06T16:00:00+02:00,0.243695
2024-09-06T17:00:00+02:00,0.266600
2024-09-06T18:00:00+02:00,0.272844
2024-09-06T19:00:00+02:00,0.308103
2024-09-06T20:00:00+02:00,0.314359
2024-09-06T21:00:00+02:00,0.273860
2024-09-06T22:00:00+02:00,0.267205
2024-09-06T23:00:00+02:00,0.264071
2024-09-07T00:00:00+02:00,0.275433
2024-09-07T01:00:00+02:00,0.268548
2024-09-07T02:00:00+02:00,0.266273
2024-09-07T03:00:00+02:00,0.263466
2024-09-07T04:00:00+02:00,0.265874
2024-09-07T05:00:00+02:00,0.269444
2024-09-07T06:00:00+02:00,0.272965
2024-09-07T07:00:00+02:00,0.275736
2024-09-07T08:00:00+02:00,0.266648
2024-09-07T09:00:00+02:00,0.262970
2024-09-07T10:00:00+02:00,0.213989
2024-09-07T11:00:00+02:00,0.168880
2024-09-07T12:00:00+02:00,0.158281
2024-09-07T13:00:00+02:00,0.152884
2024-09-07T14:00:00+02:00,0.152182
2024-09-07T15:00:00+02:00,0.161669
2024-09-07T16:00:00+02:00,0.209307
2024-09-07T17:00:00+02:00,0.268621
2024-09-07T18:00:00+02:00,0.302319
2024-09-07T19:00:00+02:00,0.333682
2024-09-07T20:00:00+02:00,0.310317
2024-09-07T21:00:00+02:00,0.274392
2024-09-07T22:00:00+02:00,0.262789
2024-09-07T23:00:00+02:00,0.259691
2024-09-08T00:00:00+02:00,0.265281
2024-09-08T01:00:00+02:00,0.259981
2024-09-08T02:00:00+02:00,0.252903
2024-09-08T03:00:00+02:00,0.250870
2024-09-08T04:00:00+02:00,0.251342
2024-09-08T05:00:00+02:00,0.254621
2024-09-08T06:00:00+02:00,0.252516
2024-09-08T07:00:00+02:00,0.250955
2024-09-08T08:00:00+02:00,0.244493
2024-09-08T09:00:00+02:00,0.197473
2024-09-08T10:00:00+02:00,0.161681
2024-09-08T11:00:00+02:00,0.152182
2024-09-08T12:00:00+02:00,0.151698
2024-09-08T13:00:00+02:00,0.151626
2024-09-08T14:00:00+02:00,0.148395
2024-09-08T15:00:00+02:00,0.151723
2024-09-08T16:00:00+02:00,0.217595
2024-09-08T17:00:00+02:00,0.255589
2024-09-08T18:00:00+02:00,0.282124
2024-09-08T19:00:00+02:00,0.293208
2024-09-08T20:00:00+02:00,0.302065
2024-09-08T21:00:00+02:00,0.286795
2024-09-08T22:00:00+02:00,0.275421
2024-09-08T23:00:00+02:00,0.266830
2024-09-09T00:00:00+02:00,0.254875
2024-09-09T01:00:00+02:00,0.255420
2024-09-09T02:00:00+02:00,0.247712
2024-09-09T03:00:00+02:00,0.261929
2024-09-09T04:00:00+02:00,0.255214
2024-09-09T05:00:00+02:00,0.254875
2024-09-09T06:00:00+02:00,0.288900
2024-09-09T07:00:00+02:00,0.325733
2024-09-09T08:00:00+02:00,0.350054
2024-09-09T09:00:00+02:00,0.302295
2024-09-09T10:00:00+02:00,0.281846
2024-09-09T11:00:00+02:00,0.268718
2024-09-09T12:00:00+02:00,0.256061
2024-09-09T13:00:00+02:00,0.251971
2024-09-09T14:00:00+02:00,0.240718
2024-09-09T15:00:00+02:00,0.243598
2024-09-09T16:00:00+02:00,0.233047
2024-09-09T17:00:00+02:00,0.246623
2024-09-09T18:00:00+02:00,0.284750
2024-09-09T19:00:00+02:00,0.291018
2024-09-09T20:00:00+02:00,0.287170
2024-09-09T21:00:00+02:00,0.267967
2024-09-09T22:00:00+02:00,0.258130
2024-09-09T23:00:00+02:00,0.248365
2024-09-10T00:00:00+02:00,0.235140
2024-09-10T01:00:00+02:00,0.238770
2024-09-10T02:00:00+02:00,0.225944
2024-09-10T03:00:00+02:00,0.233494
2024-09-10T04:00:00+02:00,0.230699
2024-09-10T05:00:00+02:00,0.245244
2024-09-10T06:00:00+02:00,0.270738
2024-09-10T07:00:00+02:00,0.303432
2024-09-10T08:00:00+02:00,0.285270
2024-09-10T09:00:00+02:00,0.243622
2024-09-10T10:00:00+02:00,0.200498
2024-09-10T11:00:00+02:00,0.161161
2024-09-10T12:00:00+02:00,0.150888
2024-09-10T13:00:00+02:00,0.151844
2024-09-10T14:00:00+02:00,0.150367
2024-09-10T15:00:00+02:00,0.149436
2024-09-10T16:00:00+02:00,0.151650
2024-09-10T17:00:00+02:00,0.179795
2024-09-10T18:00:00+02:00,0.249345
2024-09-10T19:00:00+02:00,0.272529
2024-09-10T20:00:00+02:00,0.296366
2024-09-10T21:00:00+02:00,0.304473
2024-09-10T22:00:00+02:00,0.265390
2024-09-10T23:00:00+02:00,0.242279
2024-09-11T00:00:00+02:00,0.212150
2024-09-11T01:00:00+02:00,0.200050
2024-09-11T02:00:00+02:00,0.199856
2024-09-11T03:00:00+02:00,0.192742
2024-09-11T04:00:00+02:00,0.200050
2024-09-11T05:00:00+02:00,0.210311
2024-09-11T06:00:00+02:00,0.273255
2024-09-11T07:00:00+02:00,0.276885
2024-09-11T08:00:00+02:00,0.284871
2024-09-11T09:00:00+02:00,0.269565
2024-09-11T10:00:00+02:00,0.244312
2024-09-11T11:00:00+02:00,0.204503
2024-09-11T12:00:00+02:00,0.190261
2024-09-11T13:00:00+02:00,0.175850
2024-09-11T14:00:00+02:00,0.154094
2024-09-11T15:00:00+02:00,0.218321
2024-09-11T16:00:00+02:00,0.236241
2024-09-11T17:00:00+02:00,0.271186
2024-09-11T18:00:00+02:00,0.289457
2024-09-11T19:00:00+02:00,0.322478
2024-09-11T20:00:00+02:00,0.316585
2024-09-11T21:00:00+02:00,0.289590
2024-09-11T22:00:00+02:00,0.275748
2024-09-11T23:00:00+02:00,0.273957
2024-09-12T00:00:00+02:00,0.257743
2024-09-12T01:00:00+02:00,0.250713
2024-09-12T02:00:00+02:00,0.251886
2024-09-12T03:00:00+02:00,0.249370
2024-09-12T04:00:00+02:00,0.249067
2024-09-12T05:00:00+02:00,0.254016
2024-09-12T06:00:00+02:00,0.279317
2024-09-12T07:00:00+02:00,0.313246
2024-09-12T08:00:00+02:00,0.314855
2024-09-12T09:00:00+02:00,0.276800
2024-09-12T10:00:00+02:00,0.254536
2024-09-12T11:00:00+02:00,0.246018
2024-09-12T12:00:00+02:00,0.244989
2024-09-12T13:00:00+02:00,0.243368
2024-09-12T14:00:00+02:00,0.243610
2024-09-12T15:00:00+02:00,0.244868
2024-09-12T16:00:00+02:00,0.260248
2024-09-12T17:00:00+02:00,0.272650
2024-09-12T18:00:00+02:00,0.287291
2024-09-12T19:00:00+02:00,0.388810
2024-09-12T20:00:00+02:00,0.389004
2024-09-12T21:00:00+02:00,0.293317
2024-09-12T22:00:00+02:00,0.271537
2024-09-12T23:00:00+02:00,0.262704
2024-09-13T00:00:00+02:00,0.272323
2024-09-13T01:00:00+02:00,0.261179
2024-09-13T02:00:00+02:00,0.254464
2024-09-13T03:00:00+02:00,0.251318
2024-09-13T04:00:00+02:00,0.248184
2024-09-13T05:00:00+02:00,0.255686
2024-09-13T06:00:00+02:00,0.271561
2024-09-13T07:00:00+02:00,0.296306
2024-09-13T08:00:00+02:00,0.310886
2024-09-13T09:00:00+02:00,0.261034
2024-09-13T10:00:00+02:00,0.271658
2024-09-13T11:00:00+02:00,0.261942
2024-09-13T12:00:00+02:00,0.206100
2024-09-13T13:00:00+02:00,0.209730
2024-09-13T14:00:00+02:00,0.163750
2024-09-13T15:00:00+02:00,0.212041
2024-09-13T16:00:00+02:00,0.232369
2024-09-13T17:00:00+02:00,0.239956
2024-09-13T18:00:00+02:00,0.267604
2024-09-13T19:00:00+02:00,0.272771
2024-09-13T20:00:00+02:00,0.284629
2024-09-13T21:00:00+02:00,0.276764
2024-09-13T22:00:00+02:00,0.260538
2024-09-13T23:00:00+02:00,0.266987
2024-09-14T00:00:00+02:00,0.296487
2024-09-14T01:00:00+02:00,0.281846
2024-09-14T02:00:00+02:00,0.272892
2024-09-14T03:00:00+02:00,0.263938
2024-09-14T04:00:00+02:00,0.249660
2024-09-14T05:00:00+02:00,0.240113
2024-09-14T06:00:00+02:00,0.252201
2024-09-14T07:00:00+02:00,0.288259
2024-09-14T08:00:00+02:00,0.285960
2024-09-14T09:00:00+02:00,0.278700
2024-09-14T10:00:00+02:00,0.212029
2024-09-14T11:00:00+02:00,0.161512
2024-09-14T12:00:00+02:00,0.152993
2024-09-14T13:00:00+02:00,0.151953
2024-09-14T14:00:00+02:00,0.151481
2024-09-14T15:00:00+02:00,0.152303
2024-09-14T16:00:00+02:00,0.164149
2024-09-14T17:00:00+02:00,0.230409
2024-09-14T18:00:00+02:00,0.273691
2024-09-14T19:00:00+02:00,0.304812
2024-09-14T20:00:00+02:00,0.298919
2024-09-14T21:00:00+02:00,0.284629
2024-09-14T22:00:00+02:00,0.265088
2024-09-14T23:00:00+02:00,0.260429
2024-09-15T00:00:00+02:00,0.250592
2024-09-15T01:00:00+02:00,0.248329
2024-09-15T02:00:00+02:00,0.240319
2024-09-15T03:00:00+02:00,0.243320
2024-09-15T04:00:00+02:00,0.237947
2024-09-15T05:00:00+02:00,0.239496
2024-09-15T06:00:00+02:00,0.243537
2024-09-15T07:00:00+02:00,0.272529
2024-09-15T08:00:00+02:00,0.279910
2024-09-15T09:00:00+02:00,0.217075
2024-09-15T10:00:00+02:00,0.164863
2024-09-15T11:00:00+02:00,0.151735
2024-09-15T12:00:00+02:00,0.151650
2024-09-15T13:00:00+02:00,0.151638
2024-09-15T14:00:00+02:00,0.151166
2024-09-15T15:00:00+02:00,0.151408
2024-09-15T16:00:00+02:00,0.174943
2024-09-15T17:00:00+02:00,0.251173
2024-09-15T18:00:00+02:00,0.283782
2024-09-15T19:00:00+02:00,0.309555
2024-09-15T20:00:00+02:00,0.305054
2024-09-15T21:00:00+02:00,0.285706
2024-09-15T22:00:00+02:00,0.277744
2024-09-15T23:00:00+02:00,0.263696
2024-09-16T00:00:00+02:00,0.264168
2024-09-16T01:00:00+02:00,0.250374
2024-09-16T02:00:00+02:00,0.246611
2024-09-16T03:00:00+02:00,0.251378
2024-09-16T04:00:00+02:00,0.247603
2024-09-16T05:00:00+02:00,0.248571
2024-09-16T06:00:00+02:00,0.282330
2024-09-16T07:00:00+02:00,0.306699
2024-09-16T08:00:00+02:00,0.328383
2024-09-16T09:00:00+02:00,0.304594
2024-09-16T10:00:00+02:00,0.278216
2024-09-16T11:00:00+02:00,0.266903
2024-09-16T12:00:00+02:00,0.253798
2024-09-16T13:00:00+02:00,0.241589
2024-09-16T14:00:00+02:00,0.229913
2024-09-16T15:00:00+02:00,0.223693
2024-09-16T16:00:00+02:00,0.224553
2024-09-16T17:00:00+02:00,0.247446
2024-09-16T18:00:00+02:00,0.274659
2024-09-16T19:00:00+02:00,0.283298
2024-09-16T20:00:00+02:00,0.283552
2024-09-16T21:00:00+02:00,0.260671
2024-09-16T22:00:00+02:00,0.247010
2024-09-16T23:00:00+02:00,0.242400
2024-09-17T00:00:00+02:00,0.255153
2024-09-17T01:00:00+02:00,0.251233
2024-09-17T02:00:00+02:00,0.246877
2024-09-17T03:00:00+02:00,0.245062
2024-09-17T04:00:00+02:00,0.239980
2024-09-17T05:00:00+02:00,0.244735
2024-09-17T06:00:00+02:00,0.266467
2024-09-17T07:00:00+02:00,0.305852
2024-09-17T08:00:00+02:00,0.307970
2024-09-17T09:00:00+02:00,0.270460
2024-09-17T10:00:00+02:00,0.248329
2024-09-17T11:00:00+02:00,0.233277
2024-09-17T12:00:00+02:00,0.210541
2024-09-17T13:00:00+02:00,0.185530
2024-09-17T14:00:00+02:00,0.160665
2024-09-17T15:00:00+02:00,0.186256
2024-09-17T16:00:00+02:00,0.224226
2024-09-17T17:00:00+02:00,0.247071
2024-09-17T18:00:00+02:00,0.286444
2024-09-17T19:00:00+02:00,0.309628
2024-09-17T20:00:00+02:00,0.284629
2024-09-17T21:00:00+02:00,0.266479
2024-09-17T22:00:00+02:00,0.257150
2024-09-17T23:00:00+02:00,0.251632
2024-09-18T00:00:00+02:00,0.246091
2024-09-18T01:00:00+02:00,0.245207
2024-09-18T02:00:00+02:00,0.246091
2024-09-18T03:00:00+02:00,0.244832
2024-09-18T04:00:00+02:00,0.241977
2024-09-18T05:00:00+02:00,0.252346
2024-09-18T06:00:00+02:00,0.272529
2024-09-18T07:00:00+02:00,0.319743
2024-09-18T08:00:00+02:00,0.311104
2024-09-18T09:00:00+02:00,0.270896
2024-09-18T10:00:00+02:00,0.245776
2024-09-18T11:00:00+02:00,0.209512
2024-09-18T12:00:00+02:00,0.158293
2024-09-18T13:00:00+02:00,0.151650
2024-09-18T14:00:00+02:00,0.151565
2024-09-18T15:00:00+02:00,0.152485
2024-09-18T16:00:00+02:00,0.193843
2024-09-18T17:00:00+02:00,0.247385
2024-09-18T18:00:00+02:00,0.284351
2024-09-18T19:00:00+02:00,0.308853
2024-09-18T20:00:00+02:00,0.282620
2024-09-18T21:00:00+02:00,0.259001
2024-09-18T22:00:00+02:00,0.251511
2024-09-18T23:00:00+02:00,0.240936
2024-09-19T00:00:00+02:00,0.243429
2024-09-19T01:00:00+02:00,0.243719
2024-09-19T02:00:00+02:00,0.255795
2024-09-19T03:00:00+02:00,0.259025
2024-09-19T04:00:00+02:00,0.249660
2024-09-19T05:00:00+02:00,0.258433
2024-09-19T06:00:00+02:00,0.286626
2024-09-19T07:00:00+02:00,0.323010
2024-09-19T08:00:00+02:00,0.301327
2024-09-19T09:00:00+02:00,0.269359
2024-09-19T10:00:00+02:00,0.242170
2024-09-19T11:00:00+02:00,0.207020
2024-09-19T12:00:00+02:00,0.157664
2024-09-19T13:00:00+02:00,0.151565
2024-09-19T14:00:00+02:00,0.151541
2024-09-19T15:00:00+02:00,0.162540
2024-09-19T16:00:00+02:00,0.213614
2024-09-19T17:00:00+02:00,0.261554
2024-09-19T18:00:00+02:00,0.289602
2024-09-19T19:00:00+02:00,0.313717
2024-09-19T20:00:00+02:00,0.288985
2024-09-19T21:00:00+02:00,0.261833
2024-09-19T22:00:00+02:00,0.259304
2024-09-19T23:00:00+02:00,0.247083
2024-09-20T00:00:00+02:00,0.239230
2024-09-20T01:00:00+02:00,0.241238
2024-09-20T02:00:00+02:00,0.240488
2024-09-20T03:00:00+02:00,0.236314
2024-09-20T04:00:00+02:00,0.239980
2024-09-20T05:00:00+02:00,0.247567
2024-09-20T06:00:00+02:00,0.283104
2024-09-20T07:00:00+02:00,0.322805
2024-09-20T08:00:00+02:00,0.283177
2024-09-20T09:00:00+02:00,0.259243
2024-09-20T10:00:00+02:00,0.226731
2024-09-20T11:00:00+02:00,0.181525
2024-09-20T12:00:00+02:00,0.161754
2024-09-20T13:00:00+02:00,0.151602
2024-09-20T14:00:00+02:00,0.151735
2024-09-20T15:00:00+02:00,0.161935
2024-09-20T16:00:00+02:00,0.205301
2024-09-20T17:00:00+02:00,0.254645
2024-09-20T18:00:00+02:00,0.281459
2024-09-20T19:00:00+02:00,0.329774
2024-09-20T20:00:00+02:00,0.284327
2024-09-20T21:00:00+02:00,0.261845
2024-09-20T22:00:00+02:00,0.257888
2024-09-20T23:00:00+02:00,0.257017
2024-09-21T00:00:00+02:00,0.258481
2024-09-21T01:00:00+02:00,0.254863
2024-09-21T02:00:00+02:00,0.250870
2024-09-21T03:00:00+02:00,0.251100
2024-09-21T04:00:00+02:00,0.256170
2024-09-21T05:00:00+02:00,0.259921
2024-09-21T06:00:00+02:00,0.270315
2024-09-21T07:00:00+02:00,0.275409
2024-09-21T08:00:00+02:00,0.255637
2024-09-21T09:00:00+02:00,0.225714
2024-09-21T10:00:00+02:00,0.178270
2024-09-21T11:00:00+02:00,0.155462
2024-09-21T12:00:00+02:00,0.151650
2024-09-21T13:00:00+02:00,0.147584
2024-09-21T14:00:00+02:00,0.146871
2024-09-21T15:00:00+02:00,0.152969
2024-09-21T16:00:00+02:00,0.203849
2024-09-21T17:00:00+02:00,0.256158
2024-09-21T18:00:00+02:00,0.304025
2024-09-21T19:00:00+02:00,0.325890
2024-09-21T20:00:00+02:00,0.288380
2024-09-21T21:00:00+02:00,0.266673
2024-09-21T22:00:00+02:00,0.264906
2024-09-21T23:00:00+02:00,0.256581
2024-09-22T00:00:00+02:00,0.270593
2024-09-22T01:00:00+02:00,0.260611
2024-09-22T02:00:00+02:00,0.260465
2024-09-22T03:00:00+02:00,0.260018
2024-09-22T04:00:00+02:00,0.261458
2024-09-22T05:00:00+02:00,0.261821
2024-09-22T06:00:00+02:00,0.267374
2024-09-22T07:00:00+02:00,0.270472
2024-09-22T08:00:00+02:00,0.252649
2024-09-22T09:00:00+02:00,0.230179
2024-09-22T10:00:00+02:00,0.183316
2024-09-22T11:00:00+02:00,0.166473
2024-09-22T12:00:00+02:00,0.165565
2024-09-22T13:00:00+02:00,0.151904
2024-09-22T14:00:00+02:00,0.151662
2024-09-22T15:00:00+02:00,0.163339
2024-09-22T16:00:00+02:00,0.222169
2024-09-22T17:00:00+02:00,0.276510
2024-09-22T18:00:00+02:00,0.310184
2024-09-22T19:00:00+02:00,0.347743
2024-09-22T20:00:00+02:00,0.306530
2024-09-22T21:00:00+02:00,0.283964
2024-09-22T22:00:00+02:00,0.271150
2024-09-22T23:00:00+02:00,0.262970
2024-09-23T00:00:00+02:00,0.257283
2024-09-23T01:00:00+02:00,0.248632
2024-09-23T02:00:00+02:00,0.250386
2024-09-23T03:00:00+02:00,0.251802
2024-09-23T04:00:00+02:00,0.253326
2024-09-23T05:00:00+02:00,0.261639
2024-09-23T06:00:00+02:00,0.309785
2024-09-23T07:00:00+02:00,0.398163
2024-09-23T08:00:00+02:00,0.334759
2024-09-23T09:00:00+02:00,0.284738
2024-09-23T10:00:00+02:00,0.268899
2024-09-23T11:00:00+02:00,0.248644
2024-09-23T12:00:00+02:00,0.247167
2024-09-23T13:00:00+02:00,0.239980
2024-09-23T14:00:00+02:00,0.236858
2024-09-23T15:00:00+02:00,0.235781
2024-09-23T16:00:00+02:00,0.261203
2024-09-23T17:00:00+02:00,0.294720
2024-09-23T18:00:00+02:00,0.400317
2024-09-23T19:00:00+02:00,0.494431
2024-09-23T20:00:00+02:00,0.354918
2024-09-23T21:00:00+02:00,0.283383
2024-09-23T22:00:00+02:00,0.261566
2024-09-23T23:00:00+02:00,0.253883
2024-09-24T00:00:00+02:00,0.251959
2024-09-24T01:00:00+02:00,0.245123
2024-09-24T02:00:00+02:00,0.244578
2024-09-24T03:00:00+02:00,0.244820
2024-09-24T04:00:00+02:00,0.238903
2024-09-24T05:00:00+02:00,0.248087
2024-09-24T06:00:00+02:00,0.274707
2024-09-24T07:00:00+02:00,0.319828
2024-09-24T08:00:00+02:00,0.305804
2024-09-24T09:00:00+02:00,0.272735
2024-09-24T10:00:00+02:00,0.255250
2024-09-24T11:00:00+02:00,0.246490
2024-09-24T12:00:00+02:00,0.235406
2024-09-24T13:00:00+02:00,0.225315
2024-09-24T14:00:00+02:00,0.218333
2024-09-24T15:00:00+02:00,0.233930
2024-09-24T16:00:00+02:00,0.244735
2024-09-24T17:00:00+02:00,0.263430
2024-09-24T18:00:00+02:00,0.289154
2024-09-24T19:00:00+02:00,0.302525
2024-09-24T20:00:00+02:00,0.275409
2024-09-24T21:00:00+02:00,0.249055
2024-09-24T22:00:00+02:00,0.244227
2024-09-24T23:00:00+02:00,0.232720
2024-09-25T00:00:00+02:00,0.226888
2024-09-25T01:00:00+02:00,0.244820
2024-09-25T02:00:00+02:00,0.235140
2024-09-25T03:00:00+02:00,0.220378
2024-09-25T04:00:00+02:00,0.240307
2024-09-25T05:00:00+02:00,0.234862
2024-09-25T06:00:00+02:00,0.252322
2024-09-25T07:00:00+02:00,0.267241
2024-09-25T08:00:00+02:00,0.273122
2024-09-25T09:00:00+02:00,0.274465
2024-09-25T10:00:00+02:00,0.269020
2024-09-25T11:00:00+02:00,0.254621
2024-09-25T12:00:00+02:00,0.255166
2024-09-25T13:00:00+02:00,0.243610
2024-09-25T14:00:00+02:00,0.254500
2024-09-25T15:00:00+02:00,0.248232
2024-09-25T16:00:00+02:00,0.269722
2024-09-25T17:00:00+02:00,0.295325
2024-09-25T18:00:00+02:00,0.362287
2024-09-25T19:00:00+02:00,0.392912
2024-09-25T20:00:00+02:00,0.311176
2024-09-25T21:00:00+02:00,0.276885
2024-09-25T22:00:00+02:00,0.270230
2024-09-25T23:00:00+02:00,0.259267
2024-09-26T00:00:00+02:00,0.222459
2024-09-26T01:00:00+02:00,0.213142
2024-09-26T02:00:00+02:00,0.207141
2024-09-26T03:00:00+02:00,0.203765
2024-09-26T04:00:00+02:00,0.199046
2024-09-26T05:00:00+02:00,0.204164
2024-09-26T06:00:00+02:00,0.231692
2024-09-26T07:00:00+02:00,0.254742
2024-09-26T08:00:00+02:00,0.252564
2024-09-26T09:00:00+02:00,0.230276
2024-09-26T10:00:00+02:00,0.207262
2024-09-26T11:00:00+02:00,0.189910
2024-09-26T12:00:00+02:00,0.172220
2024-09-26T13:00:00+02:00,0.166049
2024-09-26T14:00:00+02:00,0.165686
2024-09-26T15:00:00+02:00,0.188446
2024-09-26T16:00:00+02:00,0.208520
2024-09-26T17:00:00+02:00,0.228703
2024-09-26T18:00:00+02:00,0.248450
2024-09-26T19:00:00+02:00,0.266721
2024-09-26T20:00:00+02:00,0.251039
2024-09-26T21:00:00+02:00,0.225508
2024-09-26T22:00:00+02:00,0.214921
2024-09-26T23:00:00+02:00,0.195573
2024-09-27T00:00:00+02:00,0.151711
2024-09-27T01:00:00+02:00,0.151517
2024-09-27T02:00:00+02:00,0.150416
2024-09-27T03:00:00+02:00,0.150936
2024-09-27T04:00:00+02:00,0.144572
2024-09-27T05:00:00+02:00,0.149424
2024-09-27T06:00:00+02:00,0.152158
2024-09-27T07:00:00+02:00,0.182408
2024-09-27T08:00:00+02:00,0.200703
2024-09-27T09:00:00+02:00,0.161064
2024-09-27T10:00:00+02:00,0.151650
2024-09-27T11:00:00+02:00,0.149690
2024-09-27T12:00:00+02:00,0.151650
2024-09-27T13:00:00+02:00,0.152013
2024-09-27T14:00:00+02:00,0.156345
2024-09-27T15:00:00+02:00,0.157615
2024-09-27T16:00:00+02:00,0.173793
2024-09-27T17:00:00+02:00,0.215744
2024-09-27T18:00:00+02:00,0.239375
2024-09-27T19:00:00+02:00,0.247192
2024-09-27T20:00:00+02:00,0.239653
2024-09-27T21:00:00+02:00,0.205761
2024-09-27T22:00:00+02:00,0.203075
2024-09-27T23:00:00+02:00,0.182142
2024-09-28T00:00:00+02:00,0.153792
2024-09-28T01:00:00+02:00,0.155316
2024-09-28T02:00:00+02:00,0.155631
2024-09-28T03:00:00+02:00,0.155474
2024-09-28T04:00:00+02:00,0.155607
2024-09-28T05:00:00+02:00,0.156672
2024-09-28T06:00:00+02:00,0.166122
2024-09-28T07:00:00+02:00,0.199929
2024-09-28T08:00:00+02:00,0.202482
2024-09-28T09:00:00+02:00,0.194206
2024-09-28T10:00:00+02:00,0.163544
2024-09-28T11:00:00+02:00,0.156272
2024-09-28T12:00:00+02:00,0.152449
2024-09-28T13:00:00+02:00,0.151650
2024-09-28T14:00:00+02:00,0.151650
2024-09-28T15:00:00+02:00,0.151723
2024-09-28T16:00:00+02:00,0.163544
2024-09-28T17:00:00+02:00,0.242400
2024-09-28T18:00:00+02:00,0.278942
2024-09-28T19:00:00+02:00,0.326822
2024-09-28T20:00:00+02:00,0.323446
2024-09-28T21:00:00+02:00,0.279305
2024-09-28T22:00:00+02:00,0.265995
2024-09-28T23:00:00+02:00,0.260816
2024-09-29T00:00:00+02:00,0.281604
2024-09-29T01:00:00+02:00,0.285960
2024-09-29T02:00:00+02:00,0.250870
2024-09-29T03:00:00+02:00,0.271803
2024-09-29T04:00:00+02:00,0.272614
2024-09-29T05:00:00+02:00,0.254379
2024-09-29T06:00:00+02:00,0.242521
2024-09-29T07:00:00+02:00,0.270230
2024-09-29T08:00:00+02:00,0.265910
2024-09-29T09:00:00+02:00,0.217510
2024-09-29T10:00:00+02:00,0.153259
2024-09-29T11:00:00+02:00,0.151650
2024-09-29T12:00:00+02:00,0.151638
2024-09-29T13:00:00+02:00,0.151045
2024-09-29T14:00:00+02:00,0.151106
2024-09-29T15:00:00+02:00,0.151650
2024-09-29T16:00:00+02:00,0.203232
2024-09-29T17:00:00+02:00,0.268548
2024-09-29T18:00:00+02:00,0.333876
2024-09-29T19:00:00+02:00,0.352704
2024-09-29T20:00:00+02:00,0.283649
2024-09-29T21:00:00+02:00,0.248014
2024-09-29T22:00:00+02:00,0.230300
2024-09-29T23:00:00+02:00,0.196856
2024-09-30T00:00:00+02:00,0.174120
2024-09-30T01:00:00+02:00,0.164742
2024-09-30T02:00:00+02:00,0.161427
2024-09-30T03:00:00+02:00,0.157978
2024-09-30T04:00:00+02:00,0.158668
2024-09-30T05:00:00+02:00,0.172607
2024-09-30T06:00:00+02:00,0.207794
2024-09-30T07:00:00+02:00,0.252782
2024-09-30T08:00:00+02:00,0.259231
2024-09-30T09:00:00+02:00,0.228207
2024-09-30T10:00:00+02:00,0.198949
2024-09-30T11:00:00+02:00,0.173914
2024-09-30T12:00:00+02:00,0.162879
2024-09-30T13:00:00+02:00,0.154143
2024-09-30T14:00:00+02:00,0.169800
2024-09-30T15:00:00+02:00,0.183110
2024-09-30T16:00:00+02:00,0.223040
2024-09-30T17:00:00+02:00,0.258130
2024-09-30T18:00:00+02:00,0.248329
2024-09-30T19:00:00+02:00,0.232188
2024-09-30T20:00:00+02:00,0.212150
2024-09-30T21:00:00+02:00,0.182795
2024-09-30T22:00:00+02:00,0.176891
2024-09-30T23:00:00+02:00,0.163556
2024-10-01T00:00:00+02:00,0.155534
2024-10-01T01:00:00+02:00,0.151735
2024-10-01T02:00:00+02:00,0.151711
2024-10-01T03:00:00+02:00,0.151674
2024-10-01T04:00:00+02:00,0.151759
2024-10-01T05:00:00+02:00,0.158789
2024-10-01T06:00:00+02:00,0.227638
2024-10-01T07:00:00+02:00,0.277998
2024-10-01T08:00:00+02:00,0.290703
2024-10-01T09:00:00+02:00,0.273037
2024-10-01T10:00:00+02:00,0.244106
2024-10-01T11:00:00+02:00,0.234765
2024-10-01T12:00:00+02:00,0.222798
2024-10-01T13:00:00+02:00,0.218926
2024-10-01T14:00:00+02:00,0.219955
2024-10-01T15:00:00+02:00,0.226222
2024-10-01T16:00:00+02:00,0.264579
2024-10-01T17:00:00+02:00,0.279208
2024-10-01T18:00:00+02:00,0.309676
2024-10-01T19:00:00+02:00,0.320143
2024-10-01T20:00:00+02:00,0.296088
2024-10-01T21:00:00+02:00,0.263660
2024-10-01T22:00:00+02:00,0.262305
2024-10-01T23:00:00+02:00,0.243900
2024-10-02T00:00:00+02:00,0.254960
2024-10-02T01:00:00+02:00,0.258130
2024-10-02T02:00:00+02:00,0.255226
2024-10-02T03:00:00+02:00,0.249660
2024-10-02T04:00:00+02:00,0.246490
2024-10-02T05:00:00+02:00,0.249418
2024-10-02T06:00:00+02:00,0.269807
2024-10-02T07:00:00+02:00,0.296729
2024-10-02T08:00:00+02:00,0.313451
2024-10-02T09:00:00+02:00,0.292288
2024-10-02T10:00:00+02:00,0.269020
2024-10-02T11:00:00+02:00,0.267084
2024-10-02T12:00:00+02:00,0.258130
2024-10-02T13:00:00+02:00,0.249140
2024-10-02T14:00:00+02:00,0.247240
2024-10-02T15:00:00+02:00,0.250180
2024-10-02T16:00:00+02:00,0.250362
2024-10-02T17:00:00+02:00,0.271549
2024-10-02T18:00:00+02:00,0.293232
2024-10-02T19:00:00+02:00,0.309035
2024-10-02T20:00:00+02:00,0.290038
2024-10-02T21:00:00+02:00,0.268306
2024-10-02T22:00:00+02:00,0.264688
2024-10-02T23:00:00+02:00,0.254500
2024-10-03T00:00:00+02:00,0.231510
2024-10-03T01:00:00+02:00,0.228848
2024-10-03T02:00:00+02:00,0.248329
2024-10-03T03:00:00+02:00,0.248450
2024-10-03T04:00:00+02:00,0.248571
2024-10-03T05:00:00+02:00,0.255710
2024-10-03T06:00:00+02:00,0.258941
2024-10-03T07:00:00+02:00,0.303989
2024-10-03T08:00:00+02:00,0.325261
2024-10-03T09:00:00+02:00,0.281943
2024-10-03T10:00:00+02:00,0.236471
2024-10-03T11:00:00+02:00,0.226936
2024-10-03T12:00:00+02:00,0.208532
2024-10-03T13:00:00+02:00,0.193988
2024-10-03T14:00:00+02:00,0.198041
2024-10-03T15:00:00+02:00,0.208677
2024-10-03T16:00:00+02:00,0.236677
2024-10-03T17:00:00+02:00,0.272529
2024-10-03T18:00:00+02:00,0.298617
2024-10-03T19:00:00+02:00,0.321050
2024-10-03T20:00:00+02:00,0.301206
2024-10-03T21:00:00+02:00,0.273860
2024-10-03T22:00:00+02:00,0.269770
2024-10-03T23:00:00+02:00,0.260550
2024-10-04T00:00:00+02:00,0.242521
2024-10-04T01:00:00+02:00,0.239399
2024-10-04T02:00:00+02:00,0.244336
2024-10-04T03:00:00+02:00,0.248329
2024-10-04T04:00:00+02:00,0.239169
2024-10-04T05:00:00+02:00,0.244941
2024-10-04T06:00:00+02:00,0.276280
2024-10-04T07:00:00+02:00,0.305417
2024-10-04T08:00:00+02:00,0.322768
2024-10-04T09:00:00+02:00,0.292530
2024-10-04T10:00:00+02:00,0.272832
2024-10-04T11:00:00+02:00,0.253266
2024-10-04T12:00:00+02:00,0.241347
2024-10-04T13:00:00+02:00,0.238092
2024-10-04T14:00:00+02:00,0.239302
2024-10-04T15:00:00+02:00,0.242376
2024-10-04T16:00:00+02:00,0.255311
2024-10-04T17:00:00+02:00,0.277998
2024-10-04T18:00:00+02:00,0.307958
2024-10-04T19:00:00+02:00,0.330730
2024-10-04T20:00:00+02:00,0.301327
2024-10-04T21:00:00+02:00,0.272529
2024-10-04T22:00:00+02:00,0.272529
2024-10-04T23:00:00+02:00,0.260550
2024-10-05T00:00:00+02:00,0.264301
2024-10-05T01:00:00+02:00,0.254064
2024-10-05T02:00:00+02:00,0.250144
2024-10-05T03:00:00+02:00,0.243053
2024-10-05T04:00:00+02:00,0.243271
2024-10-05T05:00:00+02:00,0.248232
2024-10-05T06:00:00+02:00,0.255952
2024-10-05T07:00:00+02:00,0.273134
2024-10-05T08:00:00+02:00,0.285500
2024-10-05T09:00:00+02:00,0.274743
2024-10-05T10:00:00+02:00,0.248547
2024-10-05T11:00:00+02:00,0.224250
2024-10-05T12:00:00+02:00,0.202724
2024-10-05T13:00:00+02:00,0.195210
2024-10-05T14:00:00+02:00,0.183110
2024-10-05T15:00:00+02:00,0.219543
2024-10-05T16:00:00+02:00,0.239436
2024-10-05T17:00:00+02:00,0.263636
2024-10-05T18:00:00+02:00,0.318715
2024-10-05T19:00:00+02:00,0.318594
2024-10-05T20:00:00+02:00,0.280334
2024-10-05T21:00:00+02:00,0.266080
2024-10-05T22:00:00+02:00,0.253641
2024-10-05T23:00:00+02:00,0.232720
2024-10-06T00:00:00+02:00,0.230445
2024-10-06T01:00:00+02:00,0.225037
2024-10-06T02:00:00+02:00,0.223161
2024-10-06T03:00:00+02:00,0.221987
2024-10-06T04:00:00+02:00,0.220535
2024-10-06T05:00:00+02:00,0.221987
2024-10-06T06:00:00+02:00,0.221745
2024-10-06T07:00:00+02:00,0.231934
2024-10-06T08:00:00+02:00,0.236471
2024-10-06T09:00:00+02:00,0.224129
2024-10-06T10:00:00+02:00,0.194000
2024-10-06T11:00:00+02:00,0.171833
2024-10-06T12:00:00+02:00,0.158003
2024-10-06T13:00:00+02:00,0.151638
2024-10-06T14:00:00+02:00,0.151892
2024-10-06T15:00:00+02:00,0.215901
2024-10-06T16:00:00+02:00,0.251814
2024-10-06T17:00:00+02:00,0.280273
2024-10-06T18:00:00+02:00,0.269746
2024-10-06T19:00:00+02:00,0.243973
2024-10-06T20:00:00+02:00,0.230179
2024-10-06T21:00:00+02:00,0.214219
2024-10-06T22:00:00+02:00,0.230000
2024-10-06T23:00:00+02:00,0.214000
2024-10-07T00:00:00+02:00,0.193492
2024-10-07T01:00:00+02:00,0.194411
2024-10-07T02:00:00+02:00,0.191883
2024-10-07T03:00:00+02:00,0.187902
2024-10-07T04:00:00+02:00,0.192258
2024-10-07T05:00:00+02:00,0.203680
2024-10-07T06:00:00+02:00,0.229187
2024-10-07T07:00:00+02:00,0.275070
2024-10-07T08:00:00+02:00,0.282717
2024-10-07T09:00:00+02:00,0.262764
2024-10-07T10:00:00+02:00,0.231571
2024-10-07T11:00:00+02:00,0.224492
2024-10-07T12:00:00+02:00,0.207165
2024-10-07T13:00:00+02:00,0.204031
2024-10-07T14:00:00+02:00,0.218200
2024-10-07T15:00:00+02:00,0.226005
2024-10-07T16:00:00+02:00,0.259086
2024-10-07T17:00:00+02:00,0.287654
2024-10-07T18:00:00+02:00,0.427107
2024-10-07T19:00:00+02:00,0.414656
2024-10-07T20:00:00+02:00,0.305840
2024-10-07T21:00:00+02:00,0.272541
2024-10-07T22:00:00+02:00,0.265789
2024-10-07T23:00:00+02:00,0.247385
2024-10-08T00:00:00+02:00,0.234801
2024-10-08T01:00:00+02:00,0.226670
2024-10-08T02:00:00+02:00,0.222108
2024-10-08T03:00:00+02:00,0.215599
2024-10-08T04:00:00+02:00,0.215260
2024-10-08T05:00:00+02:00,0.225944
2024-10-08T06:00:00+02:00,0.255093
2024-10-08T07:00:00+02:00,0.280648
2024-10-08T08:00:00+02:00,0.284750
2024-10-08T09:00:00+02:00,0.259461
2024-10-08T10:00:00+02:00,0.248849
2024-10-08T11:00:00+02:00,0.240488
2024-10-08T12:00:00+02:00,0.232127
2024-10-08T13:00:00+02:00,0.237524
2024-10-08T14:00:00+02:00,0.243356
2024-10-08T15:00:00+02:00,0.245461
2024-10-08T16:00:00+02:00,0.255613
2024-10-08T17:00:00+02:00,0.289590
2024-10-08T18:00:00+02:00,0.325890
2024-10-08T19:00:00+02:00,0.343157
2024-10-08T20:00:00+02:00,0.283818
2024-10-08T21:00:00+02:00,0.266479
2024-10-08T22:00:00+02:00,0.250701
2024-10-08T23:00:00+02:00,0.228521
2024-10-09T00:00:00+02:00,0.219846
2024-10-09T01:00:00+02:00,0.214631
2024-10-09T02:00:00+02:00,0.211194
2024-10-09T03:00:00+02:00,0.207673
2024-10-09T04:00:00+02:00,0.210759
2024-10-09T05:00:00+02:00,0.218164
2024-10-09T06:00:00+02:00,0.245873
2024-10-09T07:00:00+02:00,0.271295
2024-10-09T08:00:00+02:00,0.273969
2024-10-09T09:00:00+02:00,0.256920
2024-10-09T10:00:00+02:00,0.231679
2024-10-09T11:00:00+02:00,0.218539
2024-10-09T12:00:00+02:00,0.219398
2024-10-09T13:00:00+02:00,0.223040
2024-10-09T14:00:00+02:00,0.234511
2024-10-09T15:00:00+02:00,0.254827
2024-10-09T16:00:00+02:00,0.266600
2024-10-09T17:00:00+02:00,0.287170
2024-10-09T18:00:00+02:00,0.306530
2024-10-09T19:00:00+02:00,0.307946
2024-10-09T20:00:00+02:00,0.293704
2024-10-09T21:00:00+02:00,0.272529
2024-10-09T22:00:00+02:00,0.270157
2024-10-09T23:00:00+02:00,0.247845
2024-10-10T00:00:00+02:00,0.236350
2024-10-10T01:00:00+02:00,0.206572
2024-10-10T02:00:00+02:00,0.198840
2024-10-10T03:00:00+02:00,0.194411
2024-10-10T04:00:00+02:00,0.183473
2024-10-10T05:00:00+02:00,0.192536
2024-10-10T06:00:00+02:00,0.219579
2024-10-10T07:00:00+02:00,0.254379
2024-10-10T08:00:00+02:00,0.249007
2024-10-10T09:00:00+02:00,0.233325
2024-10-10T10:00:00+02:00,0.214582
2024-10-10T11:00:00+02:00,0.198755
2024-10-10T12:00:00+02:00,0.178137
2024-10-10T13:00:00+02:00,0.170937
2024-10-10T14:00:00+02:00,0.175862
2024-10-10T15:00:00+02:00,0.198078
2024-10-10T16:00:00+02:00,0.221830
2024-10-10T17:00:00+02:00,0.260429
2024-10-10T18:00:00+02:00,0.284629
2024-10-10T19:00:00+02:00,0.328237
2024-10-10T20:00:00+02:00,0.296850
2024-10-10T21:00:00+02:00,0.261046
2024-10-10T22:00:00+02:00,0.266915
2024-10-10T23:00:00+02:00,0.255952
2024-10-11T00:00:00+02:00,0.253169
2024-10-11T01:00:00+02:00,0.248329
2024-10-11T02:00:00+02:00,0.247470
2024-10-11T03:00:00+02:00,0.233821
2024-10-11T04:00:00+02:00,0.235309
2024-10-11T05:00:00+02:00,0.248801
2024-10-11T06:00:00+02:00,0.272590
2024-10-11T07:00:00+02:00,0.321546
2024-10-11T08:00:00+02:00,0.339793
2024-10-11T09:00:00+02:00,0.284762
2024-10-11T10:00:00+02:00,0.260550
2024-10-11T11:00:00+02:00,0.239194
2024-10-11T12:00:00+02:00,0.226247
2024-10-11T13:00:00+02:00,0.220826
2024-10-11T14:00:00+02:00,0.223718
2024-10-11T15:00:00+02:00,0.232672
2024-10-11T16:00:00+02:00,0.254924
2024-10-11T17:00:00+02:00,0.280636
2024-10-11T18:00:00+02:00,0.343254
2024-10-11T19:00:00+02:00,0.359831
2024-10-11T20:00:00+02:00,0.296850
2024-10-11T21:00:00+02:00,0.272396
2024-10-11T22:00:00+02:00,0.272650
2024-10-11T23:00:00+02:00,0.260550
2024-10-12T00:00:00+02:00,0.262014
2024-10-12T01:00:00+02:00,0.252479
2024-10-12T02:00:00+02:00,0.249103
2024-10-12T03:00:00+02:00,0.250217
2024-10-12T04:00:00+02:00,0.245800
2024-10-12T05:00:00+02:00,0.242279
2024-10-12T06:00:00+02:00,0.238322
2024-10-12T07:00:00+02:00,0.279426
2024-10-12T08:00:00+02:00,0.299270
2024-10-12T09:00:00+02:00,0.296729
2024-10-12T10:00:00+02:00,0.303880
2024-10-12T11:00:00+02:00,0.260429
2024-10-12T12:00:00+02:00,0.233434
2024-10-12T13:00:00+02:00,0.205277
2024-10-12T14:00:00+02:00,0.179891
2024-10-12T15:00:00+02:00,0.207734
2024-10-12T16:00:00+02:00,0.235709
2024-10-12T17:00:00+02:00,0.253956
2024-10-12T18:00:00+02:00,0.251802
2024-10-12T19:00:00+02:00,0.247772
2024-10-12T20:00:00+02:00,0.224952
2024-10-12T21:00:00+02:00,0.206608
2024-10-12T22:00:00+02:00,0.193843
2024-10-12T23:00:00+02:00,0.182348
2024-10-13T00:00:00+02:00,0.151650
2024-10-13T01:00:00+02:00,0.151638
2024-10-13T02:00:00+02:00,0.151565
2024-10-13T03:00:00+02:00,0.151202
2024-10-13T04:00:00+02:00,0.151033
2024-10-13T05:00:00+02:00,0.151541
2024-10-13T06:00:00+02:00,0.151638
2024-10-13T07:00:00+02:00,0.153731
2024-10-13T08:00:00+02:00,0.173382
2024-10-13T09:00:00+02:00,0.163569
2024-10-13T10:00:00+02:00,0.151650
2024-10-13T11:00:00+02:00,0.139550
2024-10-13T12:00:00+02:00,0.139477
2024-10-13T13:00:00+02:00,0.139502
2024-10-13T14:00:00+02:00,0.148008
2024-10-13T15:00:00+02:00,0.160459
2024-10-13T16:00:00+02:00,0.188119
2024-10-13T17:00:00+02:00,0.290800
2024-10-13T18:00:00+02:00,0.295325
2024-10-13T19:00:00+02:00,0.311334
2024-10-13T20:00:00+02:00,0.282415
2024-10-13T21:00:00+02:00,0.272529
2024-10-13T22:00:00+02:00,0.265390
2024-10-13T23:00:00+02:00,0.260550
2024-10-14T00:00:00+02:00,0.277490
2024-10-14T01:00:00+02:00,0.260429
2024-10-14T02:00:00+02:00,0.270230
2024-10-14T03:00:00+02:00,0.265390
2024-10-14T04:00:00+02:00,0.238770
2024-10-14T05:00:00+02:00,0.226912
2024-10-14T06:00:00+02:00,0.271125
2024-10-14T07:00:00+02:00,0.309591
2024-10-14T08:00:00+02:00,0.336925
2024-10-14T09:00:00+02:00,0.303602
2024-10-14T10:00:00+02:00,0.276280
2024-10-14T11:00:00+02:00,0.267241
2024-10-14T12:00:00+02:00,0.262438
2024-10-14T13:00:00+02:00,0.254500
2024-10-14T14:00:00+02:00,0.241384
2024-10-14T15:00:00+02:00,0.258517
2024-10-14T16:00:00+02:00,0.279656
2024-10-14T17:00:00+02:00,0.343447
2024-10-14T18:00:00+02:00,0.454150
2024-10-14T19:00:00+02:00,0.470207
2024-10-14T20:00:00+02:00,0.342830
2024-10-14T21:00:00+02:00,0.289154
2024-10-14T22:00:00+02:00,0.272239
2024-10-14T23:00:00+02:00,0.266358
2024-10-15T00:00:00+02:00,0.261034
2024-10-15T01:00:00+02:00,0.255807
2024-10-15T02:00:00+02:00,0.259050
2024-10-15T03:00:00+02:00,0.253338
2024-10-15T04:00:00+02:00,0.248377
2024-10-15T05:00:00+02:00,0.256920
2024-10-15T06:00:00+02:00,0.284629
2024-10-15T07:00:00+02:00,0.364537
2024-10-15T08:00:00+02:00,0.358717
2024-10-15T09:00:00+02:00,0.285403
2024-10-15T10:00:00+02:00,0.263865
2024-10-15T11:00:00+02:00,0.252141
2024-10-15T12:00:00+02:00,0.246599
2024-10-15T13:00:00+02:00,0.237754
2024-10-15T14:00:00+02:00,0.236386
2024-10-15T15:00:00+02:00,0.245268
2024-10-15T16:00:00+02:00,0.256109
2024-10-15T17:00:00+02:00,0.292216
2024-10-15T18:00:00+02:00,0.311588
2024-10-15T19:00:00+02:00,0.274501
2024-10-15T20:00:00+02:00,0.244699
2024-10-15T21:00:00+02:00,0.232042
2024-10-15T22:00:00+02:00,0.223330
2024-10-15T23:00:00+02:00,0.202627
2024-10-16T00:00:00+02:00,0.182553
2024-10-16T01:00:00+02:00,0.167138
2024-10-16T02:00:00+02:00,0.158063
2024-10-16T03:00:00+02:00,0.156018
2024-10-16T04:00:00+02:00,0.155111
2024-10-16T05:00:00+02:00,0.160350
2024-10-16T06:00:00+02:00,0.201696
2024-10-16T07:00:00+02:00,0.226065
2024-10-16T08:00:00+02:00,0.248571
2024-10-16T09:00:00+02:00,0.217341
2024-10-16T10:00:00+02:00,0.183933
2024-10-16T11:00:00+02:00,0.168784
2024-10-16T12:00:00+02:00,0.156599
2024-10-16T13:00:00+02:00,0.154118
2024-10-16T14:00:00+02:00,0.156490
2024-10-16T15:00:00+02:00,0.168808
2024-10-16T16:00:00+02:00,0.214570
2024-10-16T17:00:00+02:00,0.272529
2024-10-16T18:00:00+02:00,0.279910
2024-10-16T19:00:00+02:00,0.277490
2024-10-16T20:00:00+02:00,0.246925
2024-10-16T21:00:00+02:00,0.232720
2024-10-16T22:00:00+02:00,0.194169
2024-10-16T23:00:00+02:00,0.183763
2024-10-17T00:00:00+02:00,0.172268
2024-10-17T01:00:00+02:00,0.166352
2024-10-17T02:00:00+02:00,0.164331
2024-10-17T03:00:00+02:00,0.158438
2024-10-17T04:00:00+02:00,0.163762
2024-10-17T05:00:00+02:00,0.186704
2024-10-17T06:00:00+02:00,0.235406
2024-10-17T07:00:00+02:00,0.271367
2024-10-17T08:00:00+02:00,0.274828
2024-10-17T09:00:00+02:00,0.277611
2024-10-17T10:00:00+02:00,0.274961
2024-10-17T11:00:00+02:00,0.270230
2024-10-17T12:00:00+02:00,0.267810
2024-10-17T13:00:00+02:00,0.266237
2024-10-17T14:00:00+02:00,0.263696
2024-10-17T15:00:00+02:00,0.268536
2024-10-17T16:00:00+02:00,0.267810
2024-10-17T17:00:00+02:00,0.302537
2024-10-17T18:00:00+02:00,0.371047
2024-10-17T19:00:00+02:00,0.358560
2024-10-17T20:00:00+02:00,0.293825
2024-10-17T21:00:00+02:00,0.272650
2024-10-17T22:00:00+02:00,0.269020
2024-10-17T23:00:00+02:00,0.258614
2024-10-18T00:00:00+02:00,0.257247
2024-10-18T01:00:00+02:00,0.255613
2024-10-18T02:00:00+02:00,0.260199
2024-10-18T03:00:00+02:00,0.251693
2024-10-18T04:00:00+02:00,0.256884
2024-10-18T05:00:00+02:00,0.256981
2024-10-18T06:00:00+02:00,0.273352
2024-10-18T07:00:00+02:00,0.329109
2024-10-18T08:00:00+02:00,0.342431
2024-10-18T09:00:00+02:00,0.294563
2024-10-18T10:00:00+02:00,0.276825
2024-10-18T11:00:00+02:00,0.260502
2024-10-18T12:00:00+02:00,0.260949
2024-10-18T13:00:00+02:00,0.255952
2024-10-18T14:00:00+02:00,0.261191
2024-10-18T15:00:00+02:00,0.256678
2024-10-18T16:00:00+02:00,0.276631
2024-10-18T17:00:00+02:00,0.313391
2024-10-18T18:00:00+02:00,0.370660
2024-10-18T19:00:00+02:00,0.324499
2024-10-18T20:00:00+02:00,0.276583
2024-10-18T21:00:00+02:00,0.269093
2024-10-18T22:00:00+02:00,0.269177
2024-10-18T23:00:00+02:00,0.256605
2024-10-19T00:00:00+02:00,0.261869
2024-10-19T01:00:00+02:00,0.263055
2024-10-19T02:00:00+02:00,0.257985
2024-10-19T03:00:00+02:00,0.249757
2024-10-19T04:00:00+02:00,0.254077
2024-10-19T05:00:00+02:00,0.252661
2024-10-19T06:00:00+02:00,0.252334
2024-10-19T07:00:00+02:00,0.261216
2024-10-19T08:00:00+02:00,0.271077
2024-10-19T09:00:00+02:00,0.262728
2024-10-19T10:00:00+02:00,0.246744
2024-10-19T11:00:00+02:00,0.238806
2024-10-19T12:00:00+02:00,0.231510
2024-10-19T13:00:00+02:00,0.224432
2024-10-19T14:00:00+02:00,0.225460
2024-10-19T15:00:00+02:00,0.242945
2024-10-19T16:00:00+02:00,0.267810
2024-10-19T17:00:00+02:00,0.280914
2024-10-19T18:00:00+02:00,0.312737
2024-10-19T19:00:00+02:00,0.293220
2024-10-19T20:00:00+02:00,0.267145
2024-10-19T21:00:00+02:00,0.258856
2024-10-19T22:00:00+02:00,0.252576
2024-10-19T23:00:00+02:00,0.240379
2024-10-20T00:00:00+02:00,0.217038
2024-10-20T01:00:00+02:00,0.218079
2024-10-20T02:00:00+02:00,0.217692
2024-10-20T03:00:00+02:00,0.219301
2024-10-20T04:00:00+02:00,0.223754
2024-10-20T05:00:00+02:00,0.227892
2024-10-20T06:00:00+02:00,0.224190
2024-10-20T07:00:00+02:00,0.240270
2024-10-20T08:00:00+02:00,0.231268
2024-10-20T09:00:00+02:00,0.205326
2024-10-20T10:00:00+02:00,0.159358
2024-10-20T11:00:00+02:00,0.151747
2024-10-20T12:00:00+02:00,0.151650
2024-10-20T13:00:00+02:00,0.150464
2024-10-20T14:00:00+02:00,0.149218
2024-10-20T15:00:00+02:00,0.151650
2024-10-20T16:00:00+02:00,0.157700
2024-10-20T17:00:00+02:00,0.218866
2024-10-20T18:00:00+02:00,0.224250
2024-10-20T19:00:00+02:00,0.209052
2024-10-20T20:00:00+02:00,0.194109
2024-10-20T21:00:00+02:00,0.177931
2024-10-20T22:00:00+02:00,0.166969
2024-10-20T23:00:00+02:00,0.154094
2024-10-21T00:00:00+02:00,0.151529
2024-10-21T01:00:00+02:00,0.151481
2024-10-21T02:00:00+02:00,0.151553
2024-10-21T03:00:00+02:00,0.151650
2024-10-21T04:00:00+02:00,0.155825
2024-10-21T05:00:00+02:00,0.226622
2024-10-21T06:00:00+02:00,0.277647
2024-10-21T07:00:00+02:00,0.297274
2024-10-21T08:00:00+02:00,0.277369
2024-10-21T09:00:00+02:00,0.261760
2024-10-21T10:00:00+02:00,0.254391
2024-10-21T11:00:00+02:00,0.248450
2024-10-21T12:00:00+02:00,0.252262
2024-10-21T13:00:00+02:00,0.252310
2024-10-21T14:00:00+02:00,0.267592
2024-10-21T15:00:00+02:00,0.292700
2024-10-21T16:00:00+02:00,0.308998
2024-10-21T17:00:00+02:00,0.408352
2024-10-21T18:00:00+02:00,0.379554
2024-10-21T19:00:00+02:00,0.306748
2024-10-21T20:00:00+02:00,0.273328
2024-10-21T21:00:00+02:00,0.269976
2024-10-21T22:00:00+02:00,0.264144
2024-10-22T00:00:00+02:00,0.259848
2024-10-22T01:00:00+02:00,0.256968
2024-10-22T02:00:00+02:00,0.253689
2024-10-22T03:00:00+02:00,0.252806
2024-10-22T04:00:00+02:00,0.252104
2024-10-22T05:00:00+02:00,0.255710
2024-10-22T06:00:00+02:00,0.270399
2024-10-22T07:00:00+02:00,0.333150
2024-10-22T08:00:00+02:00,0.348892
2024-10-22T09:00:00+02:00,0.288828
2024-10-22T10:00:00+02:00,0.271186
2024-10-22T11:00:00+02:00,0.258771
2024-10-22T12:00:00+02:00,0.245558
2024-10-22T13:00:00+02:00,0.237415
2024-10-22T14:00:00+02:00,0.238685
2024-10-22T15:00:00+02:00,0.250628
2024-10-22T16:00:00+02:00,0.276413
2024-10-22T17:00:00+02:00,0.281665
2024-10-22T18:00:00+02:00,0.320953
2024-10-22T19:00:00+02:00,0.343217
2024-10-22T20:00:00+02:00,0.289929
2024-10-22T21:00:00+02:00,0.272154
2024-10-22T22:00:00+02:00,0.267483
2024-10-22T23:00:00+02:00,0.258554
2024-10-23T00:00:00+02:00,0.249854
2024-10-23T01:00:00+02:00,0.253024
2024-10-23T02:00:00+02:00,0.252721
2024-10-23T03:00:00+02:00,0.255480
2024-10-23T04:00:00+02:00,0.252915
2024-10-23T05:00:00+02:00,0.261324
2024-10-23T06:00:00+02:00,0.278361
2024-10-23T07:00:00+02:00,0.318013
2024-10-23T08:00:00+02:00,0.348166
2024-10-23T09:00:00+02:00,0.306155
2024-10-23T10:00:00+02:00,0.275312
2024-10-23T11:00:00+02:00,0.262050
2024-10-23T12:00:00+02:00,0.251306
2024-10-23T13:00:00+02:00,0.244905
2024-10-23T14:00:00+02:00,0.242908
2024-10-23T15:00:00+02:00,0.253532
2024-10-23T16:00:00+02:00,0.269468
2024-10-23T17:00:00+02:00,0.321014
2024-10-23T18:00:00+02:00,0.400136
2024-10-23T19:00:00+02:00,0.364610
2024-10-23T20:00:00+02:00,0.288574
2024-10-23T21:00:00+02:00,0.274126
2024-10-23T22:00:00+02:00,0.276195
2024-10-23T23:00:00+02:00,0.264374
2024-10-24T00:00:00+02:00,0.256630
2024-10-24T01:00:00+02:00,0.248583
2024-10-24T02:00:00+02:00,0.246151
2024-10-24T03:00:00+02:00,0.243211
2024-10-24T04:00:00+02:00,0.243695
2024-10-24T05:00:00+02:00,0.248656
2024-10-24T06:00:00+02:00,0.273074
2024-10-24T07:00:00+02:00,0.323301
2024-10-24T08:00:00+02:00,0.351772
2024-10-24T09:00:00+02:00,0.290522
2024-10-24T10:00:00+02:00,0.270605
2024-10-24T11:00:00+02:00,0.259376
2024-10-24T12:00:00+02:00,0.248450
2024-10-24T13:00:00+02:00,0.242497
2024-10-24T14:00:00+02:00,0.242557
2024-10-24T15:00:00+02:00,0.257247
2024-10-24T16:00:00+02:00,0.280092
2024-10-24T17:00:00+02:00,0.301182
2024-10-24T18:00:00+02:00,0.316658
2024-10-24T19:00:00+02:00,0.292058
2024-10-24T20:00:00+02:00,0.268548
2024-10-24T21:00:00+02:00,0.264531
2024-10-24T22:00:00+02:00,0.286517
2024-10-24T23:00:00+02:00,0.252818
2024-10-25T00:00:00+02:00,0.251475
2024-10-25T01:00:00+02:00,0.250955
2024-10-25T02:00:00+02:00,0.248075
2024-10-25T03:00:00+02:00,0.251596
2024-10-25T04:00:00+02:00,0.253859
2024-10-25T05:00:00+02:00,0.266104
2024-10-25T06:00:00+02:00,0.276800
2024-10-25T07:00:00+02:00,0.296886
2024-10-25T08:00:00+02:00,0.324922
2024-10-25T09:00:00+02:00,0.295325
2024-10-25T10:00:00+02:00,0.278869
2024-10-25T11:00:00+02:00,0.261409
2024-10-25T12:00:00+02:00,0.247409
2024-10-25T13:00:00+02:00,0.243816
2024-10-25T14:00:00+02:00,0.248329
2024-10-25T15:00:00+02:00,0.265632
2024-10-25T16:00:00+02:00,0.285355
2024-10-25T17:00:00+02:00,0.327681
2024-10-25T18:00:00+02:00,0.405036
2024-10-25T19:00:00+02:00,0.365046
2024-10-25T20:00:00+02:00,0.298883
2024-10-25T21:00:00+02:00,0.289215
2024-10-25T22:00:00+02:00,0.286553
2024-10-25T23:00:00+02:00,0.277756
2024-10-26T00:00:00+02:00,0.284690
2024-10-26T01:00:00+02:00,0.278095
2024-10-26T02:00:00+02:00,0.275917
2024-10-26T03:00:00+02:00,0.275675
2024-10-26T04:00:00+02:00,0.271718
2024-10-26T05:00:00+02:00,0.273013
2024-10-26T06:00:00+02:00,0.279015
2024-10-26T07:00:00+02:00,0.294781
2024-10-26T08:00:00+02:00,0.304110
2024-10-26T09:00:00+02:00,0.299222
2024-10-26T10:00:00+02:00,0.269020
2024-10-26T11:00:00+02:00,0.246260
2024-10-26T12:00:00+02:00,0.231643
2024-10-26T13:00:00+02:00,0.226948
2024-10-26T14:00:00+02:00,0.227517
2024-10-26T15:00:00+02:00,0.243344
2024-10-26T16:00:00+02:00,0.267362
2024-10-26T17:00:00+02:00,0.302876
2024-10-26T18:00:00+02:00,0.335147
2024-10-26T19:00:00+02:00,0.295567
2024-10-26T20:00:00+02:00,0.273860
2024-10-26T21:00:00+02:00,0.280394
2024-10-26T22:00:00+02:00,0.284871
2024-10-26T23:00:00+02:00,0.254960
2024-10-27T00:00:00+02:00,0.262438
2024-10-27T01:00:00+01:00,0.253290
2024-10-27T02:00:00+01:00,0.251148
2024-10-27T03:00:00+01:00,0.248970
2024-10-27T04:00:00+01:00,0.249805
2024-10-27T05:00:00+01:00,0.244917
2024-10-27T06:00:00+01:00,0.250507
2024-10-27T07:00:00+01:00,0.262123
2024-10-27T08:00:00+01:00,0.258433
2024-10-27T09:00:00+01:00,0.254113
2024-10-27T10:00:00+01:00,0.232381
2024-10-27T11:00:00+01:00,0.217861
2024-10-27T12:00:00+01:00,0.203075
2024-10-27T13:00:00+01:00,0.200038
2024-10-27T14:00:00+01:00,0.200050
2024-10-27T15:00:00+01:00,0.228340
2024-10-27T16:00:00+01:00,0.274925
2024-10-27T17:00:00+01:00,0.294188
2024-10-27T18:00:00+01:00,0.329823
2024-10-27T19:00:00+01:00,0.334009
2024-10-27T20:00:00+01:00,0.309531
2024-10-27T21:00:00+01:00,0.294551
2024-10-27T22:00:00+01:00,0.286432
2024-10-27T23:00:00+01:00,0.284702
2024-10-28T00:00:00+01:00,0.264991
2024-10-28T01:00:00+01:00,0.259800
2024-10-28T02:00:00+01:00,0.253459
2024-10-28T03:00:00+01:00,0.247724
2024-10-28T04:00:00+01:00,0.248317
2024-10-28T05:00:00+01:00,0.265535
2024-10-28T06:00:00+01:00,0.265753
2024-10-28T07:00:00+01:00,0.286081
2024-10-28T08:00:00+01:00,0.286299
2024-10-28T09:00:00+01:00,0.276183
2024-10-28T10:00:00+01:00,0.265898
2024-10-28T11:00:00+01:00,0.266007
2024-10-28T12:00:00+01:00,0.261869
2024-10-28T13:00:00+01:00,0.268718
2024-10-28T14:00:00+01:00,0.282657
2024-10-28T15:00:00+01:00,0.293438
2024-10-28T16:00:00+01:00,0.292797
2024-10-28T17:00:00+01:00,0.321050
2024-10-28T18:00:00+01:00,0.333138
2024-10-28T19:00:00+01:00,0.326422
2024-10-28T20:00:00+01:00,0.296971
2024-10-28T21:00:00+01:00,0.284629
2024-10-28T22:00:00+01:00,0.283032
2024-10-28T23:00:00+01:00,0.273884
2024-10-29T00:00:00+01:00,0.269855
2024-10-29T01:00:00+01:00,0.267447
2024-10-29T02:00:00+01:00,0.265487
2024-10-29T03:00:00+01:00,0.264083
2024-10-29T04:00:00+01:00,0.266140
2024-10-29T05:00:00+01:00,0.281181
2024-10-29T06:00:00+01:00,0.297237
2024-10-29T07:00:00+01:00,0.328661
2024-10-29T08:00:00+01:00,0.326737
2024-10-29T09:00:00+01:00,0.305405
2024-10-29T10:00:00+01:00,0.295277
2024-10-29T11:00:00+01:00,0.285730
2024-10-29T12:00:00+01:00,0.277599
2024-10-29T13:00:00+01:00,0.288937
2024-10-29T14:00:00+01:00,0.308030
2024-10-29T15:00:00+01:00,0.343193
2024-10-29T16:00:00+01:00,0.384055
2024-10-29T17:00:00+01:00,0.467545
2024-10-29T18:00:00+01:00,0.450520
2024-10-29T19:00:00+01:00,0.389839
2024-10-29T20:00:00+01:00,0.316682
2024-10-29T21:00:00+01:00,0.296729
2024-10-29T22:00:00+01:00,0.289275
2024-10-29T23:00:00+01:00,0.271101
2024-10-30T00:00:00+01:00,0.269020
2024-10-30T01:00:00+01:00,0.266963
2024-10-30T02:00:00+01:00,0.264253
2024-10-30T03:00:00+01:00,0.262147
2024-10-30T04:00:00+01:00,0.263890
2024-10-30T05:00:00+01:00,0.272493
2024-10-30T06:00:00+01:00,0.293220
2024-10-30T07:00:00+01:00,0.308139
2024-10-30T08:00:00+01:00,0.311431
2024-10-30T09:00:00+01:00,0.296729
2024-10-30T10:00:00+01:00,0.283455
2024-10-30T11:00:00+01:00,0.277768
2024-10-30T12:00:00+01:00,0.270641
2024-10-30T13:00:00+01:00,0.275252
2024-10-30T14:00:00+01:00,0.279644
2024-10-30T15:00:00+01:00,0.295410
2024-10-30T16:00:00+01:00,0.332896
2024-10-30T17:00:00+01:00,0.370660
2024-10-30T18:00:00+01:00,0.376117
2024-10-30T19:00:00+01:00,0.341644
2024-10-30T20:00:00+01:00,0.308660
2024-10-30T21:00:00+01:00,0.291720
2024-10-30T22:00:00+01:00,0.286154
2024-10-30T23:00:00+01:00,0.283443
2024-10-31T00:00:00+01:00,0.274683
2024-10-31T01:00:00+01:00,0.267459
2024-10-31T02:00:00+01:00,0.265088
2024-10-31T03:00:00+01:00,0.262813
2024-10-31T04:00:00+01:00,0.265935
2024-10-31T05:00:00+01:00,0.271706
2024-10-31T06:00:00+01:00,0.292833
2024-10-31T07:00:00+01:00,0.311479
2024-10-31T08:00:00+01:00,0.311080
2024-10-31T09:00:00+01:00,0.297770
2024-10-31T10:00:00+01:00,0.276861
2024-10-31T11:00:00+01:00,0.268209
2024-10-31T12:00:00+01:00,0.259231
2024-10-31T13:00:00+01:00,0.262426
2024-10-31T14:00:00+01:00,0.269601
2024-10-31T15:00:00+01:00,0.283879
2024-10-31T16:00:00+01:00,0.299137
2024-10-31T17:00:00+01:00,0.308091
2024-10-31T18:00:00+01:00,0.319477
2024-10-31T19:00:00+01:00,0.310281
2024-10-31T20:00:00+01:00,0.284750
2024-10-31T21:00:00+01:00,0.281120
2024-10-31T22:00:00+01:00,0.281604
2024-10-31T23:00:00+01:00,0.274731
2024-11-01T00:00:00+01:00,0.305320
2024-11-01T01:00:00+01:00,0.292010
2024-11-01T02:00:00+01:00,0.272565
2024-11-01T03:00:00+01:00,0.257561
2024-11-01T04:00:00+01:00,0.243537
2024-11-01T05:00:00+01:00,0.250906
2024-11-01T06:00:00+01:00,0.259824
2024-11-01T07:00:00+01:00,0.276280
2024-11-01T08:00:00+01:00,0.283661
2024-11-01T09:00:00+01:00,0.290800
2024-11-01T10:00:00+01:00,0.277490
2024-11-01T11:00:00+01:00,0.272650
2024-11-01T12:00:00+01:00,0.261760
2024-11-01T13:00:00+01:00,0.272650
2024-11-01T14:00:00+01:00,0.284750
2024-11-01T15:00:00+01:00,0.295858
2024-11-01T16:00:00+01:00,0.307438
2024-11-01T17:00:00+01:00,0.310644
2024-11-01T18:00:00+01:00,0.315593
2024-11-01T19:00:00+01:00,0.295519
2024-11-01T20:00:00+01:00,0.289203
2024-11-01T21:00:00+01:00,0.278700
2024-11-01T22:00:00+01:00,0.275566
2024-11-01T23:00:00+01:00,0.284629
2024-11-02T00:00:00+01:00,0.267629
2024-11-02T01:00:00+01:00,0.262196
2024-11-02T02:00:00+01:00,0.259062
2024-11-02T03:00:00+01:00,0.255710
2024-11-02T04:00:00+01:00,0.256739
2024-11-02T05:00:00+01:00,0.261470
2024-11-02T06:00:00+01:00,0.268415
2024-11-02T07:00:00+01:00,0.272783
2024-11-02T08:00:00+01:00,0.274054
2024-11-02T09:00:00+01:00,0.282572
2024-11-02T10:00:00+01:00,0.261494
2024-11-02T11:00:00+01:00,0.261445
2024-11-02T12:00:00+01:00,0.256932
2024-11-02T13:00:00+01:00,0.259304
2024-11-02T14:00:00+01:00,0.273824
2024-11-02T15:00:00+01:00,0.293075
2024-11-02T16:00:00+01:00,0.310402
2024-11-02T17:00:00+01:00,0.336998
2024-11-02T18:00:00+01:00,0.326277
2024-11-02T19:00:00+01:00,0.312326
2024-11-02T20:00:00+01:00,0.296342
2024-11-02T21:00:00+01:00,0.285924
2024-11-02T22:00:00+01:00,0.280249
2024-11-02T23:00:00+01:00,0.273388
2024-11-03T00:00:00+01:00,0.274090
2024-11-03T01:00:00+01:00,0.268161
2024-11-03T02:00:00+01:00,0.258832
2024-11-03T03:00:00+01:00,0.254597
2024-11-03T04:00:00+01:00,0.255710
2024-11-03T05:00:00+01:00,0.256811
2024-11-03T06:00:00+01:00,0.266479
2024-11-03T07:00:00+01:00,0.268851
2024-11-03T08:00:00+01:00,0.257223
2024-11-03T09:00:00+01:00,0.264204
2024-11-03T10:00:00+01:00,0.234450
2024-11-03T11:00:00+01:00,0.223391
2024-11-03T12:00:00+01:00,0.215332
2024-11-03T13:00:00+01:00,0.222483
2024-11-03T14:00:00+01:00,0.249563
2024-11-03T15:00:00+01:00,0.264809
2024-11-03T16:00:00+01:00,0.285960
2024-11-03T17:00:00+01:00,0.302029
2024-11-03T18:00:00+01:00,0.303082
2024-11-03T19:00:00+01:00,0.296729
2024-11-03T20:00:00+01:00,0.285766
2024-11-03T21:00:00+01:00,0.275227
2024-11-03T22:00:00+01:00,0.273473
2024-11-03T23:00:00+01:00,0.266249
2024-11-04T00:00:00+01:00,0.263018
2024-11-04T01:00:00+01:00,0.260502
2024-11-04T02:00:00+01:00,0.260635
2024-11-04T03:00:00+01:00,0.259558
2024-11-04T04:00:00+01:00,0.260780
2024-11-04T05:00:00+01:00,0.269601
2024-11-04T06:00:00+01:00,0.299560
2024-11-04T07:00:00+01:00,0.321050
2024-11-04T08:00:00+01:00,0.317577
2024-11-04T09:00:00+01:00,0.297007
2024-11-04T10:00:00+01:00,0.272118
2024-11-04T11:00:00+01:00,0.253532
2024-11-04T12:00:00+01:00,0.252201
2024-11-04T13:00:00+01:00,0.253532
2024-11-04T14:00:00+01:00,0.266503
2024-11-04T15:00:00+01:00,0.303662
2024-11-04T16:00:00+01:00,0.362190
2024-11-04T17:00:00+01:00,0.478060
2024-11-04T18:00:00+01:00,0.431777
2024-11-04T19:00:00+01:00,0.346738
2024-11-04T20:00:00+01:00,0.300480
2024-11-04T21:00:00+01:00,0.284871
2024-11-04T22:00:00+01:00,0.278700
2024-11-04T23:00:00+01:00,0.263841
2024-11-05T00:00:00+01:00,0.252842
2024-11-05T01:00:00+01:00,0.265390
2024-11-05T02:00:00+01:00,0.261373
2024-11-05T03:00:00+01:00,0.262123
2024-11-05T04:00:00+01:00,0.265390
2024-11-05T05:00:00+01:00,0.267919
2024-11-05T06:00:00+01:00,0.279910
2024-11-05T07:00:00+01:00,0.316198
2024-11-05T08:00:00+01:00,0.316464
2024-11-05T09:00:00+01:00,0.294708
2024-11-05T10:00:00+01:00,0.279753
2024-11-05T11:00:00+01:00,0.266939
2024-11-05T12:00:00+01:00,0.266503
2024-11-05T13:00:00+01:00,0.271743
2024-11-05T14:00:00+01:00,0.282306
2024-11-05T15:00:00+01:00,0.332981
2024-11-05T16:00:00+01:00,0.518570
2024-11-05T17:00:00+01:00,0.723968
2024-11-05T18:00:00+01:00,0.673184
2024-11-05T19:00:00+01:00,0.539249
2024-11-05T20:00:00+01:00,0.356987
2024-11-05T21:00:00+01:00,0.308829
2024-11-05T22:00:00+01:00,0.294152
2024-11-05T23:00:00+01:00,0.284786
2024-11-06T00:00:00+01:00,0.273255
2024-11-06T01:00:00+01:00,0.271501
2024-11-06T02:00:00+01:00,0.267084
2024-11-06T03:00:00+01:00,0.267604
2024-11-06T04:00:00+01:00,0.271234
2024-11-06T05:00:00+01:00,0.264071
2024-11-06T06:00:00+01:00,0.298060
2024-11-06T07:00:00+01:00,0.412744
2024-11-06T08:00:00+01:00,0.386390
2024-11-06T09:00:00+01:00,0.323434
2024-11-06T10:00:00+01:00,0.310063
2024-11-06T11:00:00+01:00,0.299415
2024-11-06T12:00:00+01:00,0.298629
2024-11-06T13:00:00+01:00,0.301823
2024-11-06T14:00:00+01:00,0.317275
2024-11-06T15:00:00+01:00,0.382397
2024-11-06T16:00:00+01:00,0.533635
2024-11-06T17:00:00+01:00,0.817150
2024-11-06T18:00:00+01:00,0.812129
2024-11-06T19:00:00+01:00,0.555185
2024-11-06T20:00:00+01:00,0.364150
2024-11-06T21:00:00+01:00,0.307704
2024-11-06T22:00:00+01:00,0.288380
2024-11-06T23:00:00+01:00,0.283177
2024-11-07T00:00:00+01:00,0.282499
2024-11-07T01:00:00+01:00,0.273993
2024-11-07T02:00:00+01:00,0.270762
2024-11-07T03:00:00+01:00,0.269310
2024-11-07T04:00:00+01:00,0.270787
2024-11-07T05:00:00+01:00,0.264906
2024-11-07T06:00:00+01:00,0.272045
2024-11-07T07:00:00+01:00,0.358487
2024-11-07T08:00:00+01:00,0.347319
2024-11-07T09:00:00+01:00,0.330307
2024-11-07T10:00:00+01:00,0.322647
2024-11-07T11:00:00+01:00,0.306445
2024-11-07T12:00:00+01:00,0.299367
2024-11-07T13:00:00+01:00,0.305586
2024-11-07T14:00:00+01:00,0.306530
2024-11-07T15:00:00+01:00,0.368107
2024-11-07T16:00:00+01:00,0.445583
2024-11-07T17:00:00+01:00,0.600729
2024-11-07T18:00:00+01:00,0.487715
2024-11-07T19:00:00+01:00,0.358790
2024-11-07T20:00:00+01:00,0.309035
2024-11-07T21:00:00+01:00,0.289493
2024-11-07T22:00:00+01:00,0.286771
2024-11-07T23:00:00+01:00,0.272493
2024-11-08T00:00:00+01:00,0.271367
2024-11-08T01:00:00+01:00,0.271537
2024-11-08T02:00:00+01:00,0.268560
2024-11-08T03:00:00+01:00,0.267326
2024-11-08T04:00:00+01:00,0.267967
2024-11-08T05:00:00+01:00,0.269782
2024-11-08T06:00:00+01:00,0.276764
2024-11-08T07:00:00+01:00,0.304086
2024-11-08T08:00:00+01:00,0.312205
2024-11-08T09:00:00+01:00,0.304340
2024-11-08T10:00:00+01:00,0.293631
2024-11-08T11:00:00+01:00,0.285887
2024-11-08T12:00:00+01:00,0.279414
2024-11-08T13:00:00+01:00,0.280890
2024-11-08T14:00:00+01:00,0.287388
2024-11-08T15:00:00+01:00,0.301194
2024-11-08T16:00:00+01:00,0.307873
2024-11-08T17:00:00+01:00,0.307837
2024-11-08T18:00:00+01:00,0.312689
2024-11-08T19:00:00+01:00,0.305792
2024-11-08T20:00:00+01:00,0.291877
2024-11-08T21:00:00+01:00,0.284278
2024-11-08T22:00:00+01:00,0.288380
2024-11-08T23:00:00+01:00,0.277563
2024-11-09T00:00:00+01:00,0.278821
2024-11-09T01:00:00+01:00,0.272602
2024-11-09T02:00:00+01:00,0.270230
2024-11-09T03:00:00+01:00,0.268633
2024-11-09T04:00:00+01:00,0.270726
2024-11-09T05:00:00+01:00,0.273376
2024-11-09T06:00:00+01:00,0.277865
2024-11-09T07:00:00+01:00,0.284593
2024-11-09T08:00:00+01:00,0.289711
2024-11-09T09:00:00+01:00,0.290316
2024-11-09T10:00:00+01:00,0.284714
2024-11-09T11:00:00+01:00,0.280394
2024-11-09T12:00:00+01:00,0.280975
2024-11-09T13:00:00+01:00,0.282330
2024-11-09T14:00:00+01:00,0.284968
2024-11-09T15:00:00+01:00,0.296753
2024-11-09T16:00:00+01:00,0.312943
2024-11-09T17:00:00+01:00,0.326858
2024-11-09T18:00:00+01:00,0.328262
2024-11-09T19:00:00+01:00,0.320167
2024-11-09T20:00:00+01:00,0.306917
2024-11-09T21:00:00+01:00,0.294382
2024-11-09T22:00:00+01:00,0.290231
2024-11-09T23:00:00+01:00,0.284871
2024-11-10T00:00:00+01:00,0.278688
2024-11-10T01:00:00+01:00,0.275409
2024-11-10T02:00:00+01:00,0.274211
2024-11-10T03:00:00+01:00,0.271972
2024-11-10T04:00:00+01:00,0.271670
2024-11-10T05:00:00+01:00,0.272517
2024-11-10T06:00:00+01:00,0.272106
2024-11-10T07:00:00+01:00,0.275615
2024-11-10T08:00:00+01:00,0.277829
2024-11-10T09:00:00+01:00,0.285851
2024-11-10T10:00:00+01:00,0.287376
2024-11-10T11:00:00+01:00,0.284907
2024-11-10T12:00:00+01:00,0.285863
2024-11-10T13:00:00+01:00,0.282608
2024-11-10T14:00:00+01:00,0.285875
2024-11-10T15:00:00+01:00,0.298532
2024-11-10T16:00:00+01:00,0.309882
2024-11-10T17:00:00+01:00,0.327729
2024-11-10T18:00:00+01:00,0.326132
2024-11-10T19:00:00+01:00,0.318110
2024-11-10T20:00:00+01:00,0.303275
2024-11-10T21:00:00+01:00,0.291139
2024-11-10T22:00:00+01:00,0.286081
2024-11-10T23:00:00+01:00,0.282354
2024-11-11T00:00:00+01:00,0.284206
2024-11-11T01:00:00+01:00,0.276740
2024-11-11T02:00:00+01:00,0.272541
2024-11-11T03:00:00+01:00,0.267810
2024-11-11T04:00:00+01:00,0.266612
2024-11-11T05:00:00+01:00,0.250870
2024-11-11T06:00:00+01:00,0.262607
2024-11-11T07:00:00+01:00,0.295531
2024-11-11T08:00:00+01:00,0.309616
2024-11-11T09:00:00+01:00,0.296729
2024-11-11T10:00:00+01:00,0.282669
2024-11-11T11:00:00+01:00,0.229393
2024-11-11T12:00:00+01:00,0.258094
2024-11-11T13:00:00+01:00,0.273860
2024-11-11T14:00:00+01:00,0.283540
2024-11-11T15:00:00+01:00,0.275796
2024-11-11T16:00:00+01:00,0.292252
2024-11-11T17:00:00+01:00,0.328032
2024-11-11T18:00:00+01:00,0.326011
2024-11-11T19:00:00+01:00,0.310995
2024-11-11T20:00:00+01:00,0.296850
2024-11-11T21:00:00+01:00,0.284992
2024-11-11T22:00:00+01:00,0.282161
2024-11-11T23:00:00+01:00,0.277889
2024-11-12T00:00:00+01:00,0.274102
2024-11-12T01:00:00+01:00,0.275070
2024-11-12T02:00:00+01:00,0.266842
2024-11-12T03:00:00+01:00,0.265088
2024-11-12T04:00:00+01:00,0.264374
2024-11-12T05:00:00+01:00,0.276413
2024-11-12T06:00:00+01:00,0.259582
2024-11-12T07:00:00+01:00,0.286565
2024-11-12T08:00:00+01:00,0.369450
2024-11-12T09:00:00+01:00,0.312822
2024-11-12T10:00:00+01:00,0.344028
2024-11-12T11:00:00+01:00,0.303529
2024-11-12T12:00:00+01:00,0.302791
2024-11-12T13:00:00+01:00,0.329895
2024-11-12T14:00:00+01:00,0.346121
2024-11-12T15:00:00+01:00,0.393650
2024-11-12T16:00:00+01:00,0.448995
2024-11-12T17:00:00+01:00,0.505369
2024-11-12T18:00:00+01:00,0.413010
2024-11-12T19:00:00+01:00,0.355341
2024-11-12T20:00:00+01:00,0.329121
2024-11-12T21:00:00+01:00,0.309567
2024-11-12T22:00:00+01:00,0.302222
2024-11-12T23:00:00+01:00,0.291199
2024-11-13T00:00:00+01:00,0.290437
2024-11-13T01:00:00+01:00,0.284690
2024-11-13T02:00:00+01:00,0.280588
2024-11-13T03:00:00+01:00,0.279499
2024-11-13T04:00:00+01:00,0.282173
2024-11-13T05:00:00+01:00,0.289953
2024-11-13T06:00:00+01:00,0.309325
2024-11-13T07:00:00+01:00,0.346182
2024-11-13T08:00:00+01:00,0.409029
2024-11-13T09:00:00+01:00,0.410481
2024-11-13T10:00:00+01:00,0.381284
2024-11-13T11:00:00+01:00,0.357096
2024-11-13T12:00:00+01:00,0.340047
2024-11-13T13:00:00+01:00,0.337627
2024-11-13T14:00:00+01:00,0.337288
2024-11-13T15:00:00+01:00,0.347755
2024-11-13T16:00:00+01:00,0.356854
2024-11-13T17:00:00+01:00,0.366449
2024-11-13T18:00:00+01:00,0.363400
2024-11-13T19:00:00+01:00,0.348662
2024-11-13T20:00:00+01:00,0.307135
2024-11-13T21:00:00+01:00,0.292337
2024-11-13T22:00:00+01:00,0.289868
2024-11-13T23:00:00+01:00,0.280890
2024-11-14T00:00:00+01:00,0.274707
2024-11-14T01:00:00+01:00,0.272650
2024-11-14T02:00:00+01:00,0.267979
2024-11-14T03:00:00+01:00,0.263418
2024-11-14T04:00:00+01:00,0.262522
2024-11-14T05:00:00+01:00,0.264095
2024-11-14T06:00:00+01:00,0.279027
2024-11-14T07:00:00+01:00,0.289675
2024-11-14T08:00:00+01:00,0.307861
2024-11-14T09:00:00+01:00,0.303820
2024-11-14T10:00:00+01:00,0.305078
2024-11-14T11:00:00+01:00,0.304521
2024-11-14T12:00:00+01:00,0.301472
2024-11-14T13:00:00+01:00,0.306639
2024-11-14T14:00:00+01:00,0.314020
2024-11-14T15:00:00+01:00,0.324862
2024-11-14T16:00:00+01:00,0.330440
2024-11-14T17:00:00+01:00,0.341814
2024-11-14T18:00:00+01:00,0.339490
2024-11-14T19:00:00+01:00,0.332085
2024-11-14T20:00:00+01:00,0.319792
2024-11-14T21:00:00+01:00,0.308381
2024-11-14T22:00:00+01:00,0.300347
2024-11-14T23:00:00+01:00,0.287848
2024-11-15T00:00:00+01:00,0.285549
2024-11-15T01:00:00+01:00,0.280878
2024-11-15T02:00:00+01:00,0.281205
2024-11-15T03:00:00+01:00,0.277127
2024-11-15T04:00:00+01:00,0.278095
2024-11-15T05:00:00+01:00,0.283274
2024-11-15T06:00:00+01:00,0.308708
2024-11-15T07:00:00+01:00,0.327378
2024-11-15T08:00:00+01:00,0.343459
2024-11-15T09:00:00+01:00,0.333114
2024-11-15T10:00:00+01:00,0.318122
2024-11-15T11:00:00+01:00,0.313197
2024-11-15T12:00:00+01:00,0.298834
2024-11-15T13:00:00+01:00,0.298665
2024-11-15T14:00:00+01:00,0.309071
2024-11-15T15:00:00+01:00,0.318799
2024-11-15T16:00:00+01:00,0.312810
2024-11-15T17:00:00+01:00,0.317456
2024-11-15T18:00:00+01:00,0.315653
2024-11-15T19:00:00+01:00,0.306530
2024-11-15T20:00:00+01:00,0.291683
2024-11-15T21:00:00+01:00,0.285645
2024-11-15T22:00:00+01:00,0.282560
2024-11-15T23:00:00+01:00,0.264846
2024-11-16T00:00:00+01:00,0.275857
2024-11-16T01:00:00+01:00,0.271549
2024-11-16T02:00:00+01:00,0.270121
2024-11-16T03:00:00+01:00,0.267895
2024-11-16T04:00:00+01:00,0.260284
2024-11-16T05:00:00+01:00,0.256860
2024-11-16T06:00:00+01:00,0.246756
2024-11-16T07:00:00+01:00,0.260671
2024-11-16T08:00:00+01:00,0.278398
2024-11-16T09:00:00+01:00,0.294914
2024-11-16T10:00:00+01:00,0.290679
2024-11-16T11:00:00+01:00,0.286456
2024-11-16T12:00:00+01:00,0.283516
2024-11-16T13:00:00+01:00,0.274780
2024-11-16T14:00:00+01:00,0.272650
2024-11-16T15:00:00+01:00,0.275772
2024-11-16T16:00:00+01:00,0.287231
2024-11-16T17:00:00+01:00,0.304751
2024-11-16T18:00:00+01:00,0.299875
2024-11-16T19:00:00+01:00,0.285960
2024-11-16T20:00:00+01:00,0.296003
2024-11-16T21:00:00+01:00,0.293970
2024-11-16T22:00:00+01:00,0.267762
2024-11-17T00:00:00+01:00,0.267871
2024-11-17T01:00:00+01:00,0.261663
2024-11-17T02:00:00+01:00,0.241589
2024-11-17T03:00:00+01:00,0.225678
2024-11-17T04:00:00+01:00,0.206741
2024-11-17T05:00:00+01:00,0.199203
2024-11-17T06:00:00+01:00,0.208036
2024-11-17T07:00:00+01:00,0.229138
2024-11-17T08:00:00+01:00,0.255347
2024-11-17T09:00:00+01:00,0.263938
2024-11-17T10:00:00+01:00,0.206136
2024-11-17T11:00:00+01:00,0.168348
2024-11-17T12:00:00+01:00,0.181259
2024-11-17T13:00:00+01:00,0.169715
2024-11-17T14:00:00+01:00,0.224008
2024-11-17T15:00:00+01:00,0.251100
2024-11-17T16:00:00+01:00,0.289348
2024-11-17T17:00:00+01:00,0.309676
2024-11-17T18:00:00+01:00,0.302779
2024-11-17T19:00:00+01:00,0.272650
2024-11-17T20:00:00+01:00,0.302864
2024-11-17T21:00:00+01:00,0.290800
2024-11-17T22:00:00+01:00,0.296729
2024-11-17T23:00:00+01:00,0.284750
2024-11-18T00:00:00+01:00,0.266842
2024-11-18T01:00:00+01:00,0.251475
2024-11-18T02:00:00+01:00,0.261978
2024-11-18T03:00:00+01:00,0.264785
2024-11-18T04:00:00+01:00,0.251269
2024-11-18T05:00:00+01:00,0.261917
2024-11-18T06:00:00+01:00,0.270278
2024-11-18T07:00:00+01:00,0.300432
2024-11-18T08:00:00+01:00,0.300613
2024-11-18T09:00:00+01:00,0.297516
2024-11-18T10:00:00+01:00,0.296850
2024-11-18T11:00:00+01:00,0.284750
2024-11-18T12:00:00+01:00,0.267169
2024-11-18T13:00:00+01:00,0.268778
2024-11-18T14:00:00+01:00,0.290921
2024-11-18T15:00:00+01:00,0.300553
2024-11-18T16:00:00+01:00,0.325890
2024-11-18T17:00:00+01:00,0.344887
2024-11-18T18:00:00+01:00,0.349558
2024-11-18T19:00:00+01:00,0.338498
2024-11-18T20:00:00+01:00,0.308660
2024-11-18T21:00:00+01:00,0.294200
2024-11-18T22:00:00+01:00,0.293208
2024-11-18T23:00:00+01:00,0.282814
2024-11-19T00:00:00+01:00,0.281193
2024-11-19T01:00:00+01:00,0.274344
2024-11-19T02:00:00+01:00,0.267302
2024-11-19T03:00:00+01:00,0.256666
2024-11-19T04:00:00+01:00,0.249273
2024-11-19T05:00:00+01:00,0.256666
2024-11-19T06:00:00+01:00,0.284714
2024-11-19T07:00:00+01:00,0.303384
2024-11-19T08:00:00+01:00,0.326943
2024-11-19T09:00:00+01:00,0.331928
2024-11-19T10:00:00+01:00,0.329205
2024-11-19T11:00:00+01:00,0.336550
2024-11-19T12:00:00+01:00,0.325648
2024-11-19T13:00:00+01:00,0.326047
2024-11-19T14:00:00+01:00,0.312604
2024-11-19T15:00:00+01:00,0.307450
2024-11-19T16:00:00+01:00,0.312447
2024-11-19T17:00:00+01:00,0.320929
2024-11-19T18:00:00+01:00,0.314915
2024-11-19T19:00:00+01:00,0.304473
2024-11-19T20:00:00+01:00,0.293402
2024-11-19T21:00:00+01:00,0.283988
2024-11-19T22:00:00+01:00,0.279232
2024-11-19T23:00:00+01:00,0.260429
2024-11-20T00:00:00+01:00,0.273376
2024-11-20T01:00:00+01:00,0.262474
2024-11-20T02:00:00+01:00,0.256436
2024-11-20T03:00:00+01:00,0.250301
2024-11-20T04:00:00+01:00,0.249672
2024-11-20T05:00:00+01:00,0.262813
2024-11-20T06:00:00+01:00,0.280297
2024-11-20T07:00:00+01:00,0.312991
2024-11-20T08:00:00+01:00,0.324523
2024-11-20T09:00:00+01:00,0.321014
2024-11-20T10:00:00+01:00,0.295519
2024-11-20T11:00:00+01:00,0.282052
2024-11-20T12:00:00+01:00,0.269335
2024-11-20T13:00:00+01:00,0.269456
2024-11-20T14:00:00+01:00,0.280394
2024-11-20T15:00:00+01:00,0.304618
2024-11-20T16:00:00+01:00,0.314008
2024-11-20T17:00:00+01:00,0.323627
2024-11-20T18:00:00+01:00,0.324317
2024-11-20T19:00:00+01:00,0.321800
2024-11-20T20:00:00+01:00,0.316186
2024-11-20T21:00:00+01:00,0.296971
2024-11-20T22:00:00+01:00,0.291792
2024-11-20T23:00:00+01:00,0.276885
2024-11-21T00:00:00+01:00,0.265342
2024-11-21T01:00:00+01:00,0.261034
2024-11-21T02:00:00+01:00,0.256678
2024-11-21T03:00:00+01:00,0.253472
2024-11-21T04:00:00+01:00,0.253568
2024-11-21T05:00:00+01:00,0.264035
2024-11-21T06:00:00+01:00,0.282681
2024-11-21T07:00:00+01:00,0.299597
2024-11-21T08:00:00+01:00,0.313004
2024-11-21T09:00:00+01:00,0.315012
2024-11-21T10:00:00+01:00,0.305780
2024-11-21T11:00:00+01:00,0.291405
2024-11-21T12:00:00+01:00,0.289130
2024-11-21T13:00:00+01:00,0.298012
2024-11-21T14:00:00+01:00,0.317674
2024-11-21T15:00:00+01:00,0.332025
2024-11-21T16:00:00+01:00,0.353877
2024-11-21T17:00:00+01:00,0.363775
2024-11-21T18:00:00+01:00,0.343084
2024-11-21T19:00:00+01:00,0.334554
2024-11-21T20:00:00+01:00,0.308998
2024-11-21T21:00:00+01:00,0.299439
2024-11-21T22:00:00+01:00,0.298326
2024-11-21T23:00:00+01:00,0.280902
2024-11-22T00:00:00+01:00,0.290195
2024-11-22T01:00:00+01:00,0.277514
2024-11-22T02:00:00+01:00,0.268100
2024-11-22T03:00:00+01:00,0.260562
2024-11-22T04:00:00+01:00,0.257162
2024-11-22T05:00:00+01:00,0.262486
2024-11-22T06:00:00+01:00,0.291163
2024-11-22T07:00:00+01:00,0.315073
2024-11-22T08:00:00+01:00,0.326144
2024-11-22T09:00:00+01:00,0.322321
2024-11-22T10:00:00+01:00,0.312507
2024-11-22T11:00:00+01:00,0.293075
2024-11-22T12:00:00+01:00,0.279910
2024-11-22T13:00:00+01:00,0.265995
2024-11-22T14:00:00+01:00,0.266443
2024-11-22T15:00:00+01:00,0.283383
2024-11-22T16:00:00+01:00,0.289626
2024-11-22T17:00:00+01:00,0.308950
2024-11-22T18:00:00+01:00,0.315012
2024-11-22T19:00:00+01:00,0.312544
2024-11-22T20:00:00+01:00,0.307861
2024-11-22T21:00:00+01:00,0.281398
2024-11-22T22:00:00+01:00,0.297334
2024-11-22T23:00:00+01:00,0.308321
2024-11-23T00:00:00+01:00,0.298798
2024-11-23T01:00:00+01:00,0.289445
2024-11-23T02:00:00+01:00,0.276716
2024-11-23T03:00:00+01:00,0.263454
2024-11-23T04:00:00+01:00,0.248450
2024-11-23T05:00:00+01:00,0.257041
2024-11-23T06:00:00+01:00,0.254089
2024-11-23T07:00:00+01:00,0.261034
2024-11-23T08:00:00+01:00,0.270170
2024-11-23T09:00:00+01:00,0.255250
2024-11-23T10:00:00+01:00,0.260550
2024-11-23T11:00:00+01:00,0.255686
2024-11-23T12:00:00+01:00,0.258880
2024-11-23T13:00:00+01:00,0.246030
2024-11-23T14:00:00+01:00,0.255323
2024-11-23T15:00:00+01:00,0.273400
2024-11-23T16:00:00+01:00,0.255057
2024-11-23T17:00:00+01:00,0.267278
2024-11-23T18:00:00+01:00,0.259340
2024-11-23T19:00:00+01:00,0.242606
2024-11-23T20:00:00+01:00,0.228788
2024-11-23T21:00:00+01:00,0.213735
2024-11-23T22:00:00+01:00,0.202639
2024-11-23T23:00:00+01:00,0.174991
2024-11-24T00:00:00+01:00,0.157289
2024-11-24T01:00:00+01:00,0.153731
2024-11-24T02:00:00+01:00,0.151650
2024-11-24T03:00:00+01:00,0.150355
2024-11-24T04:00:00+01:00,0.149351
2024-11-24T05:00:00+01:00,0.149121
2024-11-24T06:00:00+01:00,0.148419
2024-11-24T07:00:00+01:00,0.151614
2024-11-24T08:00:00+01:00,0.153308
2024-11-24T09:00:00+01:00,0.156188
2024-11-24T10:00:00+01:00,0.154155
2024-11-24T11:00:00+01:00,0.153163
2024-11-24T12:00:00+01:00,0.154336
2024-11-24T13:00:00+01:00,0.153284
2024-11-24T14:00:00+01:00,0.157434
2024-11-24T15:00:00+01:00,0.162443
2024-11-24T16:00:00+01:00,0.201865
2024-11-24T17:00:00+01:00,0.246030
2024-11-24T18:00:00+01:00,0.224250
2024-11-24T19:00:00+01:00,0.224129
2024-11-24T20:00:00+01:00,0.198840
2024-11-24T21:00:00+01:00,0.169461
2024-11-24T22:00:00+01:00,0.161826
2024-11-24T23:00:00+01:00,0.156490
2024-11-25T00:00:00+01:00,0.152170
2024-11-25T01:00:00+01:00,0.151662
2024-11-25T02:00:00+01:00,0.150985
2024-11-25T03:00:00+01:00,0.150331
2024-11-25T04:00:00+01:00,0.151239
2024-11-25T05:00:00+01:00,0.151590
2024-11-25T06:00:00+01:00,0.153985
2024-11-25T07:00:00+01:00,0.220620
2024-11-25T08:00:00+01:00,0.269020
2024-11-25T09:00:00+01:00,0.295144
2024-11-25T10:00:00+01:00,0.306772
2024-11-25T11:00:00+01:00,0.300480
2024-11-25T12:00:00+01:00,0.287170
2024-11-25T13:00:00+01:00,0.287412
2024-11-25T14:00:00+01:00,0.289590
2024-11-25T15:00:00+01:00,0.291623
2024-11-25T16:00:00+01:00,0.302900
2024-11-25T17:00:00+01:00,0.331940
2024-11-25T18:00:00+01:00,0.318884
2024-11-25T19:00:00+01:00,0.295628
2024-11-25T20:00:00+01:00,0.268234
2024-11-25T21:00:00+01:00,0.252564
2024-11-25T22:00:00+01:00,0.258227
2024-11-25T23:00:00+01:00,0.237209
2024-11-26T00:00:00+01:00,0.260671
2024-11-26T01:00:00+01:00,0.247313
2024-11-26T02:00:00+01:00,0.246780
2024-11-26T03:00:00+01:00,0.237838
2024-11-26T04:00:00+01:00,0.239956
2024-11-26T05:00:00+01:00,0.251330
2024-11-26T06:00:00+01:00,0.274405
2024-11-26T07:00:00+01:00,0.284750
2024-11-26T08:00:00+01:00,0.316392
2024-11-26T09:00:00+01:00,0.305308
2024-11-26T10:00:00+01:00,0.287279
2024-11-26T11:00:00+01:00,0.272650
2024-11-26T12:00:00+01:00,0.262910
2024-11-26T13:00:00+01:00,0.274634
2024-11-26T14:00:00+01:00,0.291659
2024-11-26T15:00:00+01:00,0.301993
2024-11-26T16:00:00+01:00,0.325914
2024-11-26T17:00:00+01:00,0.339418
2024-11-26T18:00:00+01:00,0.346024
2024-11-26T19:00:00+01:00,0.336707
2024-11-26T20:00:00+01:00,0.305356
2024-11-26T21:00:00+01:00,0.295192
2024-11-26T22:00:00+01:00,0.299875
2024-11-26T23:00:00+01:00,0.289106
2024-11-27T00:00:00+01:00,0.286033
2024-11-27T01:00:00+01:00,0.284750
2024-11-27T02:00:00+01:00,0.276534
2024-11-27T03:00:00+01:00,0.273703
2024-11-27T04:00:00+01:00,0.287303
2024-11-27T05:00:00+01:00,0.307498
2024-11-27T06:00:00+01:00,0.307619
2024-11-27T07:00:00+01:00,0.352510
2024-11-27T08:00:00+01:00,0.310160
2024-11-27T09:00:00+01:00,0.319925
2024-11-27T10:00:00+01:00,0.314262
2024-11-27T11:00:00+01:00,0.303880
2024-11-27T12:00:00+01:00,0.302174
2024-11-27T13:00:00+01:00,0.296693
2024-11-27T14:00:00+01:00,0.301690
2024-11-27T15:00:00+01:00,0.292482
2024-11-27T16:00:00+01:00,0.289275
2024-11-27T17:00:00+01:00,0.284629
2024-11-27T18:00:00+01:00,0.273860
2024-11-27T19:00:00+01:00,0.247216
2024-11-27T20:00:00+01:00,0.248414
2024-11-27T21:00:00+01:00,0.255347
2024-11-27T22:00:00+01:00,0.224129
2024-11-28T00:00:00+01:00,0.212271
2024-11-28T01:00:00+01:00,0.201514
2024-11-28T02:00:00+01:00,0.194157
2024-11-28T03:00:00+01:00,0.197630
2024-11-28T04:00:00+01:00,0.224129
2024-11-28T05:00:00+01:00,0.263018
2024-11-28T06:00:00+01:00,0.272771
2024-11-28T07:00:00+01:00,0.311491
2024-11-28T08:00:00+01:00,0.331081
2024-11-28T09:00:00+01:00,0.321486
2024-11-28T10:00:00+01:00,0.271452
2024-11-28T11:00:00+01:00,0.271077
2024-11-28T12:00:00+01:00,0.268004
2024-11-28T13:00:00+01:00,0.271428
2024-11-28T14:00:00+01:00,0.290074
2024-11-28T15:00:00+01:00,0.295398
2024-11-28T16:00:00+01:00,0.313705
2024-11-28T17:00:00+01:00,0.334360
2024-11-28T18:00:00+01:00,0.343120
2024-11-28T19:00:00+01:00,0.338038
2024-11-28T20:00:00+01:00,0.325152
2024-11-28T21:00:00+01:00,0.310475
2024-11-28T22:00:00+01:00,0.299464
2024-11-28T23:00:00+01:00,0.287896
2024-11-29T00:00:00+01:00,0.285113
2024-11-29T01:00:00+01:00,0.281132
2024-11-29T02:00:00+01:00,0.276849
2024-11-29T03:00:00+01:00,0.274489
2024-11-29T04:00:00+01:00,0.276074
2024-11-29T05:00:00+01:00,0.287497
2024-11-29T06:00:00+01:00,0.309749
2024-11-29T07:00:00+01:00,0.346133
2024-11-29T08:00:00+01:00,0.361658
2024-11-29T09:00:00+01:00,0.342068
2024-11-29T10:00:00+01:00,0.319054
2024-11-29T11:00:00+01:00,0.296923
2024-11-29T12:00:00+01:00,0.284811
2024-11-29T13:00:00+01:00,0.289905
2024-11-29T14:00:00+01:00,0.283903
2024-11-29T15:00:00+01:00,0.301932
2024-11-29T16:00:00+01:00,0.328576
2024-11-29T17:00:00+01:00,0.332364
2024-11-29T18:00:00+01:00,0.323506
2024-11-29T19:00:00+01:00,0.311213
2024-11-29T20:00:00+01:00,0.296729
2024-11-29T21:00:00+01:00,0.287291
2024-11-29T22:00:00+01:00,0.289505
2024-11-29T23:00:00+01:00,0.276619
2024-11-30T00:00:00+01:00,0.272045
2024-11-30T01:00:00+01:00,0.263805
2024-11-30T02:00:00+01:00,0.260090
2024-11-30T03:00:00+01:00,0.256460
2024-11-30T04:00:00+01:00,0.258178
2024-11-30T05:00:00+01:00,0.260647
2024-11-30T06:00:00+01:00,0.258275
2024-11-30T07:00:00+01:00,0.275578
2024-11-30T08:00:00+01:00,0.294188
2024-11-30T09:00:00+01:00,0.302900
2024-11-30T10:00:00+01:00,0.283371
2024-11-30T11:00:00+01:00,0.255045
2024-11-30T12:00:00+01:00,0.257138
2024-11-30T13:00:00+01:00,0.260550
2024-11-30T14:00:00+01:00,0.280878
2024-11-30T15:00:00+01:00,0.299524
2024-11-30T16:00:00+01:00,0.310801
2024-11-30T17:00:00+01:00,0.318243
2024-11-30T18:00:00+01:00,0.316694
2024-11-30T19:00:00+01:00,0.311322
2024-11-30T20:00:00+01:00,0.302307
2024-11-30T21:00:00+01:00,0.290897
2024-11-30T22:00:00+01:00,0.290534
2024-11-30T23:00:00+01:00,0.280721
2024-12-01T00:00:00+01:00,0.272239
2024-12-01T01:00:00+01:00,0.260562
2024-12-01T02:00:00+01:00,0.258299
2024-12-01T03:00:00+01:00,0.255347
2024-12-01T04:00:00+01:00,0.253617
2024-12-01T05:00:00+01:00,0.253012
2024-12-01T06:00:00+01:00,0.252358
2024-12-01T07:00:00+01:00,0.259945
2024-12-01T08:00:00+01:00,0.271670
2024-12-01T09:00:00+01:00,0.266116
2024-12-01T10:00:00+01:00,0.259703
2024-12-01T11:00:00+01:00,0.251330
2024-12-01T12:00:00+01:00,0.254803
2024-12-01T13:00:00+01:00,0.252177
2024-12-01T14:00:00+01:00,0.258336
2024-12-01T15:00:00+01:00,0.279003
2024-12-01T16:00:00+01:00,0.293765
2024-12-01T17:00:00+01:00,0.294188
2024-12-01T18:00:00+01:00,0.300807
2024-12-01T19:00:00+01:00,0.287545
2024-12-01T20:00:00+01:00,0.264979
2024-12-01T21:00:00+01:00,0.255722
2024-12-01T22:00:00+01:00,0.269492
2024-12-01T23:00:00+01:00,0.254500
2024-12-02T00:00:00+01:00,0.242122
2024-12-02T01:00:00+01:00,0.231764
2024-12-02T02:00:00+01:00,0.226150
2024-12-02T03:00:00+01:00,0.207915
2024-12-02T04:00:00+01:00,0.211122
2024-12-02T05:00:00+01:00,0.234438
2024-12-02T06:00:00+01:00,0.263587
2024-12-02T07:00:00+01:00,0.303203
2024-12-02T08:00:00+01:00,0.304352
2024-12-02T09:00:00+01:00,0.301617
2024-12-02T10:00:00+01:00,0.298592
2024-12-02T11:00:00+01:00,0.291974
2024-12-02T12:00:00+01:00,0.291018
2024-12-02T13:00:00+01:00,0.304594
2024-12-02T14:00:00+01:00,0.313851
2024-12-02T15:00:00+01:00,0.323385
2024-12-02T16:00:00+01:00,0.326798
2024-12-02T17:00:00+01:00,0.329605
2024-12-02T18:00:00+01:00,0.331069
2024-12-02T19:00:00+01:00,0.319562
2024-12-02T20:00:00+01:00,0.298217
2024-12-02T21:00:00+01:00,0.288876
2024-12-02T22:00:00+01:00,0.287823
2024-12-02T23:00:00+01:00,0.275844
2024-12-03T00:00:00+01:00,0.285875
2024-12-03T01:00:00+01:00,0.261639
2024-12-03T02:00:00+01:00,0.258130
2024-12-03T03:00:00+01:00,0.256678
2024-12-03T04:00:00+01:00,0.266552
2024-12-03T05:00:00+01:00,0.275748
2024-12-03T06:00:00+01:00,0.296777
2024-12-03T07:00:00+01:00,0.323470
2024-12-03T08:00:00+01:00,0.339974
2024-12-03T09:00:00+01:00,0.334469
2024-12-03T10:00:00+01:00,0.323821
2024-12-03T11:00:00+01:00,0.310329
2024-12-03T12:00:00+01:00,0.305477
2024-12-03T13:00:00+01:00,0.323010
2024-12-03T14:00:00+01:00,0.330730
2024-12-03T15:00:00+01:00,0.352486
2024-12-03T16:00:00+01:00,0.393771
2024-12-03T17:00:00+01:00,0.404709
2024-12-03T18:00:00+01:00,0.391085
2024-12-03T19:00:00+01:00,0.381344
2024-12-03T20:00:00+01:00,0.355462
2024-12-03T21:00:00+01:00,0.336937
2024-12-03T22:00:00+01:00,0.323567
2024-12-03T23:00:00+01:00,0.309930
2024-12-04T00:00:00+01:00,0.298060
2024-12-04T01:00:00+01:00,0.292809
2024-12-04T02:00:00+01:00,0.288126
2024-12-04T03:00:00+01:00,0.284750
2024-12-04T04:00:00+01:00,0.286734
2024-12-04T05:00:00+01:00,0.296366
2024-12-04T06:00:00+01:00,0.324862
2024-12-04T07:00:00+01:00,0.396239
2024-12-04T08:00:00+01:00,0.474127
2024-12-04T09:00:00+01:00,0.446951
2024-12-04T10:00:00+01:00,0.397510
2024-12-04T11:00:00+01:00,0.384006
2024-12-04T12:00:00+01:00,0.377981
2024-12-04T13:00:00+01:00,0.383184
2024-12-04T14:00:00+01:00,0.401104
2024-12-04T15:00:00+01:00,0.427324
2024-12-04T16:00:00+01:00,0.454150
2024-12-04T17:00:00+01:00,0.490075
2024-12-04T18:00:00+01:00,0.424190
2024-12-04T19:00:00+01:00,0.386390
2024-12-04T20:00:00+01:00,0.343798
2024-12-04T21:00:00+01:00,0.312580
2024-12-04T22:00:00+01:00,0.296850
2024-12-04T23:00:00+01:00,0.285960
2024-12-05T00:00:00+01:00,0.290522
2024-12-05T01:00:00+01:00,0.279595
2024-12-05T02:00:00+01:00,0.272771
2024-12-05T03:00:00+01:00,0.257089
2024-12-05T04:00:00+01:00,0.244747
2024-12-05T05:00:00+01:00,0.245667
2024-12-05T06:00:00+01:00,0.262123
2024-12-05T07:00:00+01:00,0.272771
2024-12-05T08:00:00+01:00,0.306530
2024-12-05T09:00:00+01:00,0.311104
2024-12-05T10:00:00+01:00,0.302803
2024-12-05T11:00:00+01:00,0.281495
2024-12-05T12:00:00+01:00,0.276885
2024-12-05T13:00:00+01:00,0.277877
2024-12-05T14:00:00+01:00,0.281556
2024-12-05T15:00:00+01:00,0.292325
2024-12-05T16:00:00+01:00,0.302464
2024-12-05T17:00:00+01:00,0.318509
2024-12-05T18:00:00+01:00,0.308950
2024-12-05T19:00:00+01:00,0.291054
2024-12-05T20:00:00+01:00,0.274961
2024-12-05T21:00:00+01:00,0.253205
2024-12-05T22:00:00+01:00,0.248402
2024-12-05T23:00:00+01:00,0.206245
2024-12-06T00:00:00+01:00,0.166279
2024-12-06T01:00:00+01:00,0.158874
2024-12-06T02:00:00+01:00,0.156684
2024-12-06T03:00:00+01:00,0.154336
2024-12-06T04:00:00+01:00,0.155026
2024-12-06T05:00:00+01:00,0.164403
2024-12-06T06:00:00+01:00,0.227517
2024-12-06T07:00:00+01:00,0.266322
2024-12-06T08:00:00+01:00,0.286868
2024-12-06T09:00:00+01:00,0.302900
2024-12-06T10:00:00+01:00,0.279220
2024-12-06T11:00:00+01:00,0.272529
2024-12-06T12:00:00+01:00,0.262849
2024-12-06T13:00:00+01:00,0.274066
2024-12-06T14:00:00+01:00,0.283540
2024-12-06T15:00:00+01:00,0.293256
2024-12-06T16:00:00+01:00,0.309652
2024-12-06T17:00:00+01:00,0.323797
2024-12-06T18:00:00+01:00,0.333816
2024-12-06T19:00:00+01:00,0.323107
2024-12-06T20:00:00+01:00,0.306833
2024-12-06T21:00:00+01:00,0.294418
2024-12-06T22:00:00+01:00,0.294430
2024-12-06T23:00:00+01:00,0.273243
2024-12-07T00:00:00+01:00,0.255456
2024-12-07T01:00:00+01:00,0.242303
2024-12-07T02:00:00+01:00,0.233325
2024-12-07T03:00:00+01:00,0.226041
2024-12-07T04:00:00+01:00,0.211061
2024-12-07T05:00:00+01:00,0.196916
2024-12-07T06:00:00+01:00,0.195815
2024-12-07T07:00:00+01:00,0.201841
2024-12-07T08:00:00+01:00,0.217196
2024-12-07T09:00:00+01:00,0.223161
2024-12-07T10:00:00+01:00,0.222798
2024-12-07T11:00:00+01:00,0.221782
2024-12-07T12:00:00+01:00,0.228049
2024-12-07T13:00:00+01:00,0.232297
2024-12-07T14:00:00+01:00,0.231195
2024-12-07T15:00:00+01:00,0.239181
2024-12-07T16:00:00+01:00,0.254500
2024-12-07T17:00:00+01:00,0.257162
2024-12-07T18:00:00+01:00,0.251608
2024-12-07T19:00:00+01:00,0.248874
2024-12-07T20:00:00+01:00,0.247119
2024-12-07T21:00:00+01:00,0.247276
2024-12-07T22:00:00+01:00,0.244215
2024-12-07T23:00:00+01:00,0.234813
2024-12-08T00:00:00+01:00,0.251064
2024-12-08T01:00:00+01:00,0.243429
2024-12-08T02:00:00+01:00,0.243380
2024-12-08T03:00:00+01:00,0.237814
2024-12-08T04:00:00+01:00,0.237899
2024-12-08T05:00:00+01:00,0.244772
2024-12-08T06:00:00+01:00,0.246925
2024-12-08T07:00:00+01:00,0.247591
2024-12-08T08:00:00+01:00,0.258941
2024-12-08T09:00:00+01:00,0.271113
2024-12-08T10:00:00+01:00,0.273630
2024-12-08T11:00:00+01:00,0.280394
2024-12-08T12:00:00+01:00,0.283225
2024-12-08T13:00:00+01:00,0.280104
2024-12-08T14:00:00+01:00,0.271888
2024-12-08T15:00:00+01:00,0.284339
2024-12-08T16:00:00+01:00,0.267568
2024-12-08T17:00:00+01:00,0.279281
2024-12-08T18:00:00+01:00,0.267024
2024-12-08T19:00:00+01:00,0.265535
2024-12-08T20:00:00+01:00,0.259038
2024-12-08T21:00:00+01:00,0.258130
2024-12-08T22:00:00+01:00,0.255408
2024-12-08T23:00:00+01:00,0.240597
2024-12-09T00:00:00+01:00,0.235128
2024-12-09T01:00:00+01:00,0.216010
2024-12-09T02:00:00+01:00,0.193589
2024-12-09T03:00:00+01:00,0.189765
2024-12-09T04:00:00+01:00,0.194399
2024-12-09T05:00:00+01:00,0.231800
2024-12-09T06:00:00+01:00,0.245631
2024-12-09T07:00:00+01:00,0.287315
2024-12-09T08:00:00+01:00,0.299222
2024-12-09T09:00:00+01:00,0.299609
2024-12-09T10:00:00+01:00,0.300916
2024-12-09T11:00:00+01:00,0.297225
2024-12-09T12:00:00+01:00,0.299827
2024-12-09T13:00:00+01:00,0.292252
2024-12-09T14:00:00+01:00,0.292821
2024-12-09T15:00:00+01:00,0.289602
2024-12-09T16:00:00+01:00,0.291635
2024-12-09T17:00:00+01:00,0.298786
2024-12-09T18:00:00+01:00,0.293111
2024-12-09T19:00:00+01:00,0.303372
2024-12-09T20:00:00+01:00,0.288574
2024-12-09T21:00:00+01:00,0.275010
2024-12-09T22:00:00+01:00,0.270811
2024-12-09T23:00:00+01:00,0.263442
2024-12-10T00:00:00+01:00,0.245147
2024-12-10T01:00:00+01:00,0.254500
2024-12-10T02:00:00+01:00,0.254415
2024-12-10T03:00:00+01:00,0.252927
2024-12-10T04:00:00+01:00,0.257174
2024-12-10T05:00:00+01:00,0.257755
2024-12-10T06:00:00+01:00,0.272650
2024-12-10T07:00:00+01:00,0.288126
2024-12-10T08:00:00+01:00,0.314068
2024-12-10T09:00:00+01:00,0.342503
2024-12-10T10:00:00+01:00,0.336937
2024-12-10T11:00:00+01:00,0.348880
2024-12-10T12:00:00+01:00,0.315266
2024-12-10T13:00:00+01:00,0.356322
2024-12-10T14:00:00+01:00,0.356721
2024-12-10T15:00:00+01:00,0.365336
2024-12-10T16:00:00+01:00,0.369414
2024-12-10T17:00:00+01:00,0.345129
2024-12-10T18:00:00+01:00,0.370660
2024-12-10T19:00:00+01:00,0.365397
2024-12-10T20:00:00+01:00,0.335546
2024-12-10T21:00:00+01:00,0.296850
2024-12-10T22:00:00+01:00,0.281362
2024-12-10T23:00:00+01:00,0.298508
2024-12-11T00:00:00+01:00,0.272650
2024-12-11T01:00:00+01:00,0.274889
2024-12-11T02:00:00+01:00,0.268463
2024-12-11T03:00:00+01:00,0.269141
2024-12-11T04:00:00+01:00,0.268427
2024-12-11T05:00:00+01:00,0.269141
2024-12-11T06:00:00+01:00,0.272771
2024-12-11T07:00:00+01:00,0.296850
2024-12-11T08:00:00+01:00,0.451331
2024-12-11T09:00:00+01:00,0.514771
2024-12-11T10:00:00+01:00,0.541452
2024-12-11T11:00:00+01:00,0.538027
2024-12-11T12:00:00+01:00,0.529013
2024-12-11T13:00:00+01:00,0.538185
2024-12-11T14:00:00+01:00,0.565627
2024-12-11T15:00:00+01:00,0.581672
2024-12-11T16:00:00+01:00,0.650097
2024-12-11T17:00:00+01:00,0.663637
2024-12-11T18:00:00+01:00,0.574315
2024-12-11T19:00:00+01:00,0.512617
2024-12-11T20:00:00+01:00,0.385337
2024-12-11T21:00:00+01:00,0.338813
2024-12-11T22:00:00+01:00,0.333150
2024-12-11T23:00:00+01:00,0.316162
2024-12-12T00:00:00+01:00,0.299560
2024-12-12T01:00:00+01:00,0.291163
2024-12-12T02:00:00+01:00,0.284702
2024-12-12T03:00:00+01:00,0.281544
2024-12-12T04:00:00+01:00,0.287787
2024-12-12T05:00:00+01:00,0.300928
2024-12-12T06:00:00+01:00,0.350066
2024-12-12T07:00:00+01:00,0.433544
2024-12-12T08:00:00+01:00,0.780729
2024-12-12T09:00:00+01:00,0.855241
2024-12-12T10:00:00+01:00,0.756650
2024-12-12T11:00:00+01:00,0.676415
2024-12-12T12:00:00+01:00,0.612805
2024-12-12T13:00:00+01:00,0.635771
2024-12-12T14:00:00+01:00,0.715740
2024-12-12T15:00:00+01:00,0.923461
2024-12-12T16:00:00+01:00,1.080531
2024-12-12T17:00:00+01:00,1.207932
2024-12-12T18:00:00+01:00,0.911857
2024-12-12T19:00:00+01:00,0.777825
2024-12-12T20:00:00+01:00,0.496948
2024-12-12T21:00:00+01:00,0.356624
2024-12-12T22:00:00+01:00,0.333150
2024-12-12T23:00:00+01:00,0.314698
2024-12-13T00:00:00+01:00,0.309035
2024-12-13T01:00:00+01:00,0.300359
2024-12-13T02:00:00+01:00,0.295604
2024-12-13T03:00:00+01:00,0.290740
2024-12-13T04:00:00+01:00,0.291574
2024-12-13T05:00:00+01:00,0.296729
2024-12-13T06:00:00+01:00,0.333271
2024-12-13T07:00:00+01:00,0.378501
2024-12-13T08:00:00+01:00,0.457780
2024-12-13T09:00:00+01:00,0.448995
2024-12-13T10:00:00+01:00,0.403838
2024-12-13T11:00:00+01:00,0.362517
2024-12-13T12:00:00+01:00,0.352474
2024-12-13T13:00:00+01:00,0.351300
2024-12-13T14:00:00+01:00,0.374895
2024-12-13T15:00:00+01:00,0.417656
2024-12-13T16:00:00+01:00,0.453291
2024-12-13T17:00:00+01:00,0.495544
2024-12-13T18:00:00+01:00,0.466250
2024-12-13T19:00:00+01:00,0.424626
2024-12-13T20:00:00+01:00,0.363400
2024-12-13T21:00:00+01:00,0.328576
2024-12-13T22:00:00+01:00,0.315109
2024-12-13T23:00:00+01:00,0.292639
2024-12-14T00:00:00+01:00,0.293147
2024-12-14T01:00:00+01:00,0.286396
2024-12-14T02:00:00+01:00,0.282378
2024-12-14T03:00:00+01:00,0.271464
2024-12-14T04:00:00+01:00,0.264712
2024-12-14T05:00:00+01:00,0.262426
2024-12-14T06:00:00+01:00,0.263841
2024-12-14T07:00:00+01:00,0.275203
2024-12-14T08:00:00+01:00,0.289542
2024-12-14T09:00:00+01:00,0.303021
2024-12-14T10:00:00+01:00,0.298205
2024-12-14T11:00:00+01:00,0.282584
2024-12-14T12:00:00+01:00,0.276522
2024-12-14T13:00:00+01:00,0.276232
2024-12-14T14:00:00+01:00,0.268572
2024-12-14T15:00:00+01:00,0.272771
2024-12-14T16:00:00+01:00,0.279511
2024-12-14T17:00:00+01:00,0.296850
2024-12-14T18:00:00+01:00,0.288828
2024-12-14T19:00:00+01:00,0.260671
2024-12-14T20:00:00+01:00,0.264422
2024-12-14T21:00:00+01:00,0.260090
2024-12-14T22:00:00+01:00,0.250725
2024-12-14T23:00:00+01:00,0.248692
2024-12-15T00:00:00+01:00,0.266600
2024-12-15T01:00:00+01:00,0.257283
2024-12-15T02:00:00+01:00,0.246224
2024-12-15T03:00:00+01:00,0.237560
2024-12-15T04:00:00+01:00,0.219265
2024-12-15T05:00:00+01:00,0.216615
2024-12-15T06:00:00+01:00,0.208290
2024-12-15T07:00:00+01:00,0.218599
2024-12-15T08:00:00+01:00,0.231764
2024-12-15T09:00:00+01:00,0.237137
2024-12-15T10:00:00+01:00,0.236471
2024-12-15T11:00:00+01:00,0.230276
2024-12-15T12:00:00+01:00,0.236725
2024-12-15T13:00:00+01:00,0.248571
2024-12-15T14:00:00+01:00,0.248716
2024-12-15T15:00:00+01:00,0.252080
2024-12-15T16:00:00+01:00,0.248571
2024-12-15T17:00:00+01:00,0.260756
2024-12-15T18:00:00+01:00,0.248450
2024-12-15T19:00:00+01:00,0.239980
2024-12-15T20:00:00+01:00,0.245933
2024-12-15T21:00:00+01:00,0.200679
2024-12-15T22:00:00+01:00,0.164791
2024-12-15T23:00:00+01:00,0.154421
2024-12-16T00:00:00+01:00,0.151759
2024-12-16T01:00:00+01:00,0.151771
2024-12-16T02:00:00+01:00,0.151711
2024-12-16T03:00:00+01:00,0.151650
2024-12-16T04:00:00+01:00,0.152207
2024-12-16T05:00:00+01:00,0.153320
2024-12-16T06:00:00+01:00,0.161003
2024-12-16T07:00:00+01:00,0.212150
2024-12-16T08:00:00+01:00,0.282209
2024-12-16T09:00:00+01:00,0.283540
2024-12-16T10:00:00+01:00,0.272771
2024-12-16T11:00:00+01:00,0.269722
2024-12-16T12:00:00+01:00,0.264289
2024-12-16T13:00:00+01:00,0.250507
2024-12-16T14:00:00+01:00,0.248571
2024-12-16T15:00:00+01:00,0.267750
2024-12-16T16:00:00+01:00,0.273993
2024-12-16T17:00:00+01:00,0.290969
2024-12-16T18:00:00+01:00,0.260429
2024-12-16T19:00:00+01:00,0.242400
2024-12-16T20:00:00+01:00,0.246018
2024-12-16T21:00:00+01:00,0.236471
2024-12-16T22:00:00+01:00,0.220620
2024-12-16T23:00:00+01:00,0.172958
2024-12-17T00:00:00+01:00,0.200716
2024-12-17T01:00:00+01:00,0.179178
2024-12-17T02:00:00+01:00,0.175548
2024-12-17T03:00:00+01:00,0.182771
2024-12-17T04:00:00+01:00,0.232599
2024-12-17T05:00:00+01:00,0.278640
2024-12-17T06:00:00+01:00,0.279523
2024-12-17T07:00:00+01:00,0.292228
2024-12-17T08:00:00+01:00,0.286371
2024-12-17T09:00:00+01:00,0.282330
2024-12-17T10:00:00+01:00,0.275554
2024-12-17T11:00:00+01:00,0.275953
2024-12-17T12:00:00+01:00,0.280164
2024-12-17T13:00:00+01:00,0.284254
2024-12-17T14:00:00+01:00,0.292095
2024-12-17T15:00:00+01:00,0.293208
2024-12-17T16:00:00+01:00,0.305719
2024-12-17T17:00:00+01:00,0.299355
2024-12-17T18:00:00+01:00,0.282451
2024-12-17T19:00:00+01:00,0.271694
2024-12-17T20:00:00+01:00,0.267616
2024-12-17T21:00:00+01:00,0.263345
2024-12-17T22:00:00+01:00,0.237802
2024-12-18T00:00:00+01:00,0.234789
2024-12-18T01:00:00+01:00,0.214715
2024-12-18T02:00:00+01:00,0.206947
2024-12-18T03:00:00+01:00,0.200050
2024-12-18T04:00:00+01:00,0.183376
2024-12-18T05:00:00+01:00,0.191181
2024-12-18T06:00:00+01:00,0.207237
2024-12-18T07:00:00+01:00,0.221031
2024-12-18T08:00:00+01:00,0.245522
2024-12-18T09:00:00+01:00,0.244445
2024-12-18T10:00:00+01:00,0.234680
2024-12-18T11:00:00+01:00,0.232865
2024-12-18T12:00:00+01:00,0.236931
2024-12-18T13:00:00+01:00,0.236350
2024-12-18T14:00:00+01:00,0.240077
2024-12-18T15:00:00+01:00,0.246865
2024-12-18T16:00:00+01:00,0.265947
2024-12-18T17:00:00+01:00,0.260429
2024-12-18T18:00:00+01:00,0.254742
2024-12-18T19:00:00+01:00,0.245195
2024-12-18T20:00:00+01:00,0.230179
2024-12-18T21:00:00+01:00,0.206221
2024-12-18T22:00:00+01:00,0.180182
2024-12-19T00:00:00+01:00,0.168179
2024-12-19T01:00:00+01:00,0.169086
2024-12-19T02:00:00+01:00,0.158535
2024-12-19T03:00:00+01:00,0.153586
2024-12-19T04:00:00+01:00,0.151965
2024-12-19T05:00:00+01:00,0.151723
2024-12-19T06:00:00+01:00,0.160132
2024-12-19T07:00:00+01:00,0.219144
2024-12-19T08:00:00+01:00,0.263152
2024-12-19T09:00:00+01:00,0.310281
2024-12-19T10:00:00+01:00,0.285839
2024-12-19T11:00:00+01:00,0.267810
2024-12-19T12:00:00+01:00,0.248571
2024-12-19T13:00:00+01:00,0.244820
2024-12-19T14:00:00+01:00,0.248486
2024-12-19T15:00:00+01:00,0.260550
2024-12-19T16:00:00+01:00,0.285839
2024-12-19T17:00:00+01:00,0.330488
2024-12-19T18:00:00+01:00,0.308938
2024-12-19T19:00:00+01:00,0.262413
2024-12-19T20:00:00+01:00,0.254851
2024-12-19T21:00:00+01:00,0.247325
2024-12-19T22:00:00+01:00,0.247301
2024-12-19T23:00:00+01:00,0.230179
2024-12-20T00:00:00+01:00,0.210517
2024-12-20T01:00:00+01:00,0.190854
2024-12-20T02:00:00+01:00,0.172849
2024-12-20T03:00:00+01:00,0.173599
2024-12-20T04:00:00+01:00,0.180206
2024-12-20T05:00:00+01:00,0.210916
2024-12-20T06:00:00+01:00,0.242303
2024-12-20T07:00:00+01:00,0.294430
2024-12-20T08:00:00+01:00,0.356140
2024-12-20T09:00:00+01:00,0.333186
2024-12-20T10:00:00+01:00,0.300383
2024-12-20T11:00:00+01:00,0.270073
2024-12-20T12:00:00+01:00,0.258094
2024-12-20T13:00:00+01:00,0.253629
2024-12-20T14:00:00+01:00,0.259050
2024-12-20T15:00:00+01:00,0.271900
2024-12-20T16:00:00+01:00,0.279402
2024-12-20T17:00:00+01:00,0.284919
2024-12-20T18:00:00+01:00,0.274731
2024-12-20T19:00:00+01:00,0.271839
2024-12-20T20:00:00+01:00,0.260961
2024-12-20T21:00:00+01:00,0.239302
2024-12-20T22:00:00+01:00,0.236858
2024-12-20T23:00:00+01:00,0.222229
2024-12-21T00:00:00+01:00,0.186510
2024-12-21T01:00:00+01:00,0.181307
2024-12-21T02:00:00+01:00,0.181005
2024-12-21T03:00:00+01:00,0.175136
2024-12-21T04:00:00+01:00,0.173563
2024-12-21T05:00:00+01:00,0.183304
2024-12-21T06:00:00+01:00,0.202143
2024-12-21T07:00:00+01:00,0.200776
2024-12-21T08:00:00+01:00,0.214147
2024-12-21T09:00:00+01:00,0.226573
2024-12-21T10:00:00+01:00,0.219410
2024-12-21T11:00:00+01:00,0.200679
2024-12-21T12:00:00+01:00,0.193564
2024-12-21T13:00:00+01:00,0.189692
2024-12-21T14:00:00+01:00,0.186075
2024-12-21T15:00:00+01:00,0.189269
2024-12-21T16:00:00+01:00,0.191048
2024-12-21T17:00:00+01:00,0.212029
2024-12-21T18:00:00+01:00,0.224371
2024-12-21T19:00:00+01:00,0.218200
2024-12-21T20:00:00+01:00,0.185578
2024-12-21T21:00:00+01:00,0.163036
2024-12-21T22:00:00+01:00,0.160556
2024-12-21T23:00:00+01:00,0.156466
2024-12-22T00:00:00+01:00,0.154917
2024-12-22T01:00:00+01:00,0.153598
2024-12-22T02:00:00+01:00,0.151650
2024-12-22T03:00:00+01:00,0.150755
2024-12-22T04:00:00+01:00,0.149230
2024-12-22T05:00:00+01:00,0.150150
2024-12-22T06:00:00+01:00,0.150851
2024-12-22T07:00:00+01:00,0.154421
2024-12-22T08:00:00+01:00,0.159455
2024-12-22T09:00:00+01:00,0.178766
2024-12-22T10:00:00+01:00,0.176649
2024-12-22T11:00:00+01:00,0.180133
2024-12-22T12:00:00+01:00,0.179020
2024-12-22T13:00:00+01:00,0.178936
2024-12-22T14:00:00+01:00,0.185615
2024-12-22T15:00:00+01:00,0.202192
2024-12-22T16:00:00+01:00,0.224129
2024-12-22T17:00:00+01:00,0.263333
2024-12-22T18:00:00+01:00,0.255952
2024-12-22T19:00:00+01:00,0.237838
2024-12-22T20:00:00+01:00,0.218079
2024-12-22T21:00:00+01:00,0.199941
2024-12-22T22:00:00+01:00,0.197521
2024-12-22T23:00:00+01:00,0.183497
2024-12-23T00:00:00+01:00,0.175088
2024-12-23T01:00:00+01:00,0.167695
2024-12-23T02:00:00+01:00,0.165117
2024-12-23T03:00:00+01:00,0.161003
2024-12-23T04:00:00+01:00,0.159394
2024-12-23T05:00:00+01:00,0.159273
2024-12-23T06:00:00+01:00,0.172765
2024-12-23T07:00:00+01:00,0.216228
2024-12-23T08:00:00+01:00,0.232647
2024-12-23T09:00:00+01:00,0.233156
2024-12-23T10:00:00+01:00,0.219410
2024-12-23T11:00:00+01:00,0.218079
2024-12-23T12:00:00+01:00,0.220584
2024-12-23T13:00:00+01:00,0.221467
2024-12-23T14:00:00+01:00,0.229756
2024-12-23T15:00:00+01:00,0.244021
2024-12-23T16:00:00+01:00,0.293547
2024-12-23T17:00:00+01:00,0.309337
2024-12-23T18:00:00+01:00,0.308829
2024-12-23T19:00:00+01:00,0.316162
2024-12-23T20:00:00+01:00,0.328068
2024-12-23T21:00:00+01:00,0.284992
2024-12-23T22:00:00+01:00,0.279692
2024-12-23T23:00:00+01:00,0.295531
2024-12-24T00:00:00+01:00,0.255746
2024-12-24T01:00:00+01:00,0.251886
2024-12-24T02:00:00+01:00,0.250737
2024-12-24T03:00:00+01:00,0.246030
2024-12-24T04:00:00+01:00,0.246974
2024-12-24T05:00:00+01:00,0.249176
2024-12-24T06:00:00+01:00,0.254585
2024-12-24T07:00:00+01:00,0.273654
2024-12-24T08:00:00+01:00,0.290909
2024-12-24T09:00:00+01:00,0.298000
2024-12-24T10:00:00+01:00,0.296850
2024-12-24T11:00:00+01:00,0.294624
2024-12-24T12:00:00+01:00,0.293813
2024-12-24T13:00:00+01:00,0.291260
2024-12-24T14:00:00+01:00,0.294406
2024-12-24T15:00:00+01:00,0.296245
2024-12-24T16:00:00+01:00,0.297104
2024-12-24T17:00:00+01:00,0.294430
2024-12-24T18:00:00+01:00,0.285936
2024-12-24T19:00:00+01:00,0.279499
2024-12-24T20:00:00+01:00,0.275748
2024-12-24T21:00:00+01:00,0.266152
2024-12-24T22:00:00+01:00,0.271488
2024-12-24T23:00:00+01:00,0.260550
2024-12-25T00:00:00+01:00,0.262208
2024-12-25T01:00:00+01:00,0.256242
2024-12-25T02:00:00+01:00,0.254585
2024-12-25T03:00:00+01:00,0.249430
2024-12-25T04:00:00+01:00,0.243598
2024-12-25T05:00:00+01:00,0.249430
2024-12-25T06:00:00+01:00,0.252092
2024-12-25T07:00:00+01:00,0.254427
2024-12-25T08:00:00+01:00,0.260804
2024-12-25T09:00:00+01:00,0.271730
2024-12-25T10:00:00+01:00,0.264858
2024-12-25T11:00:00+01:00,0.263636
2024-12-25T12:00:00+01:00,0.265886
2024-12-25T13:00:00+01:00,0.261796
2024-12-25T14:00:00+01:00,0.271646
2024-12-25T15:00:00+01:00,0.284750
2024-12-25T16:00:00+01:00,0.292869
2024-12-25T17:00:00+01:00,0.297479
2024-12-25T18:00:00+01:00,0.295761
2024-12-25T19:00:00+01:00,0.294430
2024-12-25T20:00:00+01:00,0.294817
2024-12-25T21:00:00+01:00,0.288392
2024-12-25T22:00:00+01:00,0.289675
2024-12-25T23:00:00+01:00,0.278252
2024-12-26T00:00:00+01:00,0.275276
2024-12-26T01:00:00+01:00,0.266673
2024-12-26T02:00:00+01:00,0.266128
2024-12-26T03:00:00+01:00,0.260114
2024-12-26T04:00:00+01:00,0.261603
2024-12-26T05:00:00+01:00,0.266721
2024-12-26T06:00:00+01:00,0.271440
2024-12-26T07:00:00+01:00,0.287920
2024-12-26T08:00:00+01:00,0.295858
2024-12-26T09:00:00+01:00,0.294708
2024-12-26T10:00:00+01:00,0.288683
2024-12-26T11:00:00+01:00,0.279922
2024-12-26T12:00:00+01:00,0.281979
2024-12-26T13:00:00+01:00,0.277369
2024-12-26T14:00:00+01:00,0.284314
2024-12-26T15:00:00+01:00,0.297758
2024-12-26T16:00:00+01:00,0.307329
2024-12-26T17:00:00+01:00,0.318509
2024-12-26T18:00:00+01:00,0.318691
2024-12-26T19:00:00+01:00,0.315859
2024-12-26T20:00:00+01:00,0.307897
2024-12-26T21:00:00+01:00,0.297879
2024-12-26T22:00:00+01:00,0.301085
2024-12-26T23:00:00+01:00,0.293196
2024-12-27T00:00:00+01:00,0.280866
2024-12-27T01:00:00+01:00,0.274489
2024-12-27T02:00:00+01:00,0.273896
2024-12-27T03:00:00+01:00,0.272335
2024-12-27T04:00:00+01:00,0.272142
2024-12-27T05:00:00+01:00,0.280152
2024-12-27T06:00:00+01:00,0.291647
2024-12-27T07:00:00+01:00,0.302041
2024-12-27T08:00:00+01:00,0.311189
2024-12-27T09:00:00+01:00,0.309132
2024-12-27T10:00:00+01:00,0.296971
2024-12-27T11:00:00+01:00,0.282257
2024-12-27T12:00:00+01:00,0.282100
2024-12-27T13:00:00+01:00,0.282257
2024-12-27T14:00:00+01:00,0.296995
2024-12-27T15:00:00+01:00,0.313354
2024-12-27T16:00:00+01:00,0.326144
2024-12-27T17:00:00+01:00,0.335026
2024-12-27T18:00:00+01:00,0.343314
2024-12-27T19:00:00+01:00,0.328830
2024-12-27T20:00:00+01:00,0.312749
2024-12-27T21:00:00+01:00,0.303408
2024-12-27T22:00:00+01:00,0.305030
2024-12-27T23:00:00+01:00,0.289590
2024-12-28T00:00:00+01:00,0.304594
2024-12-28T01:00:00+01:00,0.292772
2024-12-28T02:00:00+01:00,0.284932
2024-12-28T03:00:00+01:00,0.279813
2024-12-28T04:00:00+01:00,0.276195
2024-12-28T05:00:00+01:00,0.279402
2024-12-28T06:00:00+01:00,0.284399
2024-12-28T07:00:00+01:00,0.301980
2024-12-28T08:00:00+01:00,0.306530
2024-12-28T09:00:00+01:00,0.306893
2024-12-28T10:00:00+01:00,0.300274
2024-12-28T11:00:00+01:00,0.288864
2024-12-28T12:00:00+01:00,0.283504
2024-12-28T13:00:00+01:00,0.284762
2024-12-28T14:00:00+01:00,0.293510
2024-12-28T15:00:00+01:00,0.313911
2024-12-28T16:00:00+01:00,0.321074
2024-12-28T17:00:00+01:00,0.333743
2024-12-28T18:00:00+01:00,0.330488
2024-12-28T19:00:00+01:00,0.322115
2024-12-28T20:00:00+01:00,0.308454
2024-12-28T21:00:00+01:00,0.303989
2024-12-28T22:00:00+01:00,0.298363
2024-12-28T23:00:00+01:00,0.290800
2024-12-29T00:00:00+01:00,0.305792
2024-12-29T01:00:00+01:00,0.289699
2024-12-29T02:00:00+01:00,0.281979
2024-12-29T03:00:00+01:00,0.274707
2024-12-29T04:00:00+01:00,0.269903
2024-12-29T05:00:00+01:00,0.270968
2024-12-29T06:00:00+01:00,0.270424
2024-12-29T07:00:00+01:00,0.276958
2024-12-29T08:00:00+01:00,0.285609
2024-12-29T09:00:00+01:00,0.294636
2024-12-29T10:00:00+01:00,0.307377
2024-12-29T11:00:00+01:00,0.298302
2024-12-29T12:00:00+01:00,0.300202
2024-12-29T13:00:00+01:00,0.301690
2024-12-29T14:00:00+01:00,0.307377
2024-12-29T15:00:00+01:00,0.296862
2024-12-29T16:00:00+01:00,0.300335
2024-12-29T17:00:00+01:00,0.327015
2024-12-29T18:00:00+01:00,0.318751
2024-12-29T19:00:00+01:00,0.284629
2024-12-29T20:00:00+01:00,0.266697
2024-12-29T21:00:00+01:00,0.264011
2024-12-29T22:00:00+01:00,0.255867
2024-12-29T23:00:00+01:00,0.240863
2024-12-30T00:00:00+01:00,0.243041
2024-12-30T01:00:00+01:00,0.243852
2024-12-30T02:00:00+01:00,0.230542
2024-12-30T03:00:00+01:00,0.200050
2024-12-30T04:00:00+01:00,0.193879
2024-12-30T05:00:00+01:00,0.232756
2024-12-30T06:00:00+01:00,0.240742
2024-12-30T07:00:00+01:00,0.250338
2024-12-30T08:00:00+01:00,0.282693
2024-12-30T09:00:00+01:00,0.313282
2024-12-30T10:00:00+01:00,0.315000
2024-12-30T11:00:00+01:00,0.302779
2024-12-30T12:00:00+01:00,0.254621
2024-12-30T13:00:00+01:00,0.249491
2024-12-30T14:00:00+01:00,0.253774
2024-12-30T15:00:00+01:00,0.276764
2024-12-30T16:00:00+01:00,0.316210
2024-12-30T17:00:00+01:00,0.333150
2024-12-30T18:00:00+01:00,0.284665
2024-12-30T19:00:00+01:00,0.257428
2024-12-30T20:00:00+01:00,0.243416
2024-12-30T21:00:00+01:00,0.234547
2024-12-30T22:00:00+01:00,0.233870
2024-12-30T23:00:00+01:00,0.195779
2024-12-31T00:00:00+01:00,0.243973
2024-12-31T01:00:00+01:00,0.218079
2024-12-31T02:00:00+01:00,0.219930
2024-12-31T03:00:00+01:00,0.193879
2024-12-31T04:00:00+01:00,0.189015
2024-12-31T05:00:00+01:00,0.188204
2024-12-31T06:00:00+01:00,0.200050
2024-12-31T07:00:00+01:00,0.236701
2024-12-31T08:00:00+01:00,0.271440
2024-12-31T09:00:00+01:00,0.330718
2024-12-31T10:00:00+01:00,0.333029
2024-12-31T11:00:00+01:00,0.317420
2024-12-31T12:00:00+01:00,0.298907
2024-12-31T13:00:00+01:00,0.271440
2024-12-31T14:00:00+01:00,0.253290
2024-12-31T15:00:00+01:00,0.253677
2024-12-31T16:00:00+01:00,0.266479
2024-12-31T17:00:00+01:00,0.298907
2024-12-31T18:00:00+01:00,0.271440
2024-12-31T19:00:00+01:00,0.237028
2024-12-31T20:00:00+01:00,0.224129
2024-12-31T21:00:00+01:00,0.173672
2024-12-31T22:00:00+01:00,0.162613
2024-12-31T23:00:00+01:00,0.152279
2025-01-01T00:00:00+01:00,0.168130
2025-01-01T01:00:00+01:00,0.159200
2025-01-01T02:00:00+01:00,0.156684
2025-01-01T03:00:00+01:00,0.155619
2025-01-01T04:00:00+01:00,0.152473
2025-01-01T05:00:00+01:00,0.151650
2025-01-01T06:00:00+01:00,0.152570
2025-01-01T07:00:00+01:00,0.152606
2025-01-01T08:00:00+01:00,0.153937
2025-01-01T09:00:00+01:00,0.160725
2025-01-01T10:00:00+01:00,0.184707
2025-01-01T11:00:00+01:00,0.197013
2025-01-01T12:00:00+01:00,0.224371
2025-01-01T13:00:00+01:00,0.228267
2025-01-01T14:00:00+01:00,0.208520
2025-01-01T15:00:00+01:00,0.212271
2025-01-01T16:00:00+01:00,0.185094
2025-01-01T17:00:00+01:00,0.248414
2025-01-01T18:00:00+01:00,0.266600
2025-01-01T19:00:00+01:00,0.250253
2025-01-01T20:00:00+01:00,0.235092
2025-01-01T21:00:00+01:00,0.207758
2025-01-01T22:00:00+01:00,0.197630
2025-01-02T00:00:00+01:00,0.266207
2025-01-02T01:00:00+01:00,0.320670
2025-01-02T02:00:00+01:00,0.322472
2025-01-02T03:00:00+01:00,0.309840
2025-01-02T04:00:00+01:00,0.263981
2025-01-02T05:00:00+01:00,0.272899
2025-01-02T06:00:00+01:00,0.330023
2025-01-02T07:00:00+01:00,0.354247
2025-01-02T08:00:00+01:00,0.354695
2025-01-02T09:00:00+01:00,0.342958
2025-01-02T10:00:00+01:00,0.307420
2025-01-02T11:00:00+01:00,0.278295
2025-01-02T12:00:00+01:00,0.265699
2025-01-02T13:00:00+01:00,0.270636
2025-01-02T14:00:00+01:00,0.286790
2025-01-02T15:00:00+01:00,0.300293
2025-01-02T16:00:00+01:00,0.310820
2025-01-02T17:00:00+01:00,0.327990
2025-01-02T18:00:00+01:00,0.327978
2025-01-02T19:00:00+01:00,0.297740
2025-01-02T20:00:00+01:00,0.299156
2025-01-02T21:00:00+01:00,0.288060
2025-01-02T22:00:00+01:00,0.287939
2025-01-02T23:00:00+01:00,0.283305
2025-01-03T00:00:00+01:00,0.281187
2025-01-03T01:00:00+01:00,0.282010
2025-01-03T02:00:00+01:00,0.267490
2025-01-03T03:00:00+01:00,0.261440
2025-01-03T04:00:00+01:00,0.237422
2025-01-03T05:00:00+01:00,0.228770
2025-01-03T06:00:00+01:00,0.226302
2025-01-03T07:00:00+01:00,0.246920
2025-01-03T08:00:00+01:00,0.279154
2025-01-03T09:00:00+01:00,0.305617
2025-01-03T10:00:00+01:00,0.263860
2025-01-03T11:00:00+01:00,0.247646
2025-01-03T12:00:00+01:00,0.244258
2025-01-03T13:00:00+01:00,0.260472
2025-01-03T14:00:00+01:00,0.284491
2025-01-03T15:00:00+01:00,0.324348
2025-01-03T16:00:00+01:00,0.295078
2025-01-03T17:00:00+01:00,0.324275
2025-01-03T18:00:00+01:00,0.304032
2025-01-03T19:00:00+01:00,0.293263
2025-01-03T20:00:00+01:00,0.294110
2025-01-03T21:00:00+01:00,0.330652
2025-01-03T22:00:00+01:00,0.304032
2025-01-03T23:00:00+01:00,0.376027
2025-01-04T00:00:00+01:00,0.307904
2025-01-04T01:00:00+01:00,0.300632
2025-01-04T02:00:00+01:00,0.271967
2025-01-04T03:00:00+01:00,0.262650
2025-01-04T04:00:00+01:00,0.259129
2025-01-04T05:00:00+01:00,0.266546
2025-01-04T06:00:00+01:00,0.276807
2025-01-04T07:00:00+01:00,0.288084
2025-01-04T08:00:00+01:00,0.298212
2025-01-04T09:00:00+01:00,0.301068
2025-01-04T10:00:00+01:00,0.300571
2025-01-04T11:00:00+01:00,0.298091
2025-01-04T12:00:00+01:00,0.300196
2025-01-04T13:00:00+01:00,0.299979
2025-01-04T14:00:00+01:00,0.307904
2025-01-04T15:00:00+01:00,0.310760
2025-01-04T16:00:00+01:00,0.313712
2025-01-04T17:00:00+01:00,0.324154
2025-01-04T18:00:00+01:00,0.317306
2025-01-04T19:00:00+01:00,0.310300
2025-01-04T20:00:00+01:00,0.299833
2025-01-04T21:00:00+01:00,0.291775
2025-01-04T22:00:00+01:00,0.286293
2025-01-04T23:00:00+01:00,0.275488
2025-01-05T00:00:00+01:00,0.277908
2025-01-05T01:00:00+01:00,0.257520
2025-01-05T02:00:00+01:00,0.246460
2025-01-05T03:00:00+01:00,0.243217
2025-01-05T04:00:00+01:00,0.233283
2025-01-05T05:00:00+01:00,0.223930
2025-01-05T06:00:00+01:00,0.222321
2025-01-05T07:00:00+01:00,0.220566
2025-01-05T08:00:00+01:00,0.234215
2025-01-05T09:00:00+01:00,0.234457
2025-01-05T10:00:00+01:00,0.243230
2025-01-05T11:00:00+01:00,0.239684
2025-01-05T12:00:00+01:00,0.241669
2025-01-05T13:00:00+01:00,0.221897
2025-01-05T14:00:00+01:00,0.215061
2025-01-05T15:00:00+01:00,0.203336
2025-01-05T16:00:00+01:00,0.203251
2025-01-05T17:00:00+01:00,0.219368
2025-01-05T18:00:00+01:00,0.216827
2025-01-05T19:00:00+01:00,0.205877
2025-01-05T20:00:00+01:00,0.192325
2025-01-05T21:00:00+01:00,0.190050
2025-01-05T22:00:00+01:00,0.182161
2025-01-05T23:00:00+01:00,0.167496
2025-01-06T00:00:00+01:00,0.174308
2025-01-06T01:00:00+01:00,0.154537
2025-01-06T02:00:00+01:00,0.150362
2025-01-06T03:00:00+01:00,0.146212
2025-01-06T04:00:00+01:00,0.145244
2025-01-06T05:00:00+01:00,0.147325
2025-01-06T06:00:00+01:00,0.154960
2025-01-06T07:00:00+01:00,0.197963
2025-01-06T08:00:00+01:00,0.229980
2025-01-06T09:00:00+01:00,0.236066
2025-01-06T10:00:00+01:00,0.215460
2025-01-06T11:00:00+01:00,0.191599
2025-01-06T12:00:00+01:00,0.193753
2025-01-06T13:00:00+01:00,0.197383
2025-01-06T14:00:00+01:00,0.220990
2025-01-06T15:00:00+01:00,0.237167
2025-01-06T16:00:00+01:00,0.237143
2025-01-06T17:00:00+01:00,0.267381
2025-01-06T18:00:00+01:00,0.296119
2025-01-06T19:00:00+01:00,0.288000
2025-01-06T20:00:00+01:00,0.263739
2025-01-06T21:00:00+01:00,0.239587
2025-01-06T22:00:00+01:00,0.231710
2025-01-06T23:00:00+01:00,0.204522
2025-01-07T00:00:00+01:00,0.166467
2025-01-07T01:00:00+01:00,0.153399
2025-01-07T02:00:00+01:00,0.153629
2025-01-07T03:00:00+01:00,0.148922
2025-01-07T04:00:00+01:00,0.149067
2025-01-07T05:00:00+01:00,0.149878
2025-01-07T06:00:00+01:00,0.215460
2025-01-07T07:00:00+01:00,0.283898
2025-01-07T08:00:00+01:00,0.343696
2025-01-07T09:00:00+01:00,0.310445
2025-01-07T10:00:00+01:00,0.276855
2025-01-07T11:00:00+01:00,0.239600
2025-01-07T12:00:00+01:00,0.227681
2025-01-07T13:00:00+01:00,0.224329
2025-01-07T14:00:00+01:00,0.233610
2025-01-07T15:00:00+01:00,0.245589
2025-01-07T16:00:00+01:00,0.294812
2025-01-07T17:00:00+01:00,0.337307
2025-01-07T18:00:00+01:00,0.353231
2025-01-07T19:00:00+01:00,0.297135
2025-01-07T20:00:00+01:00,0.267369
2025-01-07T21:00:00+01:00,0.260956
2025-01-07T22:00:00+01:00,0.242322
2025-01-07T23:00:00+01:00,0.239672
2025-01-08T00:00:00+01:00,0.222950
2025-01-08T01:00:00+01:00,0.206942
2025-01-08T02:00:00+01:00,0.203566
2025-01-08T03:00:00+01:00,0.203239
2025-01-08T04:00:00+01:00,0.206748
2025-01-08T05:00:00+01:00,0.226265
2025-01-08T06:00:00+01:00,0.233731
2025-01-08T07:00:00+01:00,0.288617
2025-01-08T08:00:00+01:00,0.313518
2025-01-08T09:00:00+01:00,0.320452
2025-01-08T10:00:00+01:00,0.294836
2025-01-08T11:00:00+01:00,0.274302
2025-01-08T12:00:00+01:00,0.270963
2025-01-08T13:00:00+01:00,0.266728
2025-01-08T14:00:00+01:00,0.276299
2025-01-08T15:00:00+01:00,0.297704
2025-01-08T16:00:00+01:00,0.309005
2025-01-08T17:00:00+01:00,0.333254
2025-01-08T18:00:00+01:00,0.338880
2025-01-08T19:00:00+01:00,0.320319
2025-01-08T20:00:00+01:00,0.306053
2025-01-08T21:00:00+01:00,0.294243
2025-01-08T22:00:00+01:00,0.281284
2025-01-08T23:00:00+01:00,0.264465
2025-01-09T00:00:00+01:00,0.263836
2025-01-09T01:00:00+01:00,0.263860
2025-01-09T02:00:00+01:00,0.254737
2025-01-09T03:00:00+01:00,0.245831
2025-01-09T04:00:00+01:00,0.245274
2025-01-09T05:00:00+01:00,0.252692
2025-01-09T06:00:00+01:00,0.289318
2025-01-09T07:00:00+01:00,0.314559
2025-01-09T08:00:00+01:00,0.327119
2025-01-09T09:00:00+01:00,0.318806
2025-01-09T10:00:00+01:00,0.310941
2025-01-09T11:00:00+01:00,0.302471
2025-01-09T12:00:00+01:00,0.290952
2025-01-09T13:00:00+01:00,0.281829
2025-01-09T14:00:00+01:00,0.283547
2025-01-09T15:00:00+01:00,0.289621
2025-01-09T16:00:00+01:00,0.290480
2025-01-09T17:00:00+01:00,0.301455
2025-01-09T18:00:00+01:00,0.305629
2025-01-09T19:00:00+01:00,0.279530
2025-01-09T20:00:00+01:00,0.287128
2025-01-09T21:00:00+01:00,0.270116
2025-01-09T22:00:00+01:00,0.264973
2025-01-09T23:00:00+01:00,0.239672
2025-01-10T00:00:00+01:00,0.252934
2025-01-10T01:00:00+01:00,0.239938
2025-01-10T02:00:00+01:00,0.229254
2025-01-10T03:00:00+01:00,0.226592
2025-01-10T04:00:00+01:00,0.227463
2025-01-10T05:00:00+01:00,0.244706
2025-01-10T06:00:00+01:00,0.262759
2025-01-10T07:00:00+01:00,0.292803
2025-01-10T08:00:00+01:00,0.311885
2025-01-10T09:00:00+01:00,0.308606
2025-01-10T10:00:00+01:00,0.292380
2025-01-10T11:00:00+01:00,0.280304
2025-01-10T12:00:00+01:00,0.272850
2025-01-10T13:00:00+01:00,0.269922
2025-01-10T14:00:00+01:00,0.275972
2025-01-10T15:00:00+01:00,0.298575
2025-01-10T16:00:00+01:00,0.306222
2025-01-10T17:00:00+01:00,0.315406
2025-01-10T18:00:00+01:00,0.317282
2025-01-10T19:00:00+01:00,0.313591
2025-01-10T20:00:00+01:00,0.305992
2025-01-10T21:00:00+01:00,0.291097
2025-01-10T22:00:00+01:00,0.287782
2025-01-10T23:00:00+01:00,0.278065
2025-01-11T00:00:00+01:00,0.286705
2025-01-11T01:00:00+01:00,0.268809
2025-01-11T02:00:00+01:00,0.260714
2025-01-11T03:00:00+01:00,0.258778
2025-01-11T04:00:00+01:00,0.257810
2025-01-11T05:00:00+01:00,0.262178
2025-01-11T06:00:00+01:00,0.270031
2025-01-11T07:00:00+01:00,0.287939
2025-01-11T08:00:00+01:00,0.298151
2025-01-11T09:00:00+01:00,0.314595
2025-01-11T10:00:00+01:00,0.297510
2025-01-11T11:00:00+01:00,0.265808
2025-01-11T12:00:00+01:00,0.260920
2025-01-11T13:00:00+01:00,0.255572
2025-01-11T14:00:00+01:00,0.258705
2025-01-11T15:00:00+01:00,0.270188
2025-01-11T16:00:00+01:00,0.278937
2025-01-11T17:00:00+01:00,0.288205
2025-01-11T18:00:00+01:00,0.293021
2025-01-11T19:00:00+01:00,0.306210
2025-01-11T20:00:00+01:00,0.301854
2025-01-11T21:00:00+01:00,0.293142
2025-01-11T22:00:00+01:00,0.293130
2025-01-11T23:00:00+01:00,0.271047
2025-01-12T00:00:00+01:00,0.312986
2025-01-12T01:00:00+01:00,0.282010
2025-01-12T02:00:00+01:00,0.263860
2025-01-12T03:00:00+01:00,0.251760
2025-01-12T04:00:00+01:00,0.245710
2025-01-12T05:00:00+01:00,0.251639
2025-01-12T06:00:00+01:00,0.260230
2025-01-12T07:00:00+01:00,0.265978
2025-01-12T08:00:00+01:00,0.281720
2025-01-12T09:00:00+01:00,0.288145
2025-01-12T10:00:00+01:00,0.285362
2025-01-12T11:00:00+01:00,0.270648
2025-01-12T12:00:00+01:00,0.267478
2025-01-12T13:00:00+01:00,0.263388
2025-01-12T14:00:00+01:00,0.267768
2025-01-12T15:00:00+01:00,0.283607
2025-01-12T16:00:00+01:00,0.299579
2025-01-12T17:00:00+01:00,0.309985
2025-01-12T18:00:00+01:00,0.320319
2025-01-12T19:00:00+01:00,0.315636
2025-01-12T20:00:00+01:00,0.303923
2025-01-12T21:00:00+01:00,0.296349
2025-01-12T22:00:00+01:00,0.288605
2025-01-12T23:00:00+01:00,0.281889
2025-01-13T00:00:00+01:00,0.278852
2025-01-13T01:00:00+01:00,0.269995
2025-01-13T02:00:00+01:00,0.269257
2025-01-13T03:00:00+01:00,0.264308
2025-01-13T04:00:00+01:00,0.263860
2025-01-13T05:00:00+01:00,0.275924
2025-01-13T06:00:00+01:00,0.310651
2025-01-13T07:00:00+01:00,0.358034
2025-01-13T08:00:00+01:00,0.407608
2025-01-13T09:00:00+01:00,0.349770
2025-01-13T10:00:00+01:00,0.312224
2025-01-13T11:00:00+01:00,0.282712
2025-01-13T12:00:00+01:00,0.269704
2025-01-13T13:00:00+01:00,0.267623
2025-01-13T14:00:00+01:00,0.270576
2025-01-13T15:00:00+01:00,0.306621
2025-01-13T16:00:00+01:00,0.313252
2025-01-13T17:00:00+01:00,0.323150
2025-01-13T18:00:00+01:00,0.312756
2025-01-13T19:00:00+01:00,0.287576
2025-01-13T20:00:00+01:00,0.269910
2025-01-13T21:00:00+01:00,0.285967
2025-01-13T22:00:00+01:00,0.274750
2025-01-13T23:00:00+01:00,0.258778
2025-01-14T00:00:00+01:00,0.250998
2025-01-14T01:00:00+01:00,0.250248
2025-01-14T02:00:00+01:00,0.242818
2025-01-14T03:00:00+01:00,0.242153
2025-01-14T04:00:00+01:00,0.253079
2025-01-14T05:00:00+01:00,0.264526
2025-01-14T06:00:00+01:00,0.275839
2025-01-14T07:00:00+01:00,0.327288
2025-01-14T08:00:00+01:00,0.362245
2025-01-14T09:00:00+01:00,0.325715
2025-01-14T10:00:00+01:00,0.264344
2025-01-14T11:00:00+01:00,0.269245
2025-01-14T12:00:00+01:00,0.256261
2025-01-14T13:00:00+01:00,0.269910
2025-01-14T14:00:00+01:00,0.282688
2025-01-14T15:00:00+01:00,0.295489
2025-01-14T16:00:00+01:00,0.315382
2025-01-14T17:00:00+01:00,0.344373
2025-01-14T18:00:00+01:00,0.329369
2025-01-14T19:00:00+01:00,0.297135
2025-01-14T20:00:00+01:00,0.284430
2025-01-14T21:00:00+01:00,0.277170
2025-01-14T22:00:00+01:00,0.274060
2025-01-14T23:00:00+01:00,0.290323
2025-01-15T00:00:00+01:00,0.260436
2025-01-15T01:00:00+01:00,0.263775
2025-01-15T02:00:00+01:00,0.263860
2025-01-15T03:00:00+01:00,0.271120
2025-01-15T04:00:00+01:00,0.270334
2025-01-15T05:00:00+01:00,0.278465
2025-01-15T06:00:00+01:00,0.305823
2025-01-15T07:00:00+01:00,0.375011
2025-01-15T08:00:00+01:00,0.506719
2025-01-15T09:00:00+01:00,0.513919
2025-01-15T10:00:00+01:00,0.505860
2025-01-15T11:00:00+01:00,0.484806
2025-01-15T12:00:00+01:00,0.438427
2025-01-15T13:00:00+01:00,0.421571
2025-01-15T14:00:00+01:00,0.463002
2025-01-15T15:00:00+01:00,0.472863
2025-01-15T16:00:00+01:00,0.504553
2025-01-15T17:00:00+01:00,0.566941
2025-01-15T18:00:00+01:00,0.517428
2025-01-15T19:00:00+01:00,0.460388
2025-01-15T20:00:00+01:00,0.359995
2025-01-15T21:00:00+01:00,0.325497
2025-01-15T22:00:00+01:00,0.313289
2025-01-15T23:00:00+01:00,0.292779
2025-01-16T00:00:00+01:00,0.295393
2025-01-16T01:00:00+01:00,0.286693
2025-01-16T02:00:00+01:00,0.277533
2025-01-16T03:00:00+01:00,0.269184
2025-01-16T04:00:00+01:00,0.267635
2025-01-16T05:00:00+01:00,0.281889
2025-01-16T06:00:00+01:00,0.300039
2025-01-16T07:00:00+01:00,0.348088
2025-01-16T08:00:00+01:00,0.384533
2025-01-16T09:00:00+01:00,0.354610
2025-01-16T10:00:00+01:00,0.326659
2025-01-16T11:00:00+01:00,0.313034
2025-01-16T12:00:00+01:00,0.300838
2025-01-16T13:00:00+01:00,0.298599
2025-01-16T14:00:00+01:00,0.306271
2025-01-16T15:00:00+01:00,0.332515
2025-01-16T16:00:00+01:00,0.352396
2025-01-16T17:00:00+01:00,0.369554
2025-01-16T18:00:00+01:00,0.365887
2025-01-16T19:00:00+01:00,0.360624
2025-01-16T20:00:00+01:00,0.335976
2025-01-16T21:00:00+01:00,0.314390
2025-01-16T22:00:00+01:00,0.306755
2025-01-16T23:00:00+01:00,0.292779
2025-01-17T00:00:00+01:00,0.263860
2025-01-17T01:00:00+01:00,0.275960
2025-01-17T02:00:00+01:00,0.271544
2025-01-17T03:00:00+01:00,0.270999
2025-01-17T04:00:00+01:00,0.271193
2025-01-17T05:00:00+01:00,0.278380
2025-01-17T06:00:00+01:00,0.313228
2025-01-17T07:00:00+01:00,0.354622
2025-01-17T08:00:00+01:00,0.394697
2025-01-17T09:00:00+01:00,0.355021
2025-01-17T10:00:00+01:00,0.332624
2025-01-17T11:00:00+01:00,0.312381
2025-01-17T12:00:00+01:00,0.295852
2025-01-17T13:00:00+01:00,0.292936
2025-01-17T14:00:00+01:00,0.301612
2025-01-17T15:00:00+01:00,0.321565
2025-01-17T16:00:00+01:00,0.342534
2025-01-17T17:00:00+01:00,0.357938
2025-01-17T18:00:00+01:00,0.360563
2025-01-17T19:00:00+01:00,0.353666
2025-01-17T20:00:00+01:00,0.333931
2025-01-17T21:00:00+01:00,0.318310
2025-01-17T22:00:00+01:00,0.312224
2025-01-17T23:00:00+01:00,0.296397
2025-01-18T00:00:00+01:00,0.294521
2025-01-18T01:00:00+01:00,0.289343
2025-01-18T02:00:00+01:00,0.289270
2025-01-18T03:00:00+01:00,0.286669
2025-01-18T04:00:00+01:00,0.283813
2025-01-18T05:00:00+01:00,0.287794
2025-01-18T06:00:00+01:00,0.287830
2025-01-18T07:00:00+01:00,0.304383
2025-01-18T08:00:00+01:00,0.319097
2025-01-18T09:00:00+01:00,0.317221
2025-01-18T10:00:00+01:00,0.301818
2025-01-18T11:00:00+01:00,0.289960
2025-01-18T12:00:00+01:00,0.286693
2025-01-18T13:00:00+01:00,0.282022
2025-01-18T14:00:00+01:00,0.286886
2025-01-18T15:00:00+01:00,0.300838
2025-01-18T16:00:00+01:00,0.318915
2025-01-18T17:00:00+01:00,0.338771
2025-01-18T18:00:00+01:00,0.345620
2025-01-18T19:00:00+01:00,0.345959
2025-01-18T20:00:00+01:00,0.331765
2025-01-18T21:00:00+01:00,0.316398
2025-01-18T22:00:00+01:00,0.307904
2025-01-18T23:00:00+01:00,0.299386
2025-01-19T00:00:00+01:00,0.299858
2025-01-19T01:00:00+01:00,0.293215
2025-01-19T02:00:00+01:00,0.291811
2025-01-19T03:00:00+01:00,0.289560
2025-01-19T04:00:00+01:00,0.288278
2025-01-19T05:00:00+01:00,0.288060
2025-01-19T06:00:00+01:00,0.289972
2025-01-19T07:00:00+01:00,0.292138
2025-01-19T08:00:00+01:00,0.292416
2025-01-19T09:00:00+01:00,0.294364
2025-01-19T10:00:00+01:00,0.294437
2025-01-19T11:00:00+01:00,0.289948
2025-01-19T12:00:00+01:00,0.278683
2025-01-19T13:00:00+01:00,0.272947
2025-01-19T14:00:00+01:00,0.284200
2025-01-19T15:00:00+01:00,0.293336
2025-01-19T16:00:00+01:00,0.309320
2025-01-19T17:00:00+01:00,0.322920
2025-01-19T18:00:00+01:00,0.335480
2025-01-19T19:00:00+01:00,0.332576
2025-01-19T20:00:00+01:00,0.323525
2025-01-19T21:00:00+01:00,0.311679
2025-01-19T22:00:00+01:00,0.301539
2025-01-19T23:00:00+01:00,0.291678
2025-01-20T00:00:00+01:00,0.290807
2025-01-20T01:00:00+01:00,0.287395
2025-01-20T02:00:00+01:00,0.283898
2025-01-20T03:00:00+01:00,0.281296
2025-01-20T04:00:00+01:00,0.282555
2025-01-20T05:00:00+01:00,0.295102
2025-01-20T06:00:00+01:00,0.333677
2025-01-20T07:00:00+01:00,0.457750
2025-01-20T08:00:00+01:00,0.631833
2025-01-20T09:00:00+01:00,0.495188
2025-01-20T10:00:00+01:00,0.428771
2025-01-20T11:00:00+01:00,0.369965
2025-01-20T12:00:00+01:00,0.355977
2025-01-20T13:00:00+01:00,0.350242
2025-01-20T14:00:00+01:00,0.373123
2025-01-20T15:00:00+01:00,0.460860
2025-01-20T16:00:00+01:00,0.590899
2025-01-20T17:00:00+01:00,0.776259
2025-01-20T18:00:00+01:00,0.715529
2025-01-20T19:00:00+01:00,0.500500
2025-01-20T20:00:00+01:00,0.409060
2025-01-20T21:00:00+01:00,0.348560
2025-01-20T22:00:00+01:00,0.327675
2025-01-20T23:00:00+01:00,0.309525
2025-01-21T00:00:00+01:00,0.279590
2025-01-21T01:00:00+01:00,0.272040
2025-01-21T02:00:00+01:00,0.268458
2025-01-21T03:00:00+01:00,0.275573
2025-01-21T04:00:00+01:00,0.279590
2025-01-21T05:00:00+01:00,0.288943
2025-01-21T06:00:00+01:00,0.314414
2025-01-21T07:00:00+01:00,0.344809
2025-01-21T08:00:00+01:00,0.443327
2025-01-21T09:00:00+01:00,0.399380
2025-01-21T10:00:00+01:00,0.382501
2025-01-21T11:00:00+01:00,0.338880
2025-01-21T12:00:00+01:00,0.322388
2025-01-21T13:00:00+01:00,0.316543
2025-01-21T14:00:00+01:00,0.324941
2025-01-21T15:00:00+01:00,0.349782
2025-01-21T16:00:00+01:00,0.388212
2025-01-21T17:00:00+01:00,0.484709
2025-01-21T18:00:00+01:00,0.438052
2025-01-21T19:00:00+01:00,0.384787
2025-01-21T20:00:00+01:00,0.351174
2025-01-21T21:00:00+01:00,0.328861
2025-01-21T22:00:00+01:00,0.310215
2025-01-21T23:00:00+01:00,0.294594
2025-01-22T00:00:00+01:00,0.296893
2025-01-22T01:00:00+01:00,0.292525
2025-01-22T02:00:00+01:00,0.284950
2025-01-22T03:00:00+01:00,0.280945
2025-01-22T04:00:00+01:00,0.281550
2025-01-22T05:00:00+01:00,0.294146
2025-01-22T06:00:00+01:00,0.318310
2025-01-22T07:00:00+01:00,0.379379
2025-01-22T08:00:00+01:00,0.422806
2025-01-22T09:00:00+01:00,0.384146
2025-01-22T10:00:00+01:00,0.359523
2025-01-22T11:00:00+01:00,0.352117
2025-01-22T12:00:00+01:00,0.342510
2025-01-22T13:00:00+01:00,0.348560
2025-01-22T14:00:00+01:00,0.359934
2025-01-22T15:00:00+01:00,0.377213
2025-01-22T16:00:00+01:00,0.376402
2025-01-22T17:00:00+01:00,0.382029
2025-01-22T18:00:00+01:00,0.356449
2025-01-22T19:00:00+01:00,0.345414
2025-01-22T20:00:00+01:00,0.307202
2025-01-22T21:00:00+01:00,0.297631
2025-01-22T22:00:00+01:00,0.298357
2025-01-22T23:00:00+01:00,0.282083
2025-01-23T00:00:00+01:00,0.280703
2025-01-23T01:00:00+01:00,0.274871
2025-01-23T02:00:00+01:00,0.270660
2025-01-23T03:00:00+01:00,0.263957
2025-01-23T04:00:00+01:00,0.261162
2025-01-23T05:00:00+01:00,0.264380
2025-01-23T06:00:00+01:00,0.274218
2025-01-23T07:00:00+01:00,0.310009
2025-01-23T08:00:00+01:00,0.335674
2025-01-23T09:00:00+01:00,0.331535
2025-01-23T10:00:00+01:00,0.297740
2025-01-23T11:00:00+01:00,0.277678
2025-01-23T12:00:00+01:00,0.253454
2025-01-23T13:00:00+01:00,0.249727
2025-01-23T14:00:00+01:00,0.246751
2025-01-23T15:00:00+01:00,0.255112
2025-01-23T16:00:00+01:00,0.254846
2025-01-23T17:00:00+01:00,0.274750
2025-01-23T18:00:00+01:00,0.278380
2025-01-23T19:00:00+01:00,0.263739
2025-01-23T20:00:00+01:00,0.251155
2025-01-23T21:00:00+01:00,0.236308
2025-01-23T22:00:00+01:00,0.237833
2025-01-23T23:00:00+01:00,0.215569
2025-01-24T00:00:00+01:00,0.227959
2025-01-24T01:00:00+01:00,0.213681
2025-01-24T02:00:00+01:00,0.196390
2025-01-24T03:00:00+01:00,0.190752
2025-01-24T04:00:00+01:00,0.195870
2025-01-24T05:00:00+01:00,0.223519
2025-01-24T06:00:00+01:00,0.241354
2025-01-24T07:00:00+01:00,0.274774
2025-01-24T08:00:00+01:00,0.282300
2025-01-24T09:00:00+01:00,0.260145
2025-01-24T10:00:00+01:00,0.251760
2025-01-24T11:00:00+01:00,0.238644
2025-01-24T12:00:00+01:00,0.236320
2025-01-24T13:00:00+01:00,0.233937
2025-01-24T14:00:00+01:00,0.233465
2025-01-24T15:00:00+01:00,0.238208
2025-01-24T16:00:00+01:00,0.239539
2025-01-24T17:00:00+01:00,0.251966
2025-01-24T18:00:00+01:00,0.254144
2025-01-24T19:00:00+01:00,0.255717
2025-01-24T20:00:00+01:00,0.247815
2025-01-24T21:00:00+01:00,0.242443
2025-01-24T22:00:00+01:00,0.255305
2025-01-24T23:00:00+01:00,0.248178
2025-01-25T00:00:00+01:00,0.212266
2025-01-25T01:00:00+01:00,0.237083
2025-01-25T02:00:00+01:00,0.254180
2025-01-25T03:00:00+01:00,0.270140
2025-01-25T04:00:00+01:00,0.223700
2025-01-25T05:00:00+01:00,0.224003
2025-01-25T06:00:00+01:00,0.228310
2025-01-25T07:00:00+01:00,0.230053
2025-01-25T08:00:00+01:00,0.245734
2025-01-25T09:00:00+01:00,0.246376
2025-01-25T10:00:00+01:00,0.243726
2025-01-25T11:00:00+01:00,0.249013
2025-01-25T12:00:00+01:00,0.241862
2025-01-25T13:00:00+01:00,0.242056
2025-01-25T14:00:00+01:00,0.245819
2025-01-25T15:00:00+01:00,0.268143
2025-01-25T16:00:00+01:00,0.293033
2025-01-25T17:00:00+01:00,0.310566
2025-01-25T18:00:00+01:00,0.320851
2025-01-25T19:00:00+01:00,0.317524
2025-01-25T20:00:00+01:00,0.301068
2025-01-25T21:00:00+01:00,0.296228
2025-01-25T22:00:00+01:00,0.293505
2025-01-25T23:00:00+01:00,0.281998
2025-01-26T00:00:00+01:00,0.283704
2025-01-26T01:00:00+01:00,0.272899
2025-01-26T02:00:00+01:00,0.261597
2025-01-26T03:00:00+01:00,0.260315
2025-01-26T04:00:00+01:00,0.253829
2025-01-26T05:00:00+01:00,0.257762
2025-01-26T06:00:00+01:00,0.263170
2025-01-26T07:00:00+01:00,0.270902
2025-01-26T08:00:00+01:00,0.273976
2025-01-26T09:00:00+01:00,0.271362
2025-01-26T10:00:00+01:00,0.254712
2025-01-26T11:00:00+01:00,0.262360
2025-01-26T12:00:00+01:00,0.257592
2025-01-26T13:00:00+01:00,0.239660
2025-01-26T14:00:00+01:00,0.239781
2025-01-26T15:00:00+01:00,0.258972
2025-01-26T16:00:00+01:00,0.273153
2025-01-26T17:00:00+01:00,0.282603
2025-01-26T18:00:00+01:00,0.273564
2025-01-26T19:00:00+01:00,0.241330
2025-01-26T20:00:00+01:00,0.228334
2025-01-26T21:00:00+01:00,0.216368
2025-01-26T22:00:00+01:00,0.196511
2025-01-26T23:00:00+01:00,0.170496
2025-01-27T00:00:00+01:00,0.186541
2025-01-27T01:00:00+01:00,0.179584
2025-01-27T02:00:00+01:00,0.161942
2025-01-27T03:00:00+01:00,0.157840
2025-01-27T04:00:00+01:00,0.153871
2025-01-27T05:00:00+01:00,0.166334
2025-01-27T06:00:00+01:00,0.184327
2025-01-27T07:00:00+01:00,0.209301
2025-01-27T08:00:00+01:00,0.225140
2025-01-27T09:00:00+01:00,0.219042
2025-01-27T10:00:00+01:00,0.197310
2025-01-27T11:00:00+01:00,0.189856
2025-01-27T12:00:00+01:00,0.186650
2025-01-27T13:00:00+01:00,0.188368
2025-01-27T14:00:00+01:00,0.196729
2025-01-27T15:00:00+01:00,0.232848
2025-01-27T16:00:00+01:00,0.249001
2025-01-27T17:00:00+01:00,0.272572
2025-01-27T18:00:00+01:00,0.273141
2025-01-27T19:00:00+01:00,0.255753
2025-01-27T20:00:00+01:00,0.245831
2025-01-27T21:00:00+01:00,0.235594
2025-01-27T22:00:00+01:00,0.231735
2025-01-27T23:00:00+01:00,0.215460
2025-01-28T00:00:00+01:00,0.217396
2025-01-28T01:00:00+01:00,0.210293
2025-01-28T02:00:00+01:00,0.194830
2025-01-28T03:00:00+01:00,0.205030
2025-01-28T04:00:00+01:00,0.212762
2025-01-28T05:00:00+01:00,0.211915
2025-01-28T06:00:00+01:00,0.237022
2025-01-28T07:00:00+01:00,0.268156
2025-01-28T08:00:00+01:00,0.297256
2025-01-28T09:00:00+01:00,0.284999
2025-01-28T10:00:00+01:00,0.264102
2025-01-28T11:00:00+01:00,0.261488
2025-01-28T12:00:00+01:00,0.263400
2025-01-28T13:00:00+01:00,0.261815
2025-01-28T14:00:00+01:00,0.265336
2025-01-28T15:00:00+01:00,0.280715
2025-01-28T16:00:00+01:00,0.291037
2025-01-28T17:00:00+01:00,0.294110
2025-01-28T18:00:00+01:00,0.288665
2025-01-28T19:00:00+01:00,0.284841
2025-01-28T20:00:00+01:00,0.249146
2025-01-28T21:00:00+01:00,0.237615
2025-01-28T22:00:00+01:00,0.226350
2025-01-28T23:00:00+01:00,0.210015
2025-01-29T00:00:00+01:00,0.234566
2025-01-29T01:00:00+01:00,0.229871
2025-01-29T02:00:00+01:00,0.222405
2025-01-29T03:00:00+01:00,0.215387
2025-01-29T04:00:00+01:00,0.220312
2025-01-29T05:00:00+01:00,0.227838
2025-01-29T06:00:00+01:00,0.241064
2025-01-29T07:00:00+01:00,0.296470
2025-01-29T08:00:00+01:00,0.307662
2025-01-29T09:00:00+01:00,0.300705
2025-01-29T10:00:00+01:00,0.269971
2025-01-29T11:00:00+01:00,0.250853
2025-01-29T12:00:00+01:00,0.245710
2025-01-29T13:00:00+01:00,0.246351
2025-01-29T14:00:00+01:00,0.248941
2025-01-29T15:00:00+01:00,0.267188
2025-01-29T16:00:00+01:00,0.303451
2025-01-29T17:00:00+01:00,0.323840
2025-01-29T18:00:00+01:00,0.342510
2025-01-29T19:00:00+01:00,0.322666
2025-01-29T20:00:00+01:00,0.306573
2025-01-29T21:00:00+01:00,0.290601
2025-01-29T22:00:00+01:00,0.290904
2025-01-29T23:00:00+01:00,0.263981
2025-01-30T00:00:00+01:00,0.301781
2025-01-30T01:00:00+01:00,0.295066
2025-01-30T02:00:00+01:00,0.278259
2025-01-30T03:00:00+01:00,0.269281
2025-01-30T04:00:00+01:00,0.263860
2025-01-30T05:00:00+01:00,0.265179
2025-01-30T06:00:00+01:00,0.301806
2025-01-30T07:00:00+01:00,0.323937
2025-01-30T08:00:00+01:00,0.336823
2025-01-30T09:00:00+01:00,0.326163
2025-01-30T10:00:00+01:00,0.306089
2025-01-30T11:00:00+01:00,0.291993
2025-01-30T12:00:00+01:00,0.282905
2025-01-30T13:00:00+01:00,0.279953
2025-01-30T14:00:00+01:00,0.295005
2025-01-30T15:00:00+01:00,0.315491
2025-01-30T16:00:00+01:00,0.325631
2025-01-30T17:00:00+01:00,0.358349
2025-01-30T18:00:00+01:00,0.360575
2025-01-30T19:00:00+01:00,0.337960
2025-01-30T20:00:00+01:00,0.322533
2025-01-30T21:00:00+01:00,0.303294
2025-01-30T22:00:00+01:00,0.294993
2025-01-30T23:00:00+01:00,0.288302
2025-01-31T00:00:00+01:00,0.288060
2025-01-31T01:00:00+01:00,0.283813
2025-01-31T02:00:00+01:00,0.280316
2025-01-31T03:00:00+01:00,0.277243
2025-01-31T04:00:00+01:00,0.280171
2025-01-31T05:00:00+01:00,0.287092
2025-01-31T06:00:00+01:00,0.300160
2025-01-31T07:00:00+01:00,0.331402
2025-01-31T08:00:00+01:00,0.340937
2025-01-31T09:00:00+01:00,0.330192
2025-01-31T10:00:00+01:00,0.300281
2025-01-31T11:00:00+01:00,0.295562
2025-01-31T12:00:00+01:00,0.288133
2025-01-31T13:00:00+01:00,0.289500
2025-01-31T14:00:00+01:00,0.287213
2025-01-31T15:00:00+01:00,0.317233
2025-01-31T16:00:00+01:00,0.337017
2025-01-31T17:00:00+01:00,0.357187
2025-01-31T18:00:00+01:00,0.366081
2025-01-31T19:00:00+01:00,0.359438
2025-01-31T20:00:00+01:00,0.339679
2025-01-31T21:00:00+01:00,0.327627
2025-01-31T22:00:00+01:00,0.317596
2025-01-31T23:00:00+01:00,0.301854
2025-02-01T00:00:00+01:00,0.308630
2025-02-01T01:00:00+01:00,0.299531
2025-02-01T02:00:00+01:00,0.293239
2025-02-01T03:00:00+01:00,0.286511
2025-02-01T04:00:00+01:00,0.283462
2025-02-01T05:00:00+01:00,0.285906
2025-02-01T06:00:00+01:00,0.296058
2025-02-01T07:00:00+01:00,0.317995
2025-02-01T08:00:00+01:00,0.328547
2025-02-01T09:00:00+01:00,0.315212
2025-02-01T10:00:00+01:00,0.298224
2025-02-01T11:00:00+01:00,0.288157
2025-02-01T12:00:00+01:00,0.276311
2025-02-01T13:00:00+01:00,0.267974
2025-02-01T14:00:00+01:00,0.280437
2025-02-01T15:00:00+01:00,0.296203
2025-02-01T16:00:00+01:00,0.323707
2025-02-01T17:00:00+01:00,0.340562
2025-02-01T18:00:00+01:00,0.343442
2025-02-01T19:00:00+01:00,0.340066
2025-02-01T20:00:00+01:00,0.332346
2025-02-01T21:00:00+01:00,0.318600
2025-02-01T22:00:00+01:00,0.314353
2025-02-01T23:00:00+01:00,0.302265
2025-02-02T00:00:00+01:00,0.304105
2025-02-02T01:00:00+01:00,0.296421
2025-02-02T02:00:00+01:00,0.291678
2025-02-02T03:00:00+01:00,0.288859
2025-02-02T04:00:00+01:00,0.290891
2025-02-02T05:00:00+01:00,0.292186
2025-02-02T06:00:00+01:00,0.297849
2025-02-02T07:00:00+01:00,0.307299
2025-02-02T08:00:00+01:00,0.308993
2025-02-02T09:00:00+01:00,0.309477
2025-02-02T10:00:00+01:00,0.300208
2025-02-02T11:00:00+01:00,0.299349
2025-02-02T12:00:00+01:00,0.290770
2025-02-02T13:00:00+01:00,0.278235
2025-02-02T14:00:00+01:00,0.282446
2025-02-02T15:00:00+01:00,0.292912
2025-02-02T16:00:00+01:00,0.317027
2025-02-02T17:00:00+01:00,0.335782
2025-02-02T18:00:00+01:00,0.350012
2025-02-02T19:00:00+01:00,0.353340
2025-02-02T20:00:00+01:00,0.343115
2025-02-02T21:00:00+01:00,0.331342
2025-02-02T22:00:00+01:00,0.322472
2025-02-02T23:00:00+01:00,0.304080
2025-02-03T00:00:00+01:00,0.299603
2025-02-03T01:00:00+01:00,0.296082
2025-02-03T02:00:00+01:00,0.293771
2025-02-03T03:00:00+01:00,0.288108
2025-02-03T04:00:00+01:00,0.291980
2025-02-03T05:00:00+01:00,0.297462
2025-02-03T06:00:00+01:00,0.335468
2025-02-03T07:00:00+01:00,0.394395
2025-02-03T08:00:00+01:00,0.437168
2025-02-03T09:00:00+01:00,0.358288
2025-02-03T10:00:00+01:00,0.324300
2025-02-03T11:00:00+01:00,0.294134
2025-02-03T12:00:00+01:00,0.284757
2025-02-03T13:00:00+01:00,0.281925
2025-02-03T14:00:00+01:00,0.288060
2025-02-03T15:00:00+01:00,0.296651
2025-02-03T16:00:00+01:00,0.336460
2025-02-03T17:00:00+01:00,0.390559
2025-02-03T18:00:00+01:00,0.385743
2025-02-03T19:00:00+01:00,0.386191
2025-02-03T20:00:00+01:00,0.345825
2025-02-03T21:00:00+01:00,0.327990
2025-02-03T22:00:00+01:00,0.311655
2025-02-03T23:00:00+01:00,0.307190
2025-02-04T00:00:00+01:00,0.303064
2025-02-04T01:00:00+01:00,0.294763
2025-02-04T02:00:00+01:00,0.291908
2025-02-04T03:00:00+01:00,0.292888
2025-02-04T04:00:00+01:00,0.291993
2025-02-04T05:00:00+01:00,0.297292
2025-02-04T06:00:00+01:00,0.330156
2025-02-04T07:00:00+01:00,0.323755
2025-02-04T08:00:00+01:00,0.399368
2025-02-04T09:00:00+01:00,0.340465
2025-02-04T10:00:00+01:00,0.308061
2025-02-04T11:00:00+01:00,0.294110
2025-02-04T12:00:00+01:00,0.275295
2025-02-04T13:00:00+01:00,0.279663
2025-02-04T14:00:00+01:00,0.288169
2025-02-04T15:00:00+01:00,0.287032
2025-02-04T16:00:00+01:00,0.284430
2025-02-04T17:00:00+01:00,0.323876
2025-02-04T18:00:00+01:00,0.354610
2025-02-04T19:00:00+01:00,0.312260
2025-02-04T20:00:00+01:00,0.303233
2025-02-04T21:00:00+01:00,0.302532
2025-02-04T22:00:00+01:00,0.282010
2025-02-04T23:00:00+01:00,0.257689
2025-02-05T00:00:00+01:00,0.257616
2025-02-05T01:00:00+01:00,0.262456
2025-02-05T02:00:00+01:00,0.265615
2025-02-05T03:00:00+01:00,0.263739
2025-02-05T04:00:00+01:00,0.279348
2025-02-05T05:00:00+01:00,0.290129
2025-02-05T06:00:00+01:00,0.312018
2025-02-05T07:00:00+01:00,0.338517
2025-02-05T08:00:00+01:00,0.361640
2025-02-05T09:00:00+01:00,0.335649
2025-02-05T10:00:00+01:00,0.287503
2025-02-05T11:00:00+01:00,0.265010
2025-02-05T12:00:00+01:00,0.263860
2025-02-05T13:00:00+01:00,0.278199
2025-02-05T14:00:00+01:00,0.298769
2025-02-05T15:00:00+01:00,0.317245
2025-02-05T16:00:00+01:00,0.335347
2025-02-05T17:00:00+01:00,0.356752
2025-02-05T18:00:00+01:00,0.372639
2025-02-05T19:00:00+01:00,0.372312
2025-02-05T20:00:00+01:00,0.348560
2025-02-05T21:00:00+01:00,0.330918
2025-02-05T22:00:00+01:00,0.316737
2025-02-05T23:00:00+01:00,0.298430
2025-02-06T00:00:00+01:00,0.304601
2025-02-06T01:00:00+01:00,0.296336
2025-02-06T02:00:00+01:00,0.294110
2025-02-06T03:00:00+01:00,0.294122
2025-02-06T04:00:00+01:00,0.288169
2025-02-06T05:00:00+01:00,0.306513
2025-02-06T06:00:00+01:00,0.360769
2025-02-06T07:00:00+01:00,0.405007
2025-02-06T08:00:00+01:00,0.358990
2025-02-06T09:00:00+01:00,0.331983
2025-02-06T10:00:00+01:00,0.290480
2025-02-06T11:00:00+01:00,0.277412
2025-02-06T12:00:00+01:00,0.263739
2025-02-06T13:00:00+01:00,0.287201
2025-02-06T14:00:00+01:00,0.285386
2025-02-06T15:00:00+01:00,0.296530
2025-02-06T16:00:00+01:00,0.345450
2025-02-06T17:00:00+01:00,0.349141
2025-02-06T18:00:00+01:00,0.340030
2025-02-06T19:00:00+01:00,0.312720
2025-02-06T20:00:00+01:00,0.299858
2025-02-06T21:00:00+01:00,0.303669
2025-02-06T22:00:00+01:00,0.290420
2025-02-07T00:00:00+01:00,0.295381
2025-02-07T01:00:00+01:00,0.279227
2025-02-07T02:00:00+01:00,0.274532
2025-02-07T03:00:00+01:00,0.269910
2025-02-07T04:00:00+01:00,0.269511
2025-02-07T05:00:00+01:00,0.270285
2025-02-07T06:00:00+01:00,0.279941
2025-02-07T07:00:00+01:00,0.314595
2025-02-07T08:00:00+01:00,0.341542
2025-02-07T09:00:00+01:00,0.324784
2025-02-07T10:00:00+01:00,0.296530
2025-02-07T11:00:00+01:00,0.253732
2025-02-07T12:00:00+01:00,0.245831
2025-02-07T13:00:00+01:00,0.250780
2025-02-07T14:00:00+01:00,0.251216
2025-02-07T15:00:00+01:00,0.266401
2025-02-07T16:00:00+01:00,0.296518
2025-02-07T17:00:00+01:00,0.315890
2025-02-07T18:00:00+01:00,0.323586
2025-02-07T19:00:00+01:00,0.305000
2025-02-07T20:00:00+01:00,0.280582
2025-02-07T21:00:00+01:00,0.257810
2025-02-07T22:00:00+01:00,0.243290
2025-02-07T23:00:00+01:00,0.251155
2025-02-08T00:00:00+01:00,0.306210
2025-02-08T01:00:00+01:00,0.307057
2025-02-08T02:00:00+01:00,0.305363
2025-02-08T03:00:00+01:00,0.287213
2025-02-08T04:00:00+01:00,0.284430
2025-02-08T05:00:00+01:00,
2025-02-08T06:00:00+01:00,
2025-02-08T07:00:00+01:00,0.304310
2025-02-08T08:00:00+01:00,0.308352
2025-02-08T09:00:00+01:00,0.293953
2025-02-08T10:00:00+01:00,0.284430
2025-02-08T11:00:00+01:00,0.269063
2025-02-08T12:00:00+01:00,0.263860
2025-02-08T13:00:00+01:00,0.260061
2025-02-08T14:00:00+01:00,0.275839
2025-02-08T15:00:00+01:00,0.288544
2025-02-08T16:00:00+01:00,0.314813
2025-02-08T17:00:00+01:00,0.322896
2025-02-08T18:00:00+01:00,0.339086
2025-02-08T19:00:00+01:00,0.302580
2025-02-08T20:00:00+01:00,0.317790
2025-02-08T21:00:00+01:00,0.315830
2025-02-08T22:00:00+01:00,0.315890
2025-02-08T23:00:00+01:00,0.286947
2025-02-09T00:00:00+01:00,0.306210
2025-02-09T01:00:00+01:00,0.307057
2025-02-09T02:00:00+01:00,0.305363
2025-02-09T03:00:00+01:00,0.287213
2025-02-09T04:00:00+01:00,0.284430
2025-02-09T05:00:00+01:00,
2025-02-09T06:00:00+01:00,
2025-02-09T07:00:00+01:00,0.304310
2025-02-09T08:00:00+01:00,0.308352
2025-02-09T09:00:00+01:00,0.293953
2025-02-09T10:00:00+01:00,0.284430
2025-02-09T11:00:00+01:00,0.269063
2025-02-09T12:00:00+01:00,0.263860
2025-02-09T13:00:00+01:00,0.260061
2025-02-09T14:00:00+01:00,0.275839
2025-02-09T15:00:00+01:00,0.288544
2025-02-09T16:00:00+01:00,0.314813
2025-02-09T17:00:00+01:00,0.322896
2025-02-09T18:00:00+01:00,0.339086
2025-02-09T19:00:00+01:00,0.302580
2025-02-09T20:00:00+01:00,0.317790
2025-02-09T21:00:00+01:00,0.315830
2025-02-09T22:00:00+01:00,0.315890
2025-02-09T23:00:00+01:00,0.286947
2025-02-10T00:00:00+01:00,0.272935
2025-02-10T01:00:00+01:00,0.247307
2025-02-10T02:00:00+01:00,0.245710
2025-02-10T03:00:00+01:00,0.250913
2025-02-10T04:00:00+01:00,0.249655
2025-02-10T05:00:00+01:00,0.260157
2025-02-10T06:00:00+01:00,0.318915
2025-02-10T07:00:00+01:00,0.329200
2025-02-10T08:00:00+01:00,0.362306
2025-02-10T09:00:00+01:00,0.340308
2025-02-10T10:00:00+01:00,0.300160
2025-02-10T11:00:00+01:00,0.288387
2025-02-10T12:00:00+01:00,0.281332
2025-02-10T13:00:00+01:00,0.282034
2025-02-10T14:00:00+01:00,0.300160
2025-02-10T15:00:00+01:00,0.298393
2025-02-10T16:00:00+01:00,0.306210
2025-02-10T17:00:00+01:00,0.313349
2025-02-10T18:00:00+01:00,0.324360
2025-02-10T19:00:00+01:00,0.288641
2025-02-10T20:00:00+01:00,0.263860
2025-02-10T21:00:00+01:00,0.258016
2025-02-10T22:00:00+01:00,0.254301
2025-02-10T23:00:00+01:00,0.252365
2025-02-11T00:00:00+01:00,0.219090
2025-02-11T01:00:00+01:00,0.221510
2025-02-11T02:00:00+01:00,0.232497
2025-02-11T03:00:00+01:00,0.236938
2025-02-11T04:00:00+01:00,0.236635
2025-02-11T05:00:00+01:00,0.253636
2025-02-11T06:00:00+01:00,0.283825
2025-02-11T07:00:00+01:00,0.316023
2025-02-11T08:00:00+01:00,0.335323
2025-02-11T09:00:00+01:00,0.341010
2025-02-11T10:00:00+01:00,0.327748
2025-02-11T11:00:00+01:00,0.312260
2025-02-11T12:00:00+01:00,0.308872
2025-02-11T13:00:00+01:00,0.303548
2025-02-11T14:00:00+01:00,0.306210
2025-02-11T15:00:00+01:00,0.317003
2025-02-11T16:00:00+01:00,0.317596
2025-02-11T17:00:00+01:00,0.337041
2025-02-11T18:00:00+01:00,0.358071
2025-02-11T19:00:00+01:00,0.345475
2025-02-11T20:00:00+01:00,0.317802
2025-02-11T21:00:00+01:00,0.312381
2025-02-11T22:00:00+01:00,0.324360
2025-02-11T23:00:00+01:00,0.307614
2025-02-12T00:00:00+01:00,0.300826
2025-02-12T01:00:00+01:00,0.297897
2025-02-12T02:00:00+01:00,0.296312
2025-02-12T03:00:00+01:00,0.296034
2025-02-12T04:00:00+01:00,0.298635
2025-02-12T05:00:00+01:00,0.301733
2025-02-12T06:00:00+01:00,0.324832
2025-02-12T07:00:00+01:00,0.340332
2025-02-12T08:00:00+01:00,0.360660
2025-02-12T09:00:00+01:00,0.354513
2025-02-12T10:00:00+01:00,0.337670
2025-02-12T11:00:00+01:00,0.307420
2025-02-12T12:00:00+01:00,0.305605
2025-02-12T13:00:00+01:00,0.315043
2025-02-12T14:00:00+01:00,0.323949
2025-02-12T15:00:00+01:00,0.336448
2025-02-12T16:00:00+01:00,0.351452
2025-02-12T17:00:00+01:00,0.364302
2025-02-12T18:00:00+01:00,0.382004
2025-02-12T19:00:00+01:00,0.376221
2025-02-12T20:00:00+01:00,0.353957
2025-02-12T21:00:00+01:00,0.331693
2025-02-12T22:00:00+01:00,0.325013
2025-02-12T23:00:00+01:00,0.314728
2025-02-13T00:00:00+01:00,0.310542
2025-02-13T01:00:00+01:00,0.306355
2025-02-13T02:00:00+01:00,0.311498
2025-02-13T03:00:00+01:00,0.304698
2025-02-13T04:00:00+01:00,0.307239
2025-02-13T05:00:00+01:00,0.306210
2025-02-13T06:00:00+01:00,0.322376
2025-02-13T07:00:00+01:00,0.371006
2025-02-13T08:00:00+01:00,0.408479
2025-02-13T09:00:00+01:00,0.401921
2025-02-13T10:00:00+01:00,0.381811
2025-02-13T11:00:00+01:00,0.360745
2025-02-13T12:00:00+01:00,0.344531
2025-02-13T13:00:00+01:00,0.341469
2025-02-13T14:00:00+01:00,0.339533
2025-02-13T15:00:00+01:00,0.341905
2025-02-13T16:00:00+01:00,0.354574
2025-02-13T17:00:00+01:00,0.391104
2025-02-13T18:00:00+01:00,0.389978
2025-02-13T19:00:00+01:00,0.380649
2025-02-13T20:00:00+01:00,0.357091
2025-02-13T21:00:00+01:00,0.339993
2025-02-13T22:00:00+01:00,0.328135
2025-02-13T23:00:00+01:00,0.311014
2025-02-14T00:00:00+01:00,0.309320
2025-02-14T01:00:00+01:00,0.303500
2025-02-14T02:00:00+01:00,0.297619
2025-02-14T03:00:00+01:00,0.294776
2025-02-14T04:00:00+01:00,0.296857
2025-02-14T05:00:00+01:00,0.309392
2025-02-14T06:00:00+01:00,0.333592
2025-02-14T07:00:00+01:00,0.404450
2025-02-14T08:00:00+01:00,0.449656
2025-02-14T09:00:00+01:00,0.396222
2025-02-14T10:00:00+01:00,0.359196
2025-02-14T11:00:00+01:00,0.336460
2025-02-14T12:00:00+01:00,0.323186
2025-02-14T13:00:00+01:00,0.318649
2025-02-14T14:00:00+01:00,0.325098
2025-02-14T15:00:00+01:00,0.345063
2025-02-14T16:00:00+01:00,0.373317
2025-02-14T17:00:00+01:00,0.475925
2025-02-14T18:00:00+01:00,0.476542
2025-02-14T19:00:00+01:00,0.411311
2025-02-14T20:00:00+01:00,0.364956
2025-02-14T21:00:00+01:00,0.340332
2025-02-14T22:00:00+01:00,0.327990
2025-02-14T23:00:00+01:00,0.312296
2025-02-15T00:00:00+01:00,0.303669
2025-02-15T01:00:00+01:00,0.297788
2025-02-15T02:00:00+01:00,0.286100
2025-02-15T03:00:00+01:00,0.282240
2025-02-15T04:00:00+01:00,0.282010
2025-02-15T05:00:00+01:00,0.284527
2025-02-15T06:00:00+01:00,0.299603
2025-02-15T07:00:00+01:00,0.318395
2025-02-15T08:00:00+01:00,0.322642
2025-02-15T09:00:00+01:00,0.308424
2025-02-15T10:00:00+01:00,0.293614
2025-02-15T11:00:00+01:00,0.286076
2025-02-15T12:00:00+01:00,0.278852
2025-02-15T13:00:00+01:00,0.275972
2025-02-15T14:00:00+01:00,0.281574
2025-02-15T15:00:00+01:00,0.293771
2025-02-15T16:00:00+01:00,0.312260
2025-02-15T17:00:00+01:00,0.334839
2025-02-15T18:00:00+01:00,0.349201
2025-02-15T19:00:00+01:00,0.341191
2025-02-15T20:00:00+01:00,0.321081
2025-02-15T21:00:00+01:00,0.297813
2025-02-15T22:00:00+01:00,0.302132
2025-02-15T23:00:00+01:00,0.293759
2025-02-16T00:00:00+01:00,0.305133
2025-02-16T01:00:00+01:00,0.298829
2025-02-16T02:00:00+01:00,0.292380
2025-02-16T03:00:00+01:00,0.287939
2025-02-16T04:00:00+01:00,0.287540
2025-02-16T05:00:00+01:00,0.288290
2025-02-16T06:00:00+01:00,0.288060
2025-02-16T07:00:00+01:00,0.297304
2025-02-16T08:00:00+01:00,0.299676
2025-02-16T09:00:00+01:00,0.300644
2025-02-16T10:00:00+01:00,0.293033
2025-02-16T11:00:00+01:00,0.284733
2025-02-16T12:00:00+01:00,0.289633
2025-02-16T13:00:00+01:00,0.273794
2025-02-16T14:00:00+01:00,0.275766
2025-02-16T15:00:00+01:00,0.293445
2025-02-16T16:00:00+01:00,0.303730
2025-02-16T17:00:00+01:00,0.323247
2025-02-16T18:00:00+01:00,0.342522
2025-02-16T19:00:00+01:00,0.337537
2025-02-16T20:00:00+01:00,0.328861
2025-02-16T21:00:00+01:00,0.311474
2025-02-16T22:00:00+01:00,0.309356
2025-02-16T23:00:00+01:00,0.301987
2025-02-17T00:00:00+01:00,0.297801
2025-02-17T01:00:00+01:00,0.289343
2025-02-17T02:00:00+01:00,0.288471
2025-02-17T03:00:00+01:00,0.292827
2025-02-17T04:00:00+01:00,0.296215
2025-02-17T05:00:00+01:00,0.300051
2025-02-17T06:00:00+01:00,0.323416
2025-02-17T07:00:00+01:00,0.390595
2025-02-17T08:00:00+01:00,0.396706
2025-02-17T09:00:00+01:00,0.350133
2025-02-17T10:00:00+01:00,0.311861
2025-02-17T11:00:00+01:00,0.284672
2025-02-17T12:00:00+01:00,0.275403
2025-02-17T13:00:00+01:00,0.272076
2025-02-17T14:00:00+01:00,0.278078
2025-02-17T15:00:00+01:00,0.300160
2025-02-17T16:00:00+01:00,0.330930
2025-02-17T17:00:00+01:00,0.400590
2025-02-17T18:00:00+01:00,0.460328
2025-02-17T19:00:00+01:00,0.403530
2025-02-17T20:00:00+01:00,0.358155
2025-02-17T21:00:00+01:00,0.330773
2025-02-17T22:00:00+01:00,0.311522
2025-02-17T23:00:00+01:00,0.299821
2025-02-18T00:00:00+01:00,0.303802
2025-02-18T01:00:00+01:00,0.294183
2025-02-18T02:00:00+01:00,0.292440
2025-02-18T03:00:00+01:00,0.283970
2025-02-18T04:00:00+01:00,0.282107
2025-02-18T05:00:00+01:00,0.289899
2025-02-18T06:00:00+01:00,0.311171
2025-02-18T07:00:00+01:00,0.360503
2025-02-18T08:00:00+01:00,0.377358
2025-02-18T09:00:00+01:00,0.316168
2025-02-18T10:00:00+01:00,0.293553
2025-02-18T11:00:00+01:00,0.276081
2025-02-18T12:00:00+01:00,0.257253
2025-02-18T13:00:00+01:00,0.251760
2025-02-18T14:00:00+01:00,0.261864
2025-02-18T15:00:00+01:00,0.275960
2025-02-18T16:00:00+01:00,0.295320
2025-02-18T17:00:00+01:00,0.351440
2025-02-18T18:00:00+01:00,0.352529
2025-02-18T19:00:00+01:00,0.330809
2025-02-18T20:00:00+01:00,0.314632
2025-02-18T21:00:00+01:00,0.300354
2025-02-18T22:00:00+01:00,0.290383
2025-02-18T23:00:00+01:00,0.281841
2025-02-19T00:00:00+01:00,0.269850
2025-02-19T01:00:00+01:00,0.263497
2025-02-19T02:00:00+01:00,
2025-02-19T03:00:00+01:00,0.261041
2025-02-19T04:00:00+01:00,0.257641
2025-02-19T05:00:00+01:00,0.262202
2025-02-19T06:00:00+01:00,0.282010
2025-02-19T07:00:00+01:00,0.323755
2025-02-19T08:00:00+01:00,0.344579
2025-02-19T09:00:00+01:00,0.292053
2025-02-19T10:00:00+01:00,0.257931
2025-02-19T11:00:00+01:00,0.231698
2025-02-19T12:00:00+01:00,0.233610
2025-02-19T13:00:00+01:00,0.237603
2025-02-19T14:00:00+01:00,0.239660
2025-02-19T15:00:00+01:00,0.252522
2025-02-19T16:00:00+01:00,0.280062
2025-02-19T17:00:00+01:00,0.302580
2025-02-19T18:00:00+01:00,0.319193
2025-02-19T19:00:00+01:00,0.320040
2025-02-19T20:00:00+01:00,0.291460
2025-02-19T21:00:00+01:00,0.282204
2025-02-19T22:00:00+01:00,0.289185
2025-02-19T23:00:00+01:00,0.263860
2025-02-20T00:00:00+01:00,0.248917
2025-02-20T01:00:00+01:00,0.247731
2025-02-20T02:00:00+01:00,0.246896
2025-02-20T03:00:00+01:00,0.245214
2025-02-20T04:00:00+01:00,0.243230
2025-02-20T05:00:00+01:00,0.244173
2025-02-20T06:00:00+01:00,0.252401
2025-02-20T07:00:00+01:00,0.277376
2025-02-20T08:00:00+01:00,0.301007
2025-02-20T09:00:00+01:00,0.297389
2025-02-20T10:00:00+01:00,0.268192
2025-02-20T11:00:00+01:00,0.248602
2025-02-20T12:00:00+01:00,0.248203
2025-02-20T13:00:00+01:00,0.245045
2025-02-20T14:00:00+01:00,0.245444
2025-02-20T15:00:00+01:00,0.251070
2025-02-20T16:00:00+01:00,0.259177
2025-02-20T17:00:00+01:00,0.276069
2025-02-20T18:00:00+01:00,0.283281
2025-02-20T19:00:00+01:00,0.295126
2025-02-20T20:00:00+01:00,0.267127
2025-02-20T21:00:00+01:00,0.255124
2025-02-20T22:00:00+01:00,0.255438
2025-02-20T23:00:00+01:00,0.244875
2025-02-21T00:00:00+01:00,0.232436
2025-02-21T01:00:00+01:00,0.227669
2025-02-21T02:00:00+01:00,0.233598
2025-02-21T03:00:00+01:00,0.235123
2025-02-21T04:00:00+01:00,0.232400
2025-02-21T05:00:00+01:00,0.231154
2025-02-21T06:00:00+01:00,0.260073
2025-02-21T07:00:00+01:00,0.312550
2025-02-21T08:00:00+01:00,0.306234
2025-02-21T09:00:00+01:00,0.278622
2025-02-21T10:00:00+01:00,0.254192
2025-02-21T11:00:00+01:00,0.235352
2025-02-21T12:00:00+01:00,0.221510
2025-02-21T13:00:00+01:00,0.219332
2025-02-21T14:00:00+01:00,0.226919
2025-02-21T15:00:00+01:00,0.234203
2025-02-21T16:00:00+01:00,0.255499
2025-02-21T17:00:00+01:00,0.262372
2025-02-21T18:00:00+01:00,0.265227
2025-02-21T19:00:00+01:00,0.245722
2025-02-21T20:00:00+01:00,0.242092
2025-02-21T21:00:00+01:00,0.229169
2025-02-21T22:00:00+01:00,0.228637
2025-02-21T23:00:00+01:00,0.222829
2025-02-22T00:00:00+01:00,0.207994
2025-02-22T01:00:00+01:00,0.202344
2025-02-22T02:00:00+01:00,0.200577
2025-02-22T03:00:00+01:00,0.192881
2025-02-22T04:00:00+01:00,0.191006
2025-02-22T05:00:00+01:00,0.203529
2025-02-22T06:00:00+01:00,0.207365
2025-02-22T07:00:00+01:00,0.221389
2025-02-22T08:00:00+01:00,0.227560
2025-02-22T09:00:00+01:00,0.239660
2025-02-22T10:00:00+01:00,0.242988
2025-02-22T11:00:00+01:00,0.245710
2025-02-22T12:00:00+01:00,0.252063
2025-02-22T13:00:00+01:00,0.223458
2025-02-22T14:00:00+01:00,0.224475
2025-02-22T15:00:00+01:00,0.241693
2025-02-22T16:00:00+01:00,0.261138
2025-02-22T17:00:00+01:00,0.302338
2025-02-22T18:00:00+01:00,0.319520
2025-02-22T19:00:00+01:00,0.328777
2025-02-22T20:00:00+01:00,0.320984
2025-02-22T21:00:00+01:00,0.283438
2025-02-22T22:00:00+01:00,0.290480
2025-02-22T23:00:00+01:00,0.287431
2025-02-23T00:00:00+01:00,0.271120
2025-02-23T01:00:00+01:00,0.254906
2025-02-23T02:00:00+01:00,0.248154
2025-02-23T03:00:00+01:00,0.244052
2025-02-23T04:00:00+01:00,0.244863
2025-02-23T05:00:00+01:00,0.246666
2025-02-23T06:00:00+01:00,0.247670
2025-02-23T07:00:00+01:00,0.267914
2025-02-23T08:00:00+01:00,0.271386
2025-02-23T09:00:00+01:00,0.255390
2025-02-23T10:00:00+01:00,0.234977
2025-02-23T11:00:00+01:00,0.216017
2025-02-23T12:00:00+01:00,0.203130
2025-02-23T13:00:00+01:00,0.183214
2025-02-23T14:00:00+01:00,0.180116
2025-02-23T15:00:00+01:00,0.195870
2025-02-23T16:00:00+01:00,0.234457
2025-02-23T17:00:00+01:00,0.306924
2025-02-23T18:00:00+01:00,0.316362
2025-02-23T19:00:00+01:00,0.285096
2025-02-23T20:00:00+01:00,0.258548
2025-02-23T21:00:00+01:00,0.236260
2025-02-23T22:00:00+01:00,0.225104
2025-02-23T23:00:00+01:00,0.215581
2025-02-24T00:00:00+01:00,0.154960
2025-02-24T01:00:00+01:00,0.157247
2025-02-24T02:00:00+01:00,0.157900
2025-02-24T03:00:00+01:00,0.152153
2025-02-24T04:00:00+01:00,0.147615
2025-02-24T05:00:00+01:00,0.151330
2025-02-24T06:00:00+01:00,0.205780
2025-02-24T07:00:00+01:00,0.250901
2025-02-24T08:00:00+01:00,0.276359
2025-02-24T09:00:00+01:00,0.258415
2025-02-24T10:00:00+01:00,0.241911
2025-02-24T11:00:00+01:00,0.245710
2025-02-24T12:00:00+01:00,0.243338
2025-02-24T13:00:00+01:00,0.244730
2025-02-24T14:00:00+01:00,0.248566
2025-02-24T15:00:00+01:00,0.255632
2025-02-24T16:00:00+01:00,0.268156
2025-02-24T17:00:00+01:00,0.281441
2025-02-24T18:00:00+01:00,0.313107
2025-02-24T19:00:00+01:00,0.325219
2025-02-24T20:00:00+01:00,0.300959
2025-02-24T21:00:00+01:00,0.279590
2025-02-24T22:00:00+01:00,0.278332
2025-02-24T23:00:00+01:00,0.272149
2025-02-25T00:00:00+01:00,0.252462
2025-02-25T01:00:00+01:00,0.251724
2025-02-25T02:00:00+01:00,0.254688
2025-02-25T03:00:00+01:00,0.254712
2025-02-25T04:00:00+01:00,0.256987
2025-02-25T05:00:00+01:00,0.268095
2025-02-25T06:00:00+01:00,0.312260
2025-02-25T07:00:00+01:00,0.335746
2025-02-25T08:00:00+01:00,0.344301
2025-02-25T09:00:00+01:00,0.323888
2025-02-25T10:00:00+01:00,0.306065
2025-02-25T11:00:00+01:00,0.290274
2025-02-25T12:00:00+01:00,0.286245
2025-02-25T13:00:00+01:00,0.285108
2025-02-25T14:00:00+01:00,0.293372
2025-02-25T15:00:00+01:00,0.305811
2025-02-25T16:00:00+01:00,0.333992
2025-02-25T17:00:00+01:00,0.378725
2025-02-25T18:00:00+01:00,0.403978
2025-02-25T19:00:00+01:00,0.359995
2025-02-25T20:00:00+01:00,0.329539
2025-02-25T21:00:00+01:00,0.311014
2025-02-25T22:00:00+01:00,0.295816
2025-02-25T23:00:00+01:00,0.278489
2025-02-26T00:00:00+01:00,0.286947
2025-02-26T01:00:00+01:00,0.280243
2025-02-26T02:00:00+01:00,0.279324
2025-02-26T03:00:00+01:00,0.276989
2025-02-26T04:00:00+01:00,0.278005
2025-02-26T05:00:00+01:00,0.280667
2025-02-26T06:00:00+01:00,0.298285
2025-02-26T07:00:00+01:00,0.332491
2025-02-26T08:00:00+01:00,0.346322
2025-02-26T09:00:00+01:00,0.330229
2025-02-26T10:00:00+01:00,0.303923
2025-02-26T11:00:00+01:00,0.263860
2025-02-26T12:00:00+01:00,0.246303
2025-02-26T13:00:00+01:00,0.239660
2025-02-26T14:00:00+01:00,0.247162
2025-02-26T15:00:00+01:00,0.282978
2025-02-26T16:00:00+01:00,0.275512
2025-02-26T17:00:00+01:00,0.319472
2025-02-26T18:00:00+01:00,0.335311
2025-02-26T19:00:00+01:00,0.326925
2025-02-26T20:00:00+01:00,0.314148
2025-02-26T21:00:00+01:00,0.286172
2025-02-26T22:00:00+01:00,0.289197
2025-02-26T23:00:00+01:00,0.279082
2025-02-27T00:00:00+01:00,0.265857
2025-02-27T01:00:00+01:00,0.268470
2025-02-27T02:00:00+01:00,0.265360
2025-02-27T03:00:00+01:00,0.263376
2025-02-27T04:00:00+01:00,0.264356
2025-02-27T05:00:00+01:00,0.270660
2025-02-27T06:00:00+01:00,0.282192
2025-02-27T07:00:00+01:00,0.325860
2025-02-27T08:00:00+01:00,0.335432
2025-02-27T09:00:00+01:00,0.312260
2025-02-27T10:00:00+01:00,0.295332
2025-02-27T11:00:00+01:00,0.273685
2025-02-27T12:00:00+01:00,0.263800
2025-02-27T13:00:00+01:00,0.260835
2025-02-27T14:00:00+01:00,0.263618
2025-02-27T15:00:00+01:00,0.263860
2025-02-27T16:00:00+01:00,0.283789
2025-02-27T17:00:00+01:00,0.317717
2025-02-27T18:00:00+01:00,0.347193
2025-02-27T19:00:00+01:00,0.319520
2025-02-27T20:00:00+01:00,0.299253
2025-02-27T21:00:00+01:00,0.269789
2025-02-27T22:00:00+01:00,0.268942
2025-02-27T23:00:00+01:00,0.270225
2025-02-28T00:00:00+01:00,0.260351
2025-02-28T01:00:00+01:00,0.276613
2025-02-28T02:00:00+01:00,0.275210
2025-02-28T03:00:00+01:00,0.271822
2025-02-28T04:00:00+01:00,0.276601
2025-02-28T05:00:00+01:00,0.277315
2025-02-28T06:00:00+01:00,0.284261
2025-02-28T07:00:00+01:00,0.322944
2025-02-28T08:00:00+01:00,0.337005
2025-02-28T09:00:00+01:00,0.313555
2025-02-28T10:00:00+01:00,0.291920
2025-02-28T11:00:00+01:00,0.275960
2025-02-28T12:00:00+01:00,0.259504
2025-02-28T13:00:00+01:00,0.253575
2025-02-28T14:00:00+01:00,0.254180
2025-02-28T15:00:00+01:00,0.265252
2025-02-28T16:00:00+01:00,0.293021
2025-02-28T17:00:00+01:00,0.321601
2025-02-28T18:00:00+01:00,0.332382
2025-02-28T19:00:00+01:00,0.334040
2025-02-28T20:00:00+01:00,0.315515
2025-02-28T21:00:00+01:00,0.301745
2025-02-28T22:00:00+01:00,0.294763
2025-02-28T23:00:00+01:00,0.284684
2025-03-01T00:00:00+01:00,0.295889
2025-03-01T01:00:00+01:00,0.287419
2025-03-01T02:00:00+01:00,0.283958
2025-03-01T03:00:00+01:00,0.275839
2025-03-01T04:00:00+01:00,0.273601
2025-03-01T05:00:00+01:00,0.278235
2025-03-01T06:00:00+01:00,0.284551
2025-03-01T07:00:00+01:00,0.304782
2025-03-01T08:00:00+01:00,0.307723
2025-03-01T09:00:00+01:00,0.304371
2025-03-01T10:00:00+01:00,0.287382
2025-03-01T11:00:00+01:00,0.271640
2025-03-01T12:00:00+01:00,0.262202
2025-03-01T13:00:00+01:00,0.253466
2025-03-01T14:00:00+01:00,0.250671
2025-03-01T15:00:00+01:00,0.259504
2025-03-01T16:00:00+01:00,0.280243
2025-03-01T17:00:00+01:00,0.305980
2025-03-01T18:00:00+01:00,0.326780
2025-03-01T19:00:00+01:00,0.320440
2025-03-01T20:00:00+01:00,0.304286
2025-03-01T21:00:00+01:00,0.294630
2025-03-01T22:00:00+01:00,0.290516
2025-03-01T23:00:00+01:00,0.287963
2025-03-02T00:00:00+01:00,0.292864
2025-03-02T01:00:00+01:00,0.273201
2025-03-02T02:00:00+01:00,0.263146
2025-03-02T03:00:00+01:00,0.255620
2025-03-02T04:00:00+01:00,0.257193
2025-03-02T05:00:00+01:00,0.256963
2025-03-02T06:00:00+01:00,0.259540
2025-03-02T07:00:00+01:00,0.267490
2025-03-02T08:00:00+01:00,0.267768
2025-03-02T09:00:00+01:00,0.250550
2025-03-02T10:00:00+01:00,0.225503
2025-03-02T11:00:00+01:00,0.202150
2025-03-02T12:00:00+01:00,0.176135
2025-03-02T13:00:00+01:00,0.139230
2025-03-02T14:00:00+01:00,0.138189
2025-03-02T15:00:00+01:00,0.204207
2025-03-02T16:00:00+01:00,0.239539
2025-03-02T17:00:00+01:00,0.290504
2025-03-02T18:00:00+01:00,0.313531
2025-03-02T19:00:00+01:00,0.319980
2025-03-02T20:00:00+01:00,0.304214
2025-03-02T21:00:00+01:00,0.288592
2025-03-02T22:00:00+01:00,0.289101
2025-03-02T23:00:00+01:00,0.279384
2025-03-03T00:00:00+01:00,0.273879
2025-03-03T01:00:00+01:00,0.268519
2025-03-03T02:00:00+01:00,0.267405
2025-03-03T03:00:00+01:00,0.263618
2025-03-03T04:00:00+01:00,0.268059
2025-03-03T05:00:00+01:00,0.284200
2025-03-03T06:00:00+01:00,0.309296
2025-03-03T07:00:00+01:00,0.340090
2025-03-03T08:00:00+01:00,0.319520
2025-03-03T09:00:00+01:00,0.251760
2025-03-03T10:00:00+01:00,0.239660
2025-03-03T11:00:00+01:00,0.150604
2025-03-03T12:00:00+01:00,0.143259
2025-03-03T13:00:00+01:00,0.140730
2025-03-03T14:00:00+01:00,0.216029
2025-03-03T15:00:00+01:00,0.243859
2025-03-03T16:00:00+01:00,0.271483
2025-03-03T17:00:00+01:00,0.315588
2025-03-03T18:00:00+01:00,0.360721
2025-03-03T19:00:00+01:00,0.355602
2025-03-03T20:00:00+01:00,0.324699
2025-03-03T21:00:00+01:00,0.297002
2025-03-03T22:00:00+01:00,0.294231
2025-03-03T23:00:00+01:00,0.291436
2025-03-04T00:00:00+01:00,0.289621
2025-03-04T01:00:00+01:00,0.275670
2025-03-04T02:00:00+01:00,0.268688
2025-03-04T03:00:00+01:00,0.269850
2025-03-04T04:00:00+01:00,0.264610
2025-03-04T05:00:00+01:00,0.276432
2025-03-04T06:00:00+01:00,0.309973
2025-03-04T07:00:00+01:00,0.348100
2025-03-04T08:00:00+01:00,0.314620
2025-03-04T09:00:00+01:00,0.290480
2025-03-04T10:00:00+01:00,0.251724
2025-03-04T11:00:00+01:00,0.179160
2025-03-04T12:00:00+01:00,0.139230
2025-03-04T13:00:00+01:00,0.147748
2025-03-04T14:00:00+01:00,0.205514
2025-03-04T15:00:00+01:00,0.241499
2025-03-04T16:00:00+01:00,0.274750
2025-03-04T17:00:00+01:00,0.315382
2025-03-04T18:00:00+01:00,0.353315
2025-03-04T19:00:00+01:00,0.341240
2025-03-04T20:00:00+01:00,0.304274
2025-03-04T21:00:00+01:00,0.281829
2025-03-04T22:00:00+01:00,0.281151
2025-03-04T23:00:00+01:00,0.272681
2025-03-05T00:00:00+01:00,0.254180
2025-03-05T01:00:00+01:00,0.255269
2025-03-05T02:00:00+01:00,0.245226
2025-03-05T03:00:00+01:00,0.240047
2025-03-05T04:00:00+01:00,0.242358
2025-03-05T05:00:00+01:00,0.254628
2025-03-05T06:00:00+01:00,0.283317
2025-03-05T07:00:00+01:00,0.312853
2025-03-05T08:00:00+01:00,0.314099
2025-03-05T09:00:00+01:00,0.196378
2025-03-05T10:00:00+01:00,0.135310
2025-03-05T11:00:00+01:00,0.129550
2025-03-05T12:00:00+01:00,0.118237
2025-03-05T13:00:00+01:00,0.132152
2025-03-05T14:00:00+01:00,0.140440
2025-03-05T15:00:00+01:00,0.201400
2025-03-05T16:00:00+01:00,0.247041
2025-03-05T17:00:00+01:00,0.296639
2025-03-05T18:00:00+01:00,0.316834
2025-03-05T19:00:00+01:00,0.319714
2025-03-05T20:00:00+01:00,0.290855
2025-03-05T21:00:00+01:00,0.273443
2025-03-05T22:00:00+01:00,0.274484
2025-03-05T23:00:00+01:00,0.260702
2025-03-06T00:00:00+01:00,0.244621
2025-03-06T01:00:00+01:00,0.244669
2025-03-06T02:00:00+01:00,0.245504
2025-03-06T03:00:00+01:00,0.245214
2025-03-06T04:00:00+01:00,0.251881
2025-03-06T05:00:00+01:00,0.256031
2025-03-06T06:00:00+01:00,0.303633
2025-03-06T07:00:00+01:00,0.321020
2025-03-06T08:00:00+01:00,0.274145
2025-03-06T09:00:00+01:00,0.238111
2025-03-06T10:00:00+01:00,0.204110
2025-03-06T11:00:00+01:00,0.144772
2025-03-06T12:00:00+01:00,0.137451
2025-03-06T13:00:00+01:00,0.140392
2025-03-06T14:00:00+01:00,0.158784
2025-03-06T15:00:00+01:00,0.219828
2025-03-06T16:00:00+01:00,0.264538
2025-03-06T17:00:00+01:00,0.308412
2025-03-06T18:00:00+01:00,0.331293
2025-03-06T19:00:00+01:00,0.302979
2025-03-06T20:00:00+01:00,0.276807
2025-03-06T21:00:00+01:00,0.267938
2025-03-06T22:00:00+01:00,0.259504
2025-03-06T23:00:00+01:00,0.246920
2025-03-07T00:00:00+01:00,0.245202
2025-03-07T01:00:00+01:00,0.246920
2025-03-07T02:00:00+01:00,0.248130
2025-03-07T03:00:00+01:00,0.246775
2025-03-07T04:00:00+01:00,0.251760
2025-03-07T05:00:00+01:00,0.265433
2025-03-07T06:00:00+01:00,0.272572
2025-03-07T07:00:00+01:00,0.308134
2025-03-07T08:00:00+01:00,0.284442
2025-03-07T09:00:00+01:00,0.242213
2025-03-07T10:00:00+01:00,0.219538
2025-03-07T11:00:00+01:00,0.181350
2025-03-07T12:00:00+01:00,0.158336
2025-03-07T13:00:00+01:00,0.151076
2025-03-07T14:00:00+01:00,0.182693
2025-03-07T15:00:00+01:00,0.227536
2025-03-07T16:00:00+01:00,0.275960
2025-03-07T17:00:00+01:00,0.306004
2025-03-07T18:00:00+01:00,0.379379
2025-03-07T19:00:00+01:00,0.343478
2025-03-07T20:00:00+01:00,0.307553
2025-03-07T21:00:00+01:00,0.286306
2025-03-07T22:00:00+01:00,0.274895
2025-03-07T23:00:00+01:00,0.266788
2025-03-08T00:00:00+01:00,0.285120
2025-03-08T01:00:00+01:00,0.266897
2025-03-08T02:00:00+01:00,0.260230
2025-03-08T03:00:00+01:00,0.263086
2025-03-08T04:00:00+01:00,0.264719
2025-03-08T05:00:00+01:00,0.267986
2025-03-08T06:00:00+01:00,0.281889
2025-03-08T07:00:00+01:00,0.275960
2025-03-08T08:00:00+01:00,0.261488
2025-03-08T09:00:00+01:00,0.230633
2025-03-08T10:00:00+01:00,0.164701
2025-03-08T11:00:00+01:00,0.144699
2025-03-08T12:00:00+01:00,0.138431
2025-03-08T13:00:00+01:00,0.142243
2025-03-08T14:00:00+01:00,0.142945
2025-03-08T15:00:00+01:00,0.197746
2025-03-08T16:00:00+01:00,0.245214
2025-03-08T17:00:00+01:00,0.300668
2025-03-08T18:00:00+01:00,0.325449
2025-03-08T19:00:00+01:00,0.290904
2025-03-08T20:00:00+01:00,0.262723
2025-03-08T21:00:00+01:00,0.251978
2025-03-08T22:00:00+01:00,0.249413
2025-03-08T23:00:00+01:00,0.247501
2025-03-09T00:00:00+01:00,0.245674
2025-03-09T01:00:00+01:00,0.247888
2025-03-09T02:00:00+01:00,0.246557
2025-03-09T03:00:00+01:00,0.258851
2025-03-09T04:00:00+01:00,0.261101
2025-03-09T05:00:00+01:00,0.263679
2025-03-09T06:00:00+01:00,0.263860
2025-03-09T07:00:00+01:00,0.248541
2025-03-09T08:00:00+01:00,0.218134
2025-03-09T09:00:00+01:00,0.178277
2025-03-09T10:00:00+01:00,0.155081
2025-03-09T11:00:00+01:00,0.134935
2025-03-09T12:00:00+01:00,0.127408
2025-03-09T13:00:00+01:00,0.133107
2025-03-09T14:00:00+01:00,0.140186
2025-03-09T15:00:00+01:00,0.163902
2025-03-09T16:00:00+01:00,0.240870
2025-03-09T17:00:00+01:00,0.278453
2025-03-09T18:00:00+01:00,0.297087
2025-03-09T19:00:00+01:00,0.305762
2025-03-09T20:00:00+01:00,0.299894
2025-03-09T21:00:00+01:00,0.289802
2025-03-09T22:00:00+01:00,0.275972
2025-03-09T23:00:00+01:00,0.268264
2025-03-10T00:00:00+01:00,0.257737
2025-03-10T01:00:00+01:00,0.254156
2025-03-10T02:00:00+01:00,0.254954
2025-03-10T03:00:00+01:00,0.254858
2025-03-10T04:00:00+01:00,0.251736
2025-03-10T05:00:00+01:00,0.265239
2025-03-10T06:00:00+01:00,0.314390
2025-03-10T07:00:00+01:00,0.324263
2025-03-10T08:00:00+01:00,0.304177
2025-03-10T09:00:00+01:00,0.261706
2025-03-10T10:00:00+01:00,0.244645
2025-03-10T11:00:00+01:00,0.237095
2025-03-10T12:00:00+01:00,0.234844
2025-03-10T13:00:00+01:00,0.236417
2025-03-10T14:00:00+01:00,0.241959
2025-03-10T15:00:00+01:00,0.252413
2025-03-10T16:00:00+01:00,0.275234
2025-03-10T17:00:00+01:00,0.307662
2025-03-10T18:00:00+01:00,0.342934
2025-03-10T19:00:00+01:00,0.332697
2025-03-10T20:00:00+01:00,0.291932
2025-03-10T21:00:00+01:00,0.274266
2025-03-10T22:00:00+01:00,0.270104
2025-03-10T23:00:00+01:00,0.259407
2025-03-11T00:00:00+01:00,0.264634
2025-03-11T01:00:00+01:00,0.260968
2025-03-11T02:00:00+01:00,0.260908
2025-03-11T03:00:00+01:00,0.260750
2025-03-11T04:00:00+01:00,0.260363
2025-03-11T05:00:00+01:00,0.268083
2025-03-11T06:00:00+01:00,0.254035
2025-03-11T07:00:00+01:00,0.311074
2025-03-11T08:00:00+01:00,0.310542
2025-03-11T09:00:00+01:00,0.294594
2025-03-11T10:00:00+01:00,0.265699
2025-03-11T11:00:00+01:00,0.259298
2025-03-11T12:00:00+01:00,0.256794
2025-03-11T13:00:00+01:00,0.257544
2025-03-11T14:00:00+01:00,0.261501
2025-03-11T15:00:00+01:00,0.271713
2025-03-11T16:00:00+01:00,0.287467
2025-03-11T17:00:00+01:00,0.311498
2025-03-11T18:00:00+01:00,0.349625
2025-03-11T19:00:00+01:00,0.348161
2025-03-11T20:00:00+01:00,0.318225
2025-03-11T21:00:00+01:00,0.301176
2025-03-11T22:00:00+01:00,0.284914
2025-03-11T23:00:00+01:00,0.272124
2025-03-12T00:00:00+01:00,0.264985
2025-03-12T01:00:00+01:00,0.262263
2025-03-12T02:00:00+01:00,0.260194
2025-03-12T03:00:00+01:00,0.258246
2025-03-12T04:00:00+01:00,0.261077
2025-03-12T05:00:00+01:00,0.268603
2025-03-12T06:00:00+01:00,0.300680
2025-03-12T07:00:00+01:00,0.314692
2025-03-12T08:00:00+01:00,0.312381
2025-03-12T09:00:00+01:00,0.294110
2025-03-12T10:00:00+01:00,0.267067
2025-03-12T11:00:00+01:00,0.262565
2025-03-12T12:00:00+01:00,0.261125
2025-03-12T13:00:00+01:00,0.254930
2025-03-12T14:00:00+01:00,0.259988
2025-03-12T15:00:00+01:00,0.263981
2025-03-12T16:00:00+01:00,0.279590
2025-03-12T17:00:00+01:00,0.309913
2025-03-12T18:00:00+01:00,0.372010
2025-03-12T19:00:00+01:00,0.359595
2025-03-12T20:00:00+01:00,0.321698
2025-03-12T21:00:00+01:00,0.302822
2025-03-12T22:00:00+01:00,0.288060
2025-03-12T23:00:00+01:00,0.275851
2025-03-13T00:00:00+01:00,0.274169
2025-03-13T01:00:00+01:00,0.266897
2025-03-13T02:00:00+01:00,0.263364
2025-03-13T03:00:00+01:00,0.259807
2025-03-13T04:00:00+01:00,0.260460
2025-03-13T05:00:00+01:00,0.270043
2025-03-13T06:00:00+01:00,0.301697
2025-03-13T07:00:00+01:00,0.331572
2025-03-13T08:00:00+01:00,0.330531
2025-03-13T09:00:00+01:00,0.300983
2025-03-13T10:00:00+01:00,0.288544
2025-03-13T11:00:00+01:00,0.267490
2025-03-13T12:00:00+01:00,0.258560
2025-03-13T13:00:00+01:00,0.260109
2025-03-13T14:00:00+01:00,0.268700
2025-03-13T15:00:00+01:00,0.268700
2025-03-13T16:00:00+01:00,0.274520
2025-03-13T17:00:00+01:00,0.310070
2025-03-13T18:00:00+01:00,0.343781
2025-03-13T19:00:00+01:00,0.352759
2025-03-13T20:00:00+01:00,0.323150
2025-03-13T21:00:00+01:00,0.307045
2025-03-13T22:00:00+01:00,0.292271
2025-03-13T23:00:00+01:00,0.277932
2025-03-14T00:00:00+01:00,0.274859
2025-03-14T01:00:00+01:00,0.271120
2025-03-14T02:00:00+01:00,0.270999
2025-03-14T03:00:00+01:00,0.268494
2025-03-14T04:00:00+01:00,0.270273
2025-03-14T05:00:00+01:00,0.280328
2025-03-14T06:00:00+01:00,0.313434
2025-03-14T07:00:00+01:00,0.330434
2025-03-14T08:00:00+01:00,0.328051
2025-03-14T09:00:00+01:00,0.302459
2025-03-14T10:00:00+01:00,0.278150
2025-03-14T11:00:00+01:00,0.265312
2025-03-14T12:00:00+01:00,0.262214
2025-03-14T13:00:00+01:00,0.263860
2025-03-14T14:00:00+01:00,0.253115
2025-03-14T15:00:00+01:00,0.271725
2025-03-14T16:00:00+01:00,0.282736
2025-03-14T17:00:00+01:00,0.304685
2025-03-14T18:00:00+01:00,0.319145
2025-03-14T19:00:00+01:00,0.325389
2025-03-14T20:00:00+01:00,0.300172
2025-03-14T21:00:00+01:00,0.277642
2025-03-14T22:00:00+01:00,0.280800
2025-03-14T23:00:00+01:00,0.270116
2025-03-15T00:00:00+01:00,0.278562
2025-03-15T01:00:00+01:00,0.267659
2025-03-15T02:00:00+01:00,0.259020
2025-03-15T03:00:00+01:00,0.251639
2025-03-15T04:00:00+01:00,0.248009
2025-03-15T05:00:00+01:00,0.252426
2025-03-15T06:00:00+01:00,0.260242
2025-03-15T07:00:00+01:00,0.263158
2025-03-15T08:00:00+01:00,0.262335
2025-03-15T09:00:00+01:00,0.247356
2025-03-15T10:00:00+01:00,0.230561
2025-03-15T11:00:00+01:00,0.223603
2025-03-15T12:00:00+01:00,0.212096
2025-03-15T13:00:00+01:00,0.200940
2025-03-15T14:00:00+01:00,0.208817
2025-03-15T15:00:00+01:00,0.221062
2025-03-15T16:00:00+01:00,0.239370
2025-03-15T17:00:00+01:00,0.282797
2025-03-15T18:00:00+01:00,0.297111
2025-03-15T19:00:00+01:00,0.303742
2025-03-15T20:00:00+01:00,0.289827
2025-03-15T21:00:00+01:00,0.274145
2025-03-15T22:00:00+01:00,0.269934
2025-03-15T23:00:00+01:00,0.258113
2025-03-16T00:00:00+01:00,0.251772
2025-03-16T01:00:00+01:00,0.246666
2025-03-16T02:00:00+01:00,0.239200
2025-03-16T03:00:00+01:00,0.237458
2025-03-16T04:00:00+01:00,0.237966
2025-03-16T05:00:00+01:00,0.240277
2025-03-16T06:00:00+01:00,0.245879
2025-03-16T07:00:00+01:00,0.242165
2025-03-16T08:00:00+01:00,0.237180
2025-03-16T09:00:00+01:00,0.212314
2025-03-16T10:00:00+01:00,0.172130
2025-03-16T11:00:00+01:00,0.141928
2025-03-16T12:00:00+01:00,0.130748
2025-03-16T13:00:00+01:00,0.139036
2025-03-16T14:00:00+01:00,0.143707
2025-03-16T15:00:00+01:00,0.180370
2025-03-16T16:00:00+01:00,0.227802
2025-03-16T17:00:00+01:00,0.278017
2025-03-16T18:00:00+01:00,0.296857
2025-03-16T19:00:00+01:00,0.312260
2025-03-16T20:00:00+01:00,0.285640
2025-03-16T21:00:00+01:00,0.263739
2025-03-16T22:00:00+01:00,0.254180
2025-03-16T23:00:00+01:00,0.240507
2025-03-17T00:00:00+01:00,0.269426
2025-03-17T01:00:00+01:00,0.272088
2025-03-17T02:00:00+01:00,0.259915
2025-03-17T03:00:00+01:00,0.240761
2025-03-17T04:00:00+01:00,0.246739
2025-03-17T05:00:00+01:00,0.267853
2025-03-17T06:00:00+01:00,0.306428
2025-03-17T07:00:00+01:00,0.327833
2025-03-17T08:00:00+01:00,0.295998
2025-03-17T09:00:00+01:00,0.248275
2025-03-17T10:00:00+01:00,0.208454
2025-03-17T11:00:00+01:00,0.179160
2025-03-17T12:00:00+01:00,0.140440
2025-03-17T13:00:00+01:00,0.140440
2025-03-17T14:00:00+01:00,0.203360
2025-03-17T15:00:00+01:00,0.224075
2025-03-17T16:00:00+01:00,0.256503
2025-03-17T17:00:00+01:00,0.297583
2025-03-17T18:00:00+01:00,0.332407
2025-03-17T19:00:00+01:00,0.348560
2025-03-17T20:00:00+01:00,0.314075
2025-03-17T21:00:00+01:00,0.280231
2025-03-17T22:00:00+01:00,0.271665
2025-03-17T23:00:00+01:00,0.255995
2025-03-18T00:00:00+01:00,0.254422
2025-03-18T01:00:00+01:00,0.251748
2025-03-18T02:00:00+01:00,0.253454
2025-03-18T03:00:00+01:00,0.248408
2025-03-18T04:00:00+01:00,0.253260
2025-03-18T05:00:00+01:00,0.268373
2025-03-18T06:00:00+01:00,0.303209
2025-03-18T07:00:00+01:00,0.308243
2025-03-18T08:00:00+01:00,0.271132
2025-03-18T09:00:00+01:00,0.229411
2025-03-18T10:00:00+01:00,0.168548
2025-03-18T11:00:00+01:00,0.136653
2025-03-18T12:00:00+01:00,0.128727
2025-03-18T13:00:00+01:00,0.139702
2025-03-18T14:00:00+01:00,0.149261
2025-03-18T15:00:00+01:00,0.195168
2025-03-18T16:00:00+01:00,0.242939
2025-03-18T17:00:00+01:00,0.293239
2025-03-18T18:00:00+01:00,0.324324
2025-03-18T19:00:00+01:00,0.336133
2025-03-18T20:00:00+01:00,0.314063
2025-03-18T21:00:00+01:00,0.285241
2025-03-18T22:00:00+01:00,0.272778
2025-03-18T23:00:00+01:00,0.264368
2025-03-19T00:00:00+01:00,0.262263
2025-03-19T01:00:00+01:00,0.257048
2025-03-19T02:00:00+01:00,0.257689
2025-03-19T03:00:00+01:00,0.259141
2025-03-19T04:00:00+01:00,0.263473
2025-03-19T05:00:00+01:00,0.275803
2025-03-19T06:00:00+01:00,0.318758
2025-03-19T07:00:00+01:00,0.319774
2025-03-19T08:00:00+01:00,0.273709
2025-03-19T09:00:00+01:00,0.234760
2025-03-19T10:00:00+01:00,0.174163
2025-03-19T11:00:00+01:00,0.142896
2025-03-19T12:00:00+01:00,0.142086
2025-03-19T13:00:00+01:00,0.142642
2025-03-19T14:00:00+01:00,0.144203
2025-03-19T15:00:00+01:00,0.215242
2025-03-19T16:00:00+01:00,0.263001
2025-03-19T17:00:00+01:00,0.308594
2025-03-19T18:00:00+01:00,0.416090
2025-03-19T19:00:00+01:00,0.396754
2025-03-19T20:00:00+01:00,0.341784
2025-03-19T21:00:00+01:00,0.299507
2025-03-19T22:00:00+01:00,0.284902
2025-03-19T23:00:00+01:00,0.271652
2025-03-20T00:00:00+01:00,0.274435
2025-03-20T01:00:00+01:00,0.257943
2025-03-20T02:00:00+01:00,0.256225
2025-03-20T03:00:00+01:00,0.255390
2025-03-20T04:00:00+01:00,0.253418
2025-03-20T05:00:00+01:00,0.274750
2025-03-20T06:00:00+01:00,0.302870
2025-03-20T07:00:00+01:00,0.306392
2025-03-20T08:00:00+01:00,0.262723
2025-03-20T09:00:00+01:00,0.233610
2025-03-20T10:00:00+01:00,0.185174
2025-03-20T11:00:00+01:00,0.146998
2025-03-20T12:00:00+01:00,0.143380
2025-03-20T13:00:00+01:00,0.143647
2025-03-20T14:00:00+01:00,0.160478
2025-03-20T15:00:00+01:00,0.225443
2025-03-20T16:00:00+01:00,0.269668
2025-03-20T17:00:00+01:00,0.309997
2025-03-20T18:00:00+01:00,0.441597
2025-03-20T19:00:00+01:00,0.421584
2025-03-20T20:00:00+01:00,0.328462
2025-03-20T21:00:00+01:00,0.295405
2025-03-20T22:00:00+01:00,0.276819
2025-03-20T23:00:00+01:00,0.271894
2025-03-21T00:00:00+01:00,0.273552
2025-03-21T01:00:00+01:00,0.263981
2025-03-21T02:00:00+01:00,0.260835
2025-03-21T03:00:00+01:00,0.255850
2025-03-21T04:00:00+01:00,0.252099
2025-03-21T05:00:00+01:00,0.269293
2025-03-21T06:00:00+01:00,0.294897
2025-03-21T07:00:00+01:00,0.302725
2025-03-21T08:00:00+01:00,0.262904
2025-03-21T09:00:00+01:00,0.226108
2025-03-21T10:00:00+01:00,0.191853
2025-03-21T11:00:00+01:00,0.150604
2025-03-21T12:00:00+01:00,0.140440
2025-03-21T13:00:00+01:00,0.140440
2025-03-21T14:00:00+01:00,0.140440
2025-03-21T15:00:00+01:00,0.140936
2025-03-21T16:00:00+01:00,0.194805
2025-03-21T17:00:00+01:00,0.251433
2025-03-21T18:00:00+01:00,0.277775
2025-03-21T19:00:00+01:00,0.242080
2025-03-21T20:00:00+01:00,0.225648
2025-03-21T21:00:00+01:00,0.198145
2025-03-21T22:00:00+01:00,0.178228
2025-03-21T23:00:00+01:00,0.168367
2025-03-22T00:00:00+01:00,0.175445
2025-03-22T01:00:00+01:00,0.159643
2025-03-22T02:00:00+01:00,0.155819
2025-03-22T03:00:00+01:00,0.153024
2025-03-22T04:00:00+01:00,0.156376
2025-03-22T05:00:00+01:00,0.159231
2025-03-22T06:00:00+01:00,0.158675
2025-03-22T07:00:00+01:00,0.166915
2025-03-22T08:00:00+01:00,0.146623
2025-03-22T09:00:00+01:00,0.142860
2025-03-22T10:00:00+01:00,0.140440
2025-03-22T11:00:00+01:00,0.135600
2025-03-22T12:00:00+01:00,0.122484
2025-03-22T13:00:00+01:00,0.128340
2025-03-22T14:00:00+01:00,0.134644
2025-03-22T15:00:00+01:00,0.141033
2025-03-22T16:00:00+01:00,0.191260
2025-03-22T17:00:00+01:00,0.296228
2025-03-22T18:00:00+01:00,0.329200
2025-03-22T19:00:00+01:00,0.331620
2025-03-22T20:00:00+01:00,0.273903
2025-03-22T21:00:00+01:00,0.263739
2025-03-22T22:00:00+01:00,0.263981
2025-03-22T23:00:00+01:00,0.261440
2025-03-23T00:00:00+01:00,0.252970
2025-03-23T01:00:00+01:00,0.239660
2025-03-23T02:00:00+01:00,0.251760
2025-03-23T03:00:00+01:00,0.255160
2025-03-23T04:00:00+01:00,0.255136
2025-03-23T05:00:00+01:00,0.251760
2025-03-23T06:00:00+01:00,0.256600
2025-03-23T07:00:00+01:00,0.266171
2025-03-23T08:00:00+01:00,0.239333
2025-03-23T09:00:00+01:00,0.170859
2025-03-23T10:00:00+01:00,0.159534
2025-03-23T11:00:00+01:00,0.154476
2025-03-23T12:00:00+01:00,0.159183
2025-03-23T13:00:00+01:00,0.148922
2025-03-23T14:00:00+01:00,0.156727
2025-03-23T15:00:00+01:00,0.193402
2025-03-23T16:00:00+01:00,0.256019
2025-03-23T17:00:00+01:00,0.284527
2025-03-23T18:00:00+01:00,0.312260
2025-03-23T19:00:00+01:00,0.313422
2025-03-23T20:00:00+01:00,0.311897
2025-03-23T21:00:00+01:00,0.297885
2025-03-23T22:00:00+01:00,0.292319
2025-03-23T23:00:00+01:00,0.281090
2025-03-24T00:00:00+01:00,0.274145
2025-03-24T01:00:00+01:00,0.267260
2025-03-24T02:00:00+01:00,0.262783
2025-03-24T03:00:00+01:00,0.259383
2025-03-24T04:00:00+01:00,0.262214
2025-03-24T05:00:00+01:00,0.281889
2025-03-24T06:00:00+01:00,0.309126
2025-03-24T07:00:00+01:00,0.338420
2025-03-24T08:00:00+01:00,0.335359
2025-03-24T09:00:00+01:00,0.303596
2025-03-24T10:00:00+01:00,0.276263
2025-03-24T11:00:00+01:00,0.265264
2025-03-24T12:00:00+01:00,0.257120
2025-03-24T13:00:00+01:00,0.253575
2025-03-24T14:00:00+01:00,0.255281
2025-03-24T15:00:00+01:00,0.263364
2025-03-24T16:00:00+01:00,0.287951
2025-03-24T17:00:00+01:00,0.320040
2025-03-24T18:00:00+01:00,0.385598
2025-03-24T19:00:00+01:00,0.373789
2025-03-24T20:00:00+01:00,0.338033
2025-03-24T21:00:00+01:00,0.307154
2025-03-24T22:00:00+01:00,0.291642
2025-03-24T23:00:00+01:00,0.279953
2025-03-25T00:00:00+01:00,0.264610
2025-03-25T01:00:00+01:00,0.262650
2025-03-25T02:00:00+01:00,0.260412
2025-03-25T03:00:00+01:00,0.259504
2025-03-25T04:00:00+01:00,0.258584
2025-03-25T05:00:00+01:00,0.265796
2025-03-25T06:00:00+01:00,0.297559
2025-03-25T07:00:00+01:00,0.311171
2025-03-25T08:00:00+01:00,0.300233
2025-03-25T09:00:00+01:00,0.271168
2025-03-25T10:00:00+01:00,0.252547
2025-03-25T11:00:00+01:00,0.237470
2025-03-25T12:00:00+01:00,0.225878
2025-03-25T13:00:00+01:00,0.225491
2025-03-25T14:00:00+01:00,0.236550
2025-03-25T15:00:00+01:00,0.250332
2025-03-25T16:00:00+01:00,0.266147
2025-03-25T17:00:00+01:00,0.301346
2025-03-25T18:00:00+01:00,0.329878
2025-03-25T19:00:00+01:00,0.342994
2025-03-25T20:00:00+01:00,0.322666
2025-03-25T21:00:00+01:00,0.291085
2025-03-25T22:00:00+01:00,0.280135
2025-03-25T23:00:00+01:00,0.266341
2025-03-26T00:00:00+01:00,0.265094
2025-03-26T01:00:00+01:00,0.261380
2025-03-26T02:00:00+01:00,0.260641
2025-03-26T03:00:00+01:00,0.260702
2025-03-26T04:00:00+01:00,0.258681
2025-03-26T05:00:00+01:00,0.260194
2025-03-26T06:00:00+01:00,0.293469
2025-03-26T07:00:00+01:00,0.311607
2025-03-26T08:00:00+01:00,0.307952
2025-03-26T09:00:00+01:00,0.277206
2025-03-26T10:00:00+01:00,0.262638
2025-03-26T11:00:00+01:00,0.257967
2025-03-26T12:00:00+01:00,0.256806
2025-03-26T13:00:00+01:00,0.243980
2025-03-26T14:00:00+01:00,0.249340
2025-03-26T15:00:00+01:00,0.253176
2025-03-26T16:00:00+01:00,0.262711
2025-03-26T17:00:00+01:00,0.299712
2025-03-26T18:00:00+01:00,0.333217
2025-03-26T19:00:00+01:00,0.345608
2025-03-26T20:00:00+01:00,0.324360
2025-03-26T21:00:00+01:00,0.295719
2025-03-26T22:00:00+01:00,0.285011
2025-03-26T23:00:00+01:00,0.272197
2025-03-27T00:00:00+01:00,0.268591
2025-03-27T01:00:00+01:00,0.260702
2025-03-27T02:00:00+01:00,0.259758
2025-03-27T03:00:00+01:00,0.258826
2025-03-27T04:00:00+01:00,0.254374
2025-03-27T05:00:00+01:00,0.266292
2025-03-27T06:00:00+01:00,0.294171
2025-03-27T07:00:00+01:00,0.309586
2025-03-27T08:00:00+01:00,0.292295
2025-03-27T09:00:00+01:00,0.251663
2025-03-27T10:00:00+01:00,0.228504
2025-03-27T11:00:00+01:00,0.197189
2025-03-27T12:00:00+01:00,0.157380
2025-03-27T13:00:00+01:00,0.147845
2025-03-27T14:00:00+01:00,0.177986
2025-03-27T15:00:00+01:00,0.226108
2025-03-27T16:00:00+01:00,0.248227
2025-03-27T17:00:00+01:00,0.283970
2025-03-27T18:00:00+01:00,0.325655
2025-03-27T19:00:00+01:00,0.345462
2025-03-27T20:00:00+01:00,0.313119
2025-03-27T21:00:00+01:00,0.291375
2025-03-27T22:00:00+01:00,0.277896
2025-03-27T23:00:00+01:00,0.263352
2025-03-28T00:00:00+01:00,0.245964
2025-03-28T01:00:00+01:00,0.238511
2025-03-28T02:00:00+01:00,0.238438
2025-03-28T03:00:00+01:00,0.237107
2025-03-28T04:00:00+01:00,0.237809
2025-03-28T05:00:00+01:00,0.254591
2025-03-28T06:00:00+01:00,0.291448
2025-03-28T07:00:00+01:00,0.290722
2025-03-28T08:00:00+01:00,0.266377
2025-03-28T09:00:00+01:00,0.229496
2025-03-28T10:00:00+01:00,0.167629
2025-03-28T11:00:00+01:00,0.140440
2025-03-28T12:00:00+01:00,0.140440
2025-03-28T13:00:00+01:00,0.142824
2025-03-28T14:00:00+01:00,0.159110
2025-03-28T15:00:00+01:00,0.223216
2025-03-28T16:00:00+01:00,0.263679
2025-03-28T17:00:00+01:00,0.289076
2025-03-28T18:00:00+01:00,0.328704
2025-03-28T19:00:00+01:00,0.334379
2025-03-28T20:00:00+01:00,0.316108
2025-03-28T21:00:00+01:00,0.286366
2025-03-28T22:00:00+01:00,0.278985
2025-03-28T23:00:00+01:00,0.272741
2025-03-29T00:00:00+01:00,0.269087
2025-03-29T01:00:00+01:00,0.259226
2025-03-29T02:00:00+01:00,0.250671
2025-03-29T03:00:00+01:00,0.249388
2025-03-29T04:00:00+01:00,0.250877
2025-03-29T05:00:00+01:00,0.248215
2025-03-29T06:00:00+01:00,0.252970
2025-03-29T07:00:00+01:00,0.255305
2025-03-29T08:00:00+01:00,0.246521
2025-03-29T09:00:00+01:00,0.228310
2025-03-29T10:00:00+01:00,0.214553
2025-03-29T11:00:00+01:00,0.214807
2025-03-29T12:00:00+01:00,0.215363
2025-03-29T13:00:00+01:00,0.143925
2025-03-29T14:00:00+01:00,0.145691
2025-03-29T15:00:00+01:00,0.171464
2025-03-29T16:00:00+01:00,0.213040
2025-03-29T17:00:00+01:00,0.252353
2025-03-29T18:00:00+01:00,0.308267
2025-03-29T19:00:00+01:00,0.317052
2025-03-29T20:00:00+01:00,0.281732
2025-03-29T21:00:00+01:00,0.256370
2025-03-29T22:00:00+01:00,0.235607
2025-03-29T23:00:00+01:00,0.217820
2025-03-30T00:00:00+01:00,0.164035
2025-03-30T01:00:00+02:00,0.157622
2025-03-30T03:00:00+02:00,0.144312
2025-03-30T04:00:00+02:00,0.144312
2025-03-30T05:00:00+02:00,0.142969
2025-03-30T06:00:00+02:00,0.142860
2025-03-30T07:00:00+02:00,0.142824
2025-03-30T08:00:00+02:00,0.142848
2025-03-30T09:00:00+02:00,0.142812
2025-03-30T10:00:00+02:00,0.138661
2025-03-30T11:00:00+02:00,0.124710
2025-03-30T12:00:00+02:00,0.102930
2025-03-30T13:00:00+02:00,0.102930
2025-03-30T14:00:00+02:00,0.102930
2025-03-30T15:00:00+02:00,0.124299
2025-03-30T16:00:00+02:00,0.138008
2025-03-30T17:00:00+02:00,0.142945
2025-03-30T18:00:00+02:00,0.160296
2025-03-30T19:00:00+02:00,0.216464
2025-03-30T20:00:00+02:00,0.218727
2025-03-30T21:00:00+02:00,0.221510
2025-03-30T22:00:00+02:00,0.217529
2025-03-30T23:00:00+02:00,0.211152
2025-03-31T00:00:00+02:00,0.222006
2025-03-31T01:00:00+02:00,0.219393
2025-03-31T02:00:00+02:00,0.220796
2025-03-31T03:00:00+02:00,0.224196
2025-03-31T04:00:00+02:00,0.226314
2025-03-31T05:00:00+02:00,0.249340
2025-03-31T06:00:00+02:00,0.269789
2025-03-31T07:00:00+02:00,0.315491
2025-03-31T08:00:00+02:00,0.353594
2025-03-31T09:00:00+02:00,0.286402
2025-03-31T10:00:00+02:00,0.263074
2025-03-31T11:00:00+02:00,0.233320
2025-03-31T12:00:00+02:00,0.173110
2025-03-31T13:00:00+02:00,0.139230
2025-03-31T14:00:00+02:00,0.139230
2025-03-31T15:00:00+02:00,0.203239
2025-03-31T16:00:00+02:00,0.219465
2025-03-31T17:00:00+02:00,0.248457
2025-03-31T18:00:00+02:00,0.284007
2025-03-31T19:00:00+02:00,0.344325
2025-03-31T20:00:00+02:00,0.346951
2025-03-31T21:00:00+02:00,0.299809
2025-03-31T22:00:00+02:00,0.279033
2025-03-31T23:00:00+02:00,0.265433
2025-04-01T00:00:00+02:00,0.264296
2025-04-01T01:00:00+02:00,0.255475
2025-04-01T02:00:00+02:00,0.252776
2025-04-01T03:00:00+02:00,0.252365
2025-04-01T04:00:00+02:00,0.250199
2025-04-01T05:00:00+02:00,0.260896
2025-04-01T06:00:00+02:00,0.290274
2025-04-01T07:00:00+02:00,0.355505
2025-04-01T08:00:00+02:00,0.335698
2025-04-01T09:00:00+02:00,0.271628
2025-04-01T10:00:00+02:00,0.236635
2025-04-01T11:00:00+02:00,0.206651
2025-04-01T12:00:00+02:00,0.154960
2025-04-01T13:00:00+02:00,0.118660
2025-04-01T14:00:00+02:00,0.106560
2025-04-01T15:00:00+02:00,0.139230
2025-04-01T16:00:00+02:00,0.192591
2025-04-01T17:00:00+02:00,0.225951
2025-04-01T18:00:00+02:00,0.270854
2025-04-01T19:00:00+02:00,0.311921
2025-04-01T20:00:00+02:00,0.301588
2025-04-01T21:00:00+02:00,0.269015
2025-04-01T22:00:00+02:00,0.254991
2025-04-01T23:00:00+02:00,0.236817
2025-04-02T00:00:00+02:00,0.222272
2025-04-02T01:00:00+02:00,0.219138
2025-04-02T02:00:00+02:00,0.218788
2025-04-02T03:00:00+02:00,0.219719
2025-04-02T04:00:00+02:00,0.220457
2025-04-02T05:00:00+02:00,0.236526
2025-04-02T06:00:00+02:00,0.273080
2025-04-02T07:00:00+02:00,0.318310
2025-04-02T08:00:00+02:00,0.291642
2025-04-02T09:00:00+02:00,0.239297
2025-04-02T10:00:00+02:00,0.192894
2025-04-02T11:00:00+02:00,0.130881
2025-04-02T12:00:00+02:00,0.106560
2025-04-02T13:00:00+02:00,0.082360
2025-04-02T14:00:00+02:00,0.077520
2025-04-02T15:00:00+02:00,0.084768
2025-04-02T16:00:00+02:00,0.112162
2025-04-02T17:00:00+02:00,0.142848
2025-04-02T18:00:00+02:00,0.235522
2025-04-02T19:00:00+02:00,0.280800
2025-04-02T20:00:00+02:00,0.280800
2025-04-02T21:00:00+02:00,0.259105
2025-04-02T22:00:00+02:00,0.242842
2025-04-02T23:00:00+02:00,0.229290
2025-04-03T00:00:00+02:00,0.218884
2025-04-03T01:00:00+02:00,0.214492
2025-04-03T02:00:00+02:00,0.213887
2025-04-03T03:00:00+02:00,0.214843
2025-04-03T04:00:00+02:00,0.217106
2025-04-03T05:00:00+02:00,0.233610
2025-04-03T06:00:00+02:00,0.286729
2025-04-03T07:00:00+02:00,0.328970
2025-04-03T08:00:00+02:00,0.304153
2025-04-03T09:00:00+02:00,0.238583
2025-04-03T10:00:00+02:00,0.188078
2025-04-03T11:00:00+02:00,0.142666
2025-04-03T12:00:00+02:00,0.140440
2025-04-03T13:00:00+02:00,0.125194
2025-04-03T14:00:00+02:00,0.130978
2025-04-03T15:00:00+02:00,0.140936
2025-04-03T16:00:00+02:00,0.142957
2025-04-03T17:00:00+02:00,0.226144
2025-04-03T18:00:00+02:00,0.300596
2025-04-03T19:00:00+02:00,0.337561
2025-04-03T20:00:00+02:00,0.328365
2025-04-03T21:00:00+02:00,0.301939
2025-04-03T22:00:00+02:00,0.277618
2025-04-03T23:00:00+02:00,0.267103
2025-04-04T00:00:00+02:00,0.269874
2025-04-04T01:00:00+02:00,0.262505
2025-04-04T02:00:00+02:00,0.262493
2025-04-04T03:00:00+02:00,0.262590
2025-04-04T04:00:00+02:00,0.264223
2025-04-04T05:00:00+02:00,0.270358
2025-04-04T06:00:00+02:00,0.306404
2025-04-04T07:00:00+02:00,0.344724
2025-04-04T08:00:00+02:00,0.308303
2025-04-04T09:00:00+02:00,0.257181
2025-04-04T10:00:00+02:00,0.216561
2025-04-04T11:00:00+02:00,0.152322
2025-04-04T12:00:00+02:00,0.142860
2025-04-04T13:00:00+02:00,0.140113
2025-04-04T14:00:00+02:00,0.140271
2025-04-04T15:00:00+02:00,0.142727
2025-04-04T16:00:00+02:00,0.172844
2025-04-04T17:00:00+02:00,0.228443
2025-04-04T18:00:00+02:00,0.277206
2025-04-04T19:00:00+02:00,0.303778
2025-04-04T20:00:00+02:00,0.312333
2025-04-04T21:00:00+02:00,0.274750
2025-04-04T22:00:00+02:00,0.261561
2025-04-04T23:00:00+02:00,0.253043
2025-04-05T00:00:00+02:00,0.262408
2025-04-05T01:00:00+02:00,0.256927
2025-04-05T02:00:00+02:00,0.254700
2025-04-05T03:00:00+02:00,0.254362
2025-04-05T04:00:00+02:00,0.252220
2025-04-05T05:00:00+02:00,0.250925
2025-04-05T06:00:00+02:00,0.254773
2025-04-05T07:00:00+02:00,0.262166
2025-04-05T08:00:00+02:00,0.256298
2025-04-05T09:00:00+02:00,0.210439
2025-04-05T10:00:00+02:00,0.143659
2025-04-05T11:00:00+02:00,0.140440
2025-04-05T12:00:00+02:00,0.070260
2025-04-05T13:00:00+02:00,0.076661
2025-04-05T14:00:00+02:00,0.078875
2025-04-05T15:00:00+02:00,0.106681
2025-04-05T16:00:00+02:00,0.137742
2025-04-05T17:00:00+02:00,0.143187
2025-04-05T18:00:00+02:00,0.220917
2025-04-05T19:00:00+02:00,0.261803
2025-04-05T20:00:00+02:00,0.263860
2025-04-05T21:00:00+02:00,0.244936
2025-04-05T22:00:00+02:00,0.238438
2025-04-05T23:00:00+02:00,0.226048
2025-04-06T00:00:00+02:00,0.228105
2025-04-06T01:00:00+02:00,0.216670
2025-04-06T02:00:00+02:00,0.215726
2025-04-06T03:00:00+02:00,0.220941
2025-04-06T04:00:00+02:00,0.222611
2025-04-06T05:00:00+02:00,0.230924
2025-04-06T06:00:00+02:00,0.231662
2025-04-06T07:00:00+02:00,0.233610
2025-04-06T08:00:00+02:00,0.191889
2025-04-06T09:00:00+02:00,0.142981
2025-04-06T10:00:00+02:00,0.140440
2025-04-06T11:00:00+02:00,0.109537
2025-04-06T12:00:00+02:00,0.070260
2025-04-06T13:00:00+02:00,0.014310
2025-04-06T14:00:00+02:00,0.004267
2025-04-06T15:00:00+02:00,0.058305
2025-04-06T16:00:00+02:00,0.119943
2025-04-06T17:00:00+02:00,0.144820
2025-04-06T18:00:00+02:00,0.259722
2025-04-06T19:00:00+02:00,0.288363
2025-04-06T20:00:00+02:00,0.297752
2025-04-06T21:00:00+02:00,0.284612
2025-04-06T22:00:00+02:00,0.273770
2025-04-06T23:00:00+02:00,0.260690
2025-04-07T00:00:00+02:00,0.244064
2025-04-07T01:00:00+02:00,0.241669
2025-04-07T02:00:00+02:00,0.238075
2025-04-07T03:00:00+02:00,0.239624
2025-04-07T04:00:00+02:00,0.243048
2025-04-07T05:00:00+02:00,0.255935
2025-04-07T06:00:00+02:00,0.292948
2025-04-07T07:00:00+02:00,0.359619
2025-04-07T08:00:00+02:00,0.317838
2025-04-07T09:00:00+02:00,0.270031
2025-04-07T10:00:00+02:00,0.238486
2025-04-07T11:00:00+02:00,0.216489
2025-04-07T12:00:00+02:00,0.157138
2025-04-07T13:00:00+02:00,0.145510
2025-04-07T14:00:00+02:00,0.145522
2025-04-07T15:00:00+02:00,0.208841
2025-04-07T16:00:00+02:00,0.218618
2025-04-07T17:00:00+02:00,0.254833
2025-04-07T18:00:00+02:00,0.282905
2025-04-07T19:00:00+02:00,0.325570
2025-04-07T20:00:00+02:00,0.327095
2025-04-07T21:00:00+02:00,0.309804
2025-04-07T22:00:00+02:00,0.272935
2025-04-07T23:00:00+02:00,0.269245
2025-04-08T00:00:00+02:00,0.241814
2025-04-08T01:00:00+02:00,0.244669
2025-04-08T02:00:00+02:00,0.240168
2025-04-08T03:00:00+02:00,0.239091
2025-04-08T04:00:00+02:00,0.244633
2025-04-08T05:00:00+02:00,0.253696
2025-04-08T06:00:00+02:00,0.302580
2025-04-08T07:00:00+02:00,0.342873
2025-04-08T08:00:00+02:00,0.308352
2025-04-08T09:00:00+02:00,0.253285
2025-04-08T10:00:00+02:00,0.230125
2025-04-08T11:00:00+02:00,0.206724
2025-04-08T12:00:00+02:00,0.165076
2025-04-08T13:00:00+02:00,0.159945
2025-04-08T14:00:00+02:00,0.170291
2025-04-08T15:00:00+02:00,0.198447
2025-04-08T16:00:00+02:00,0.219151
2025-04-08T17:00:00+02:00,0.241536
2025-04-08T18:00:00+02:00,0.274762
2025-04-08T19:00:00+02:00,0.307069
2025-04-08T20:00:00+02:00,0.345378
2025-04-08T21:00:00+02:00,0.309332
2025-04-08T22:00:00+02:00,0.282434
2025-04-08T23:00:00+02:00,0.260472
2025-04-09T00:00:00+02:00,0.257810
2025-04-09T01:00:00+02:00,0.245710
2025-04-09T02:00:00+02:00,0.246436
2025-04-09T03:00:00+02:00,0.244682
2025-04-09T04:00:00+02:00,0.247465
2025-04-09T05:00:00+02:00,0.258584
2025-04-09T06:00:00+02:00,0.292174
2025-04-09T07:00:00+02:00,0.328486
2025-04-09T08:00:00+02:00,0.297813
2025-04-09T09:00:00+02:00,0.257810
2025-04-09T10:00:00+02:00,0.236502
2025-04-09T11:00:00+02:00,0.204074
2025-04-09T12:00:00+02:00,0.156533
2025-04-09T13:00:00+02:00,0.142860
2025-04-09T14:00:00+02:00,0.140936
2025-04-09T15:00:00+02:00,0.161010
2025-04-09T16:00:00+02:00,0.198266
2025-04-09T17:00:00+02:00,0.228673
2025-04-09T18:00:00+02:00,0.256007
2025-04-09T19:00:00+02:00,0.286717
2025-04-09T20:00:00+02:00,0.299180
2025-04-09T21:00:00+02:00,0.268906
2025-04-09T22:00:00+02:00,0.257568
2025-04-09T23:00:00+02:00,0.251167
2025-04-10T00:00:00+02:00,0.245710
2025-04-10T01:00:00+02:00,0.244440
2025-04-10T02:00:00+02:00,0.244440
2025-04-10T03:00:00+02:00,0.242854
2025-04-10T04:00:00+02:00,0.242370
2025-04-10T05:00:00+02:00,0.249122
2025-04-10T06:00:00+02:00,0.282845
2025-04-10T07:00:00+02:00,0.323198
2025-04-10T08:00:00+02:00,0.300874
2025-04-10T09:00:00+02:00,0.263170
2025-04-10T10:00:00+02:00,0.246569
2025-04-10T11:00:00+02:00,0.218594
2025-04-10T12:00:00+02:00,0.175554
2025-04-10T13:00:00+02:00,0.144881
2025-04-10T14:00:00+02:00,0.142933
2025-04-10T15:00:00+02:00,0.144070
2025-04-10T16:00:00+02:00,0.197104
2025-04-10T17:00:00+02:00,0.221377
2025-04-10T18:00:00+02:00,0.254337
2025-04-10T19:00:00+02:00,0.302580
2025-04-10T20:00:00+02:00,0.302955
2025-04-10T21:00:00+02:00,0.257447
2025-04-10T22:00:00+02:00,0.249885
2025-04-10T23:00:00+02:00,0.248287
2025-04-11T00:00:00+02:00,0.259020
2025-04-11T01:00:00+02:00,0.245831
2025-04-11T02:00:00+02:00,0.250550
2025-04-11T03:00:00+02:00,0.233973
2025-04-11T04:00:00+02:00,0.233610
2025-04-11T05:00:00+02:00,0.245831
2025-04-11T06:00:00+02:00,0.254083
2025-04-11T07:00:00+02:00,0.283317
2025-04-11T08:00:00+02:00,0.301588
2025-04-11T09:00:00+02:00,0.278380
2025-04-11T10:00:00+02:00,0.167121
2025-04-11T11:00:00+02:00,0.140440
2025-04-11T12:00:00+02:00,0.135915
2025-04-11T13:00:00+02:00,0.132188
2025-04-11T14:00:00+02:00,0.136701
2025-04-11T15:00:00+02:00,0.142739
2025-04-11T16:00:00+02:00,0.142279
2025-04-11T17:00:00+02:00,0.219622
2025-04-11T18:00:00+02:00,0.267127
2025-04-11T19:00:00+02:00,0.296893
2025-04-11T20:00:00+02:00,0.321275
2025-04-11T21:00:00+02:00,0.294110
2025-04-11T22:00:00+02:00,0.279239
2025-04-11T23:00:00+02:00,0.264634
2025-04-12T00:00:00+02:00,0.266195
2025-04-12T01:00:00+02:00,0.261960
2025-04-12T02:00:00+02:00,0.258270
2025-04-12T03:00:00+02:00,0.250659
2025-04-12T04:00:00+02:00,0.250707
2025-04-12T05:00:00+02:00,0.250683
2025-04-12T06:00:00+02:00,0.256007
2025-04-12T07:00:00+02:00,0.251917
2025-04-12T08:00:00+02:00,0.252111
2025-04-12T09:00:00+02:00,0.217928
2025-04-12T10:00:00+02:00,0.167290
2025-04-12T11:00:00+02:00,0.142860
2025-04-12T12:00:00+02:00,0.120415
2025-04-12T13:00:00+02:00,0.080497
2025-04-12T14:00:00+02:00,0.065674
2025-04-12T15:00:00+02:00,0.104975
2025-04-12T16:00:00+02:00,0.142787
2025-04-12T17:00:00+02:00,0.207401
2025-04-12T18:00:00+02:00,0.262469
2025-04-12T19:00:00+02:00,0.305242
2025-04-12T20:00:00+02:00,0.284987
2025-04-12T21:00:00+02:00,0.250840
2025-04-12T22:00:00+02:00,0.242080
2025-04-12T23:00:00+02:00,0.227439
2025-04-13T00:00:00+02:00,0.220288
2025-04-13T01:00:00+02:00,0.210620
2025-04-13T02:00:00+02:00,0.194116
2025-04-13T03:00:00+02:00,0.178555
2025-04-13T04:00:00+02:00,0.185089
2025-04-13T05:00:00+02:00,0.185089
2025-04-13T06:00:00+02:00,0.181883
2025-04-13T07:00:00+02:00,0.176438
2025-04-13T08:00:00+02:00,0.184605
2025-04-13T09:00:00+02:00,0.153060
2025-04-13T10:00:00+02:00,0.142860
2025-04-13T11:00:00+02:00,0.142836
2025-04-13T12:00:00+02:00,0.140440
2025-04-13T13:00:00+02:00,0.120064
2025-04-13T14:00:00+02:00,0.112150
2025-04-13T15:00:00+02:00,0.130845
2025-04-13T16:00:00+02:00,0.142848
2025-04-13T17:00:00+02:00,0.162644
2025-04-13T18:00:00+02:00,0.251784
2025-04-13T19:00:00+02:00,0.275440
2025-04-13T20:00:00+02:00,0.279275
2025-04-13T21:00:00+02:00,0.272282
2025-04-13T22:00:00+02:00,0.261017
2025-04-13T23:00:00+02:00,0.251760
2025-04-14T00:00:00+02:00,0.241608
2025-04-14T01:00:00+02:00,0.237228
2025-04-14T02:00:00+02:00,0.236647
2025-04-14T03:00:00+02:00,0.236696
2025-04-14T04:00:00+02:00,0.238753
2025-04-14T05:00:00+02:00,0.250163
2025-04-14T06:00:00+02:00,0.281514
2025-04-14T07:00:00+02:00,0.324989
2025-04-14T08:00:00+02:00,0.316737
2025-04-14T09:00:00+02:00,0.263933
2025-04-14T10:00:00+02:00,0.245831
2025-04-14T11:00:00+02:00,0.227560
2025-04-14T12:00:00+02:00,0.216476
2025-04-14T13:00:00+02:00,0.211298
2025-04-14T14:00:00+02:00,0.211249
2025-04-14T15:00:00+02:00,0.223252
2025-04-14T16:00:00+02:00,0.235498
2025-04-14T17:00:00+02:00,0.250405
2025-04-14T18:00:00+02:00,0.273903
2025-04-14T19:00:00+02:00,0.360660
2025-04-14T20:00:00+02:00,0.322739
2025-04-14T21:00:00+02:00,0.261210
2025-04-14T22:00:00+02:00,0.236865
2025-04-14T23:00:00+02:00,0.234820
2025-04-15T00:00:00+02:00,0.238329
2025-04-15T01:00:00+02:00,0.232400
2025-04-15T02:00:00+02:00,0.227439
2025-04-15T03:00:00+02:00,0.227560
2025-04-15T04:00:00+02:00,0.223083
2025-04-15T05:00:00+02:00,0.221510
2025-04-15T06:00:00+02:00,0.236490
2025-04-15T07:00:00+02:00,0.254906
2025-04-15T08:00:00+02:00,0.260230
2025-04-15T09:00:00+02:00,0.225104
2025-04-15T10:00:00+02:00,0.202065
2025-04-15T11:00:00+02:00,0.146393
2025-04-15T12:00:00+02:00,0.144760
2025-04-15T13:00:00+02:00,0.142860
2025-04-15T14:00:00+02:00,0.146139
2025-04-15T15:00:00+02:00,0.197141
2025-04-15T16:00:00+02:00,0.237240
2025-04-15T17:00:00+02:00,0.254180
2025-04-15T18:00:00+02:00,0.264308
2025-04-15T19:00:00+02:00,0.295175
2025-04-15T20:00:00+02:00,0.303996
2025-04-15T21:00:00+02:00,0.271072
2025-04-15T22:00:00+02:00,0.259649
2025-04-15T23:00:00+02:00,0.250332
2025-04-16T00:00:00+02:00,0.246194
2025-04-16T01:00:00+02:00,0.237821
2025-04-16T02:00:00+02:00,0.237603
2025-04-16T03:00:00+02:00,0.228250
2025-04-16T04:00:00+02:00,0.227524
2025-04-16T05:00:00+02:00,0.238402
2025-04-16T06:00:00+02:00,0.265675
2025-04-16T07:00:00+02:00,0.293469
2025-04-16T08:00:00+02:00,0.275887
2025-04-16T09:00:00+02:00,0.255814
2025-04-16T10:00:00+02:00,0.237216
2025-04-16T11:00:00+02:00,0.217517
2025-04-16T12:00:00+02:00,0.183359
2025-04-16T13:00:00+02:00,0.168681
2025-04-16T14:00:00+02:00,0.173219
2025-04-16T15:00:00+02:00,0.209410
2025-04-16T16:00:00+02:00,0.225140
2025-04-16T17:00:00+02:00,0.250550
2025-04-16T18:00:00+02:00,0.281853
2025-04-16T19:00:00+02:00,0.319520
2025-04-16T20:00:00+02:00,0.308533
2025-04-16T21:00:00+02:00,0.287842
2025-04-16T22:00:00+02:00,0.275065
2025-04-16T23:00:00+02:00,0.262154
2025-04-17T00:00:00+02:00,0.250538
2025-04-17T01:00:00+02:00,0.244488
2025-04-17T02:00:00+02:00,0.241681
2025-04-17T03:00:00+02:00,0.239745
2025-04-17T04:00:00+02:00,0.241209
2025-04-17T05:00:00+02:00,0.248650
2025-04-17T06:00:00+02:00,0.269983
2025-04-17T07:00:00+02:00,0.290879
2025-04-17T08:00:00+02:00,0.301249
2025-04-17T09:00:00+02:00,0.288181
2025-04-17T10:00:00+02:00,0.270745
2025-04-17T11:00:00+02:00,0.243447
2025-04-17T12:00:00+02:00,0.239708
2025-04-17T13:00:00+02:00,0.238886
2025-04-17T14:00:00+02:00,0.237361
2025-04-17T15:00:00+02:00,0.236817
2025-04-17T16:00:00+02:00,0.248130
2025-04-17T17:00:00+02:00,0.257266
2025-04-17T18:00:00+02:00,0.276880
2025-04-17T19:00:00+02:00,0.295284
2025-04-17T20:00:00+02:00,0.288508
2025-04-17T21:00:00+02:00,0.285398
2025-04-17T22:00:00+02:00,0.262529
2025-04-17T23:00:00+02:00,0.259347
2025-04-18T00:00:00+02:00,0.263146
2025-04-18T01:00:00+02:00,0.249340
2025-04-18T02:00:00+02:00,0.249340
2025-04-18T03:00:00+02:00,0.244500
2025-04-18T04:00:00+02:00,0.239273
2025-04-18T05:00:00+02:00,0.233489
2025-04-18T06:00:00+02:00,0.239660
2025-04-18T07:00:00+02:00,0.259867
2025-04-18T08:00:00+02:00,0.273540
2025-04-18T09:00:00+02:00,0.266994
2025-04-18T10:00:00+02:00,0.255245
2025-04-18T11:00:00+02:00,0.237228
2025-04-18T12:00:00+02:00,0.227475
2025-04-18T13:00:00+02:00,0.209991
2025-04-18T14:00:00+02:00,0.206966
2025-04-18T15:00:00+02:00,0.209434
2025-04-18T16:00:00+02:00,0.222490
2025-04-18T17:00:00+02:00,0.243714
2025-04-18T18:00:00+02:00,0.262940
2025-04-18T19:00:00+02:00,0.286765
2025-04-18T20:00:00+02:00,0.289984
2025-04-18T21:00:00+02:00,0.278090
2025-04-18T22:00:00+02:00,0.263316
2025-04-18T23:00:00+02:00,0.251760
2025-04-19T00:00:00+02:00,0.241415
2025-04-19T01:00:00+02:00,0.232860
2025-04-19T02:00:00+02:00,0.237966
2025-04-19T03:00:00+02:00,0.235074
2025-04-19T04:00:00+02:00,0.238353
2025-04-19T05:00:00+02:00,0.243351
2025-04-19T06:00:00+02:00,0.249764
2025-04-19T07:00:00+02:00,0.245625
2025-04-19T08:00:00+02:00,0.237712
2025-04-19T09:00:00+02:00,0.228238
2025-04-19T10:00:00+02:00,0.177357
2025-04-19T11:00:00+02:00,0.148353
2025-04-19T12:00:00+02:00,0.142860
2025-04-19T13:00:00+02:00,0.136036
2025-04-19T14:00:00+02:00,0.128618
2025-04-19T15:00:00+02:00,0.140924
2025-04-19T16:00:00+02:00,0.143102
2025-04-19T17:00:00+02:00,0.210802
2025-04-19T18:00:00+02:00,0.255281
2025-04-19T19:00:00+02:00,0.280776
2025-04-19T20:00:00+02:00,0.296143
2025-04-19T21:00:00+02:00,0.287939
2025-04-19T22:00:00+02:00,0.268579
2025-04-19T23:00:00+02:00,0.257096
2025-04-20T00:00:00+02:00,0.261440
2025-04-20T01:00:00+02:00,0.252668
2025-04-20T02:00:00+02:00,0.267901
2025-04-20T03:00:00+02:00,0.259020
2025-04-20T04:00:00+02:00,0.264223
2025-04-20T05:00:00+02:00,0.292646
2025-04-20T06:00:00+02:00,0.292247
2025-04-20T07:00:00+02:00,0.271108
2025-04-20T08:00:00+02:00,0.255608
2025-04-20T09:00:00+02:00,0.166455
2025-04-20T10:00:00+02:00,0.142836
2025-04-20T11:00:00+02:00,0.131873
2025-04-20T12:00:00+02:00,0.106560
2025-04-20T13:00:00+02:00,0.072801
2025-04-20T14:00:00+02:00,0.109706
2025-04-20T15:00:00+02:00,0.136629
2025-04-20T16:00:00+02:00,0.142860
2025-04-20T17:00:00+02:00,0.241306
2025-04-20T18:00:00+02:00,0.272100
2025-04-20T19:00:00+02:00,0.296433
2025-04-20T20:00:00+02:00,0.318250
2025-04-20T21:00:00+02:00,0.319508
2025-04-20T22:00:00+02:00,0.291073
2025-04-20T23:00:00+02:00,0.275972
2025-04-21T00:00:00+02:00,0.276722
2025-04-21T01:00:00+02:00,0.258330
2025-04-21T02:00:00+02:00,0.262190
2025-04-21T03:00:00+02:00,0.263860
2025-04-21T04:00:00+02:00,0.261416
2025-04-21T05:00:00+02:00,0.263860
2025-04-21T06:00:00+02:00,0.264647
2025-04-21T07:00:00+02:00,0.257387
2025-04-21T08:00:00+02:00,0.253333
2025-04-21T09:00:00+02:00,0.255039
2025-04-21T10:00:00+02:00,0.225237
2025-04-21T11:00:00+02:00,0.191260
2025-04-21T12:00:00+02:00,0.161639
2025-04-21T13:00:00+02:00,0.153641
2025-04-21T14:00:00+02:00,0.152976
2025-04-21T15:00:00+02:00,0.155408
2025-04-21T16:00:00+02:00,0.211056
2025-04-21T17:00:00+02:00,0.264066
2025-04-21T18:00:00+02:00,0.269148
2025-04-21T19:00:00+02:00,0.291823
2025-04-21T20:00:00+02:00,0.312260
2025-04-21T21:00:00+02:00,0.302701
2025-04-21T22:00:00+02:00,0.291412
2025-04-21T23:00:00+02:00,0.272487
2025-04-22T00:00:00+02:00,0.258621
2025-04-22T01:00:00+02:00,0.249824
2025-04-22T02:00:00+02:00,0.248106
2025-04-22T03:00:00+02:00,0.245250
2025-04-22T04:00:00+02:00,0.244367
2025-04-22T05:00:00+02:00,0.257919
2025-04-22T06:00:00+02:00,0.284914
2025-04-22T07:00:00+02:00,0.319689
2025-04-22T08:00:00+02:00,0.320730
2025-04-22T09:00:00+02:00,0.279009
2025-04-22T10:00:00+02:00,0.261827
2025-04-22T11:00:00+02:00,0.252740
2025-04-22T12:00:00+02:00,0.241378
2025-04-22T13:00:00+02:00,0.227270
2025-04-22T14:00:00+02:00,0.227971
2025-04-22T15:00:00+02:00,0.237785
2025-04-22T16:00:00+02:00,0.242080
2025-04-22T17:00:00+02:00,0.259383
2025-04-22T18:00:00+02:00,0.281889
2025-04-22T19:00:00+02:00,0.359111
2025-04-22T20:00:00+02:00,0.449414
2025-04-22T21:00:00+02:00,0.333713
2025-04-22T22:00:00+02:00,0.289270
2025-04-22T23:00:00+02:00,0.272923
2025-04-23T00:00:00+02:00,0.265941
2025-04-23T01:00:00+02:00,0.256818
2025-04-23T02:00:00+02:00,0.253841
2025-04-23T03:00:00+02:00,0.252147
2025-04-23T04:00:00+02:00,0.256491
2025-04-23T05:00:00+02:00,0.263618
2025-04-23T06:00:00+02:00,0.302350
2025-04-23T07:00:00+02:00,0.324481
2025-04-23T08:00:00+02:00,0.301055
2025-04-23T09:00:00+02:00,0.267986
2025-04-23T10:00:00+02:00,0.254180
2025-04-23T11:00:00+02:00,0.257072
2025-04-23T12:00:00+02:00,0.240918
2025-04-23T13:00:00+02:00,0.243568
2025-04-23T14:00:00+02:00,0.245795
2025-04-23T15:00:00+02:00,0.253333
2025-04-23T16:00:00+02:00,0.256600
2025-04-23T17:00:00+02:00,0.267345
2025-04-23T18:00:00+02:00,0.290359
2025-04-23T19:00:00+02:00,0.321928
2025-04-23T20:00:00+02:00,0.317741
2025-04-23T21:00:00+02:00,0.293578
2025-04-23T22:00:00+02:00,0.273262
2025-04-23T23:00:00+02:00,0.257084
2025-04-24T00:00:00+02:00,0.254664
2025-04-24T01:00:00+02:00,0.247997
2025-04-24T02:00:00+02:00,0.245783
2025-04-24T03:00:00+02:00,0.245153
2025-04-24T04:00:00+02:00,0.241669
2025-04-24T05:00:00+02:00,0.249207
2025-04-24T06:00:00+02:00,0.263860
2025-04-24T07:00:00+02:00,0.280885
2025-04-24T08:00:00+02:00,0.284987
2025-04-24T09:00:00+02:00,0.274859
2025-04-24T10:00:00+02:00,0.259831
2025-04-24T11:00:00+02:00,0.256056
2025-04-24T12:00:00+02:00,0.241487
2025-04-24T13:00:00+02:00,0.238111
2025-04-24T14:00:00+02:00,0.236091
2025-04-24T15:00:00+02:00,0.235510
2025-04-24T16:00:00+02:00,0.239902
2025-04-24T17:00:00+02:00,0.251712
2025-04-24T18:00:00+02:00,0.261646
2025-04-24T19:00:00+02:00,0.277049
2025-04-24T20:00:00+02:00,0.287334
2025-04-24T21:00:00+02:00,0.281381
2025-04-24T22:00:00+02:00,0.271761
2025-04-24T23:00:00+02:00,0.255511
2025-04-25T00:00:00+02:00,0.250102
2025-04-25T01:00:00+02:00,0.240326
2025-04-25T02:00:00+02:00,0.240338
2025-04-25T03:00:00+02:00,0.240205
2025-04-25T04:00:00+02:00,0.242455
2025-04-25T05:00:00+02:00,0.253708
2025-04-25T06:00:00+02:00,0.267417
2025-04-25T07:00:00+02:00,0.280062
2025-04-25T08:00:00+02:00,0.279651
2025-04-25T09:00:00+02:00,0.263146
2025-04-25T10:00:00+02:00,0.255789
2025-04-25T11:00:00+02:00,0.241657
2025-04-25T12:00:00+02:00,0.221498
2025-04-25T13:00:00+02:00,0.198496
2025-04-25T14:00:00+02:00,0.188538
2025-04-25T15:00:00+02:00,0.206700
2025-04-25T16:00:00+02:00,0.221389
2025-04-25T17:00:00+02:00,0.242080
2025-04-25T18:00:00+02:00,0.259867
2025-04-25T19:00:00+02:00,0.281950
2025-04-25T20:00:00+02:00,0.295308
2025-04-25T21:00:00+02:00,0.275512
2025-04-25T22:00:00+02:00,0.264308
2025-04-25T23:00:00+02:00,0.254289
2025-04-26T00:00:00+02:00,0.258742
2025-04-26T01:00:00+02:00,0.249062
2025-04-26T02:00:00+02:00,0.246376
2025-04-26T03:00:00+02:00,0.245444
2025-04-26T04:00:00+02:00,0.244585
2025-04-26T05:00:00+02:00,0.247634
2025-04-26T06:00:00+02:00,0.252668
2025-04-26T07:00:00+02:00,0.250054
2025-04-26T08:00:00+02:00,0.247174
2025-04-26T09:00:00+02:00,0.184545
2025-04-26T10:00:00+02:00,0.145946
2025-04-26T11:00:00+02:00,0.142848
2025-04-26T12:00:00+02:00,0.126682
2025-04-26T13:00:00+02:00,0.111158
2025-04-26T14:00:00+02:00,0.122544
2025-04-26T15:00:00+02:00,0.140246
2025-04-26T16:00:00+02:00,0.142836
2025-04-26T17:00:00+02:00,0.180358
2025-04-26T18:00:00+02:00,0.238281
2025-04-26T19:00:00+02:00,0.263800
2025-04-26T20:00:00+02:00,0.281865
2025-04-26T21:00:00+02:00,0.270624
2025-04-26T22:00:00+02:00,0.263860
2025-04-26T23:00:00+02:00,0.265723
2025-04-27T00:00:00+02:00,0.278162
2025-04-27T01:00:00+02:00,0.258536
2025-04-27T02:00:00+02:00,0.258536
2025-04-27T03:00:00+02:00,0.258536
2025-04-27T04:00:00+02:00,0.258536
2025-04-27T05:00:00+02:00,0.245710
2025-04-27T06:00:00+02:00,0.239382
2025-04-27T07:00:00+02:00,0.227439
2025-04-27T08:00:00+02:00,0.191139
2025-04-27T09:00:00+02:00,0.142908
2025-04-27T10:00:00+02:00,0.139230
2025-04-27T11:00:00+02:00,0.077520
2025-04-27T12:00:00+02:00,-0.035276
2025-04-27T13:00:00+02:00,-0.086919
2025-04-27T14:00:00+02:00,-0.038640
2025-04-27T15:00:00+02:00,0.082384
2025-04-27T16:00:00+02:00,0.136604
2025-04-27T17:00:00+02:00,0.165064
2025-04-27T18:00:00+02:00,0.251433
2025-04-27T19:00:00+02:00,0.277642
2025-04-27T20:00:00+02:00,0.295320
2025-04-27T21:00:00+02:00,0.275960
2025-04-27T22:00:00+02:00,0.262650
2025-04-27T23:00:00+02:00,0.256068
2025-04-28T00:00:00+02:00,0.253091
2025-04-28T01:00:00+02:00,0.245831
2025-04-28T02:00:00+02:00,0.243411
2025-04-28T03:00:00+02:00,0.244851
2025-04-28T04:00:00+02:00,0.252752
2025-04-28T05:00:00+02:00,0.260339
2025-04-28T06:00:00+02:00,0.312260
2025-04-28T07:00:00+02:00,0.301479
2025-04-28T08:00:00+02:00,0.259976
2025-04-28T09:00:00+02:00,0.224378
2025-04-28T10:00:00+02:00,0.154960
2025-04-28T11:00:00+02:00,0.142848
2025-04-28T12:00:00+02:00,0.134620
2025-04-28T13:00:00+02:00,0.135721
2025-04-28T14:00:00+02:00,0.135382
2025-04-28T15:00:00+02:00,0.140997
2025-04-28T16:00:00+02:00,0.144965
2025-04-28T17:00:00+02:00,0.225951
2025-04-28T18:00:00+02:00,0.257810
2025-04-28T19:00:00+02:00,0.311958
2025-04-28T20:00:00+02:00,0.375712
2025-04-28T21:00:00+02:00,0.298744
2025-04-28T22:00:00+02:00,0.271120
2025-04-28T23:00:00+02:00,0.259214
2025-04-29T00:00:00+02:00,0.251119
2025-04-29T01:00:00+02:00,0.245807
2025-04-29T02:00:00+02:00,0.240035
2025-04-29T03:00:00+02:00,0.236804
2025-04-29T04:00:00+02:00,0.235752
2025-04-29T05:00:00+02:00,0.245928
2025-04-29T06:00:00+02:00,0.271410
2025-04-29T07:00:00+02:00,0.278949
2025-04-29T08:00:00+02:00,0.263836
2025-04-29T09:00:00+02:00,0.237240
2025-04-29T10:00:00+02:00,0.153629
2025-04-29T11:00:00+02:00,0.142860
2025-04-29T12:00:00+02:00,0.141940
2025-04-29T13:00:00+02:00,0.140561
2025-04-29T14:00:00+02:00,0.140839
2025-04-29T15:00:00+02:00,0.142848
2025-04-29T16:00:00+02:00,0.158433
2025-04-29T17:00:00+02:00,0.232158
2025-04-29T18:00:00+02:00,0.260629
2025-04-29T19:00:00+02:00,0.294110
2025-04-29T20:00:00+02:00,0.333871
2025-04-29T21:00:00+02:00,0.299083
2025-04-29T22:00:00+02:00,0.271761
2025-04-29T23:00:00+02:00,0.259625
2025-04-30T00:00:00+02:00,0.257810
2025-04-30T01:00:00+02:00,0.251651
2025-04-30T02:00:00+02:00,0.246303
2025-04-30T03:00:00+02:00,0.247852
2025-04-30T04:00:00+02:00,0.250163
2025-04-30T05:00:00+02:00,0.256334
2025-04-30T06:00:00+02:00,0.282337
2025-04-30T07:00:00+02:00,0.288423
2025-04-30T08:00:00+02:00,0.263739
2025-04-30T09:00:00+02:00,0.249110
2025-04-30T10:00:00+02:00,0.151427
2025-04-30T11:00:00+02:00,0.142860
2025-04-30T12:00:00+02:00,0.141650
2025-04-30T13:00:00+02:00,0.135346
2025-04-30T14:00:00+02:00,0.139230
2025-04-30T15:00:00+02:00,0.142836
2025-04-30T16:00:00+02:00,0.163757
2025-04-30T17:00:00+02:00,0.235038
2025-04-30T18:00:00+02:00,0.262650
2025-04-30T19:00:00+02:00,0.294594
2025-04-30T20:00:00+02:00,0.356340
2025-04-30T21:00:00+02:00,0.297740
2025-04-30T22:00:00+02:00,0.273552
2025-04-30T23:00:00+02:00,0.260871
2025-05-01T00:00:00+02:00,0.255330
2025-05-01T01:00:00+02:00,0.248675
2025-05-01T02:00:00+02:00,0.246835
2025-05-01T03:00:00+02:00,0.247694
2025-05-01T04:00:00+02:00,0.246799
2025-05-01T05:00:00+02:00,0.240507
2025-05-01T06:00:00+02:00,0.248433
2025-05-01T07:00:00+02:00,0.248626
2025-05-01T08:00:00+02:00,0.245928
2025-05-01T09:00:00+02:00,0.142860
2025-05-01T10:00:00+02:00,0.139230
2025-05-01T11:00:00+02:00,0.094339
2025-05-01T12:00:00+02:00,0.012095
2025-05-01T13:00:00+02:00,-0.029468
2025-05-01T14:00:00+02:00,-0.000041
2025-05-01T15:00:00+02:00,0.082372
2025-05-01T16:00:00+02:00,0.136604
2025-05-01T17:00:00+02:00,0.198810
2025-05-01T18:00:00+02:00,0.259226
2025-05-01T19:00:00+02:00,0.300003
2025-05-01T20:00:00+02:00,0.342607
2025-05-01T21:00:00+02:00,0.296167
2025-05-01T22:00:00+02:00,0.269741
2025-05-01T23:00:00+02:00,0.252837
2025-05-02T00:00:00+02:00,0.259020
2025-05-02T01:00:00+02:00,0.254422
2025-05-02T02:00:00+02:00,0.242080
2025-05-02T03:00:00+02:00,0.229423
2025-05-02T04:00:00+02:00,0.225963
2025-05-02T05:00:00+02:00,0.227560
2025-05-02T06:00:00+02:00,0.249824
2025-05-02T07:00:00+02:00,0.267369
2025-05-02T08:00:00+02:00,0.256298
2025-05-02T09:00:00+02:00,0.235292
2025-05-02T10:00:00+02:00,0.143889
2025-05-02T11:00:00+02:00,0.142848
2025-05-02T12:00:00+02:00,0.141892
2025-05-02T13:00:00+02:00,0.139230
2025-05-02T14:00:00+02:00,0.138020
2025-05-02T15:00:00+02:00,0.142763
2025-05-02T16:00:00+02:00,0.143223
2025-05-02T17:00:00+02:00,0.217202
2025-05-02T18:00:00+02:00,0.258028
2025-05-02T19:00:00+02:00,0.273516
2025-05-02T20:00:00+02:00,0.312684
2025-05-02T21:00:00+02:00,0.285313
2025-05-02T22:00:00+02:00,0.267805
2025-05-02T23:00:00+02:00,0.255148
2025-05-03T00:00:00+02:00,0.256285
2025-05-03T01:00:00+02:00,0.250550
2025-05-03T02:00:00+02:00,0.250211
2025-05-03T03:00:00+02:00,0.254725
2025-05-03T04:00:00+02:00,0.258342
2025-05-03T05:00:00+02:00,0.260472
2025-05-03T06:00:00+02:00,0.265844
2025-05-03T07:00:00+02:00,0.260666
2025-05-03T08:00:00+02:00,0.246751
2025-05-03T09:00:00+02:00,0.159231
2025-05-03T10:00:00+02:00,0.142872
2025-05-03T11:00:00+02:00,0.142848
2025-05-03T12:00:00+02:00,0.141456
2025-05-03T13:00:00+02:00,0.139182
2025-05-03T14:00:00+02:00,0.139605
2025-05-03T15:00:00+02:00,0.142824
2025-05-03T16:00:00+02:00,0.142860
2025-05-03T17:00:00+02:00,0.175421
2025-05-03T18:00:00+02:00,0.215581
2025-05-03T19:00:00+02:00,0.232666
2025-05-03T20:00:00+02:00,0.247259
2025-05-03T21:00:00+02:00,0.246158
2025-05-03T22:00:00+02:00,0.255330
2025-05-03T23:00:00+02:00,0.246920
2025-05-04T00:00:00+02:00,0.215400
2025-05-04T01:00:00+02:00,0.197189
2025-05-04T02:00:00+02:00,0.183274
2025-05-04T03:00:00+02:00,0.169008
2025-05-04T04:00:00+02:00,0.167084
2025-05-04T05:00:00+02:00,0.161712
2025-05-04T06:00:00+02:00,0.159340
2025-05-04T07:00:00+02:00,0.152334
2025-05-04T08:00:00+02:00,0.146405
2025-05-04T09:00:00+02:00,0.142860
2025-05-04T10:00:00+02:00,0.142848
2025-05-04T11:00:00+02:00,0.142848
2025-05-04T12:00:00+02:00,0.142836
2025-05-04T13:00:00+02:00,0.140440
2025-05-04T14:00:00+02:00,0.136798
2025-05-04T15:00:00+02:00,0.140936
2025-05-04T16:00:00+02:00,0.142848
2025-05-04T17:00:00+02:00,0.153677
2025-05-04T18:00:00+02:00,0.231480
2025-05-04T19:00:00+02:00,0.251760
2025-05-04T20:00:00+02:00,0.269874
2025-05-04T21:00:00+02:00,0.285882
2025-05-04T22:00:00+02:00,0.269656
2025-05-04T23:00:00+02:00,0.244936
2025-05-05T00:00:00+02:00,0.243956
2025-05-05T01:00:00+02:00,0.228419
2025-05-05T02:00:00+02:00,0.241596
2025-05-05T03:00:00+02:00,0.246448
2025-05-05T04:00:00+02:00,0.242080
2025-05-05T05:00:00+02:00,0.251518
2025-05-05T06:00:00+02:00,0.284599
2025-05-05T07:00:00+02:00,0.284370
2025-05-05T08:00:00+02:00,0.263255
2025-05-05T09:00:00+02:00,0.240785
2025-05-05T10:00:00+02:00,0.227717
2025-05-05T11:00:00+02:00,0.208043
2025-05-05T12:00:00+02:00,0.148789
2025-05-05T13:00:00+02:00,0.140440
2025-05-05T14:00:00+02:00,0.140440
2025-05-05T15:00:00+02:00,0.140924
2025-05-05T16:00:00+02:00,0.144070
2025-05-05T17:00:00+02:00,0.235498
2025-05-05T18:00:00+02:00,0.247561
2025-05-05T19:00:00+02:00,0.277836
2025-05-05T20:00:00+02:00,0.263860
2025-05-05T21:00:00+02:00,0.286850
2025-05-05T22:00:00+02:00,0.267647
2025-05-05T23:00:00+02:00,0.251070
2025-05-06T00:00:00+02:00,0.242637
2025-05-06T01:00:00+02:00,0.241366
2025-05-06T02:00:00+02:00,0.246920
2025-05-06T03:00:00+02:00,0.245541
2025-05-06T04:00:00+02:00,0.242310
2025-05-06T05:00:00+02:00,0.253769
2025-05-06T06:00:00+02:00,0.276202
2025-05-06T07:00:00+02:00,0.294570
2025-05-06T08:00:00+02:00,0.272028
2025-05-06T09:00:00+02:00,0.254180
2025-05-06T10:00:00+02:00,0.222720
2025-05-06T11:00:00+02:00,0.205937
2025-05-06T12:00:00+02:00,0.188041
2025-05-06T13:00:00+02:00,0.181774
2025-05-06T14:00:00+02:00,0.189772
2025-05-06T15:00:00+02:00,0.210910
2025-05-06T16:00:00+02:00,0.220082
2025-05-06T17:00:00+02:00,0.237942
2025-05-06T18:00:00+02:00,0.255801
2025-05-06T19:00:00+02:00,0.292356
2025-05-06T20:00:00+02:00,0.345765
2025-05-06T21:00:00+02:00,0.312381
2025-05-06T22:00:00+02:00,0.291448
2025-05-06T23:00:00+02:00,0.266328
2025-05-07T00:00:00+02:00,0.249582
2025-05-07T01:00:00+02:00,0.242854
2025-05-07T02:00:00+02:00,0.241814
2025-05-07T03:00:00+02:00,0.246109
2025-05-07T04:00:00+02:00,0.260557
2025-05-07T05:00:00+02:00,0.278985
2025-05-07T06:00:00+02:00,0.309259
2025-05-07T07:00:00+02:00,0.317040
2025-05-07T08:00:00+02:00,0.300354
2025-05-07T09:00:00+02:00,0.260061
2025-05-07T10:00:00+02:00,0.237978
2025-05-07T11:00:00+02:00,0.223156
2025-05-07T12:00:00+02:00,0.212072
2025-05-07T13:00:00+02:00,0.211080
2025-05-07T14:00:00+02:00,0.215339
2025-05-07T15:00:00+02:00,0.223736
2025-05-07T16:00:00+02:00,0.231142
2025-05-07T17:00:00+02:00,0.245347
2025-05-07T18:00:00+02:00,0.263763
2025-05-07T19:00:00+02:00,0.287540
2025-05-07T20:00:00+02:00,0.325570
2025-05-07T21:00:00+02:00,0.296578
2025-05-07T22:00:00+02:00,0.270624
2025-05-07T23:00:00+02:00,0.255523
2025-05-08T00:00:00+02:00,0.253684
2025-05-08T01:00:00+02:00,0.248844
2025-05-08T02:00:00+02:00,0.248614
2025-05-08T03:00:00+02:00,0.249727
2025-05-08T04:00:00+02:00,0.259129
2025-05-08T05:00:00+02:00,0.274593
2025-05-08T06:00:00+02:00,0.292973
2025-05-08T07:00:00+02:00,0.310965
2025-05-08T08:00:00+02:00,0.298212
2025-05-08T09:00:00+02:00,0.259371
2025-05-08T10:00:00+02:00,0.242020
2025-05-08T11:00:00+02:00,0.219078
2025-05-08T12:00:00+02:00,0.208261
2025-05-08T13:00:00+02:00,0.203360
2025-05-08T14:00:00+02:00,0.210620
2025-05-08T15:00:00+02:00,0.222684
2025-05-08T16:00:00+02:00,0.234276
2025-05-08T17:00:00+02:00,0.241185
2025-05-08T18:00:00+02:00,0.259940
2025-05-08T19:00:00+02:00,0.296772
2025-05-08T20:00:00+02:00,0.367545
2025-05-08T21:00:00+02:00,0.321783
2025-05-08T22:00:00+02:00,0.276831
2025-05-08T23:00:00+02:00,0.266752
2025-05-09T00:00:00+02:00,0.268277
2025-05-09T01:00:00+02:00,0.252825
2025-05-09T02:00:00+02:00,0.249739
2025-05-09T03:00:00+02:00,0.251349
2025-05-09T04:00:00+02:00,0.262650
2025-05-09T05:00:00+02:00,0.274835
2025-05-09T06:00:00+02:00,0.313470
2025-05-09T07:00:00+02:00,0.309695
2025-05-09T08:00:00+02:00,0.272596
2025-05-09T09:00:00+02:00,0.236671
2025-05-09T10:00:00+02:00,0.198738
2025-05-09T11:00:00+02:00,0.142981
2025-05-09T12:00:00+02:00,0.142207
2025-05-09T13:00:00+02:00,0.142824
2025-05-09T14:00:00+02:00,0.142848
2025-05-09T15:00:00+02:00,0.142618
2025-05-09T16:00:00+02:00,0.198532
2025-05-09T17:00:00+02:00,0.227608
2025-05-09T18:00:00+02:00,0.255693
2025-05-09T19:00:00+02:00,0.287685
2025-05-09T20:00:00+02:00,0.327458
2025-05-09T21:00:00+02:00,0.310844
2025-05-09T22:00:00+02:00,0.279578
2025-05-09T23:00:00+02:00,0.261513
2025-05-10T00:00:00+02:00,0.283220
2025-05-10T01:00:00+02:00,0.260133
2025-05-10T02:00:00+02:00,0.255233
2025-05-10T03:00:00+02:00,0.258657
2025-05-10T04:00:00+02:00,0.265651
2025-05-10T05:00:00+02:00,0.264429
2025-05-10T06:00:00+02:00,0.261222
2025-05-10T07:00:00+02:00,0.259601
2025-05-10T08:00:00+02:00,0.233598
2025-05-10T09:00:00+02:00,0.152891
2025-05-10T10:00:00+02:00,0.142775
2025-05-10T11:00:00+02:00,0.115139
2025-05-10T12:00:00+02:00,0.058160
2025-05-10T13:00:00+02:00,-0.010931
2025-05-10T14:00:00+02:00,0.009022
2025-05-10T15:00:00+02:00,0.082965
2025-05-10T16:00:00+02:00,0.135709
2025-05-10T17:00:00+02:00,0.167266
2025-05-10T18:00:00+02:00,0.244500
2025-05-10T19:00:00+02:00,0.279832
2025-05-10T20:00:00+02:00,0.318479
2025-05-10T21:00:00+02:00,0.301660
2025-05-10T22:00:00+02:00,0.266764
2025-05-10T23:00:00+02:00,0.251228
2025-05-11T00:00:00+02:00,0.261198
2025-05-11T01:00:00+02:00,0.251663
2025-05-11T02:00:00+02:00,0.251833
2025-05-11T03:00:00+02:00,0.251421
2025-05-11T04:00:00+02:00,0.251143
2025-05-11T05:00:00+02:00,0.251107
2025-05-11T06:00:00+02:00,0.242491
2025-05-11T07:00:00+02:00,0.218146
2025-05-11T08:00:00+02:00,0.148862
2025-05-11T09:00:00+02:00,0.142739
2025-05-11T10:00:00+02:00,0.128328
2025-05-11T11:00:00+02:00,0.061282
2025-05-11T12:00:00+02:00,-0.243275
2025-05-11T13:00:00+02:00,-0.280640
2025-05-11T14:00:00+02:00,-0.220055
2025-05-11T15:00:00+02:00,0.009808
2025-05-11T16:00:00+02:00,0.120536
2025-05-11T17:00:00+02:00,0.142715
2025-05-11T18:00:00+02:00,0.236042
2025-05-11T19:00:00+02:00,0.278320
2025-05-11T20:00:00+02:00,0.293941
2025-05-11T21:00:00+02:00,0.282373
2025-05-11T22:00:00+02:00,0.261985
2025-05-11T23:00:00+02:00,0.245323
2025-05-12T00:00:00+02:00,0.241717
2025-05-12T01:00:00+02:00,0.236333
2025-05-12T02:00:00+02:00,0.236054
2025-05-12T03:00:00+02:00,0.236562
2025-05-12T04:00:00+02:00,0.240059
2025-05-12T05:00:00+02:00,0.253152
2025-05-12T06:00:00+02:00,0.291872
2025-05-12T07:00:00+02:00,0.297389
2025-05-12T08:00:00+02:00,0.271374
2025-05-12T09:00:00+02:00,0.218195
2025-05-12T10:00:00+02:00,0.140440
2025-05-12T11:00:00+02:00,0.135576
2025-05-12T12:00:00+02:00,0.089402
2025-05-12T13:00:00+02:00,0.073938
2025-05-12T14:00:00+02:00,0.084502
2025-05-12T15:00:00+02:00,0.129683
2025-05-12T16:00:00+02:00,0.138359
2025-05-12T17:00:00+02:00,0.220869
2025-05-12T18:00:00+02:00,0.258500
2025-05-12T19:00:00+02:00,0.300172
2025-05-12T20:00:00+02:00,0.347858
2025-05-12T21:00:00+02:00,0.285132
2025-05-12T22:00:00+02:00,0.265239
2025-05-12T23:00:00+02:00,0.252292
2025-05-13T00:00:00+02:00,0.248348
2025-05-13T01:00:00+02:00,0.245710
2025-05-13T02:00:00+02:00,0.245746
2025-05-13T03:00:00+02:00,0.253115
2025-05-13T04:00:00+02:00,0.256140
2025-05-13T05:00:00+02:00,0.261355
2025-05-13T06:00:00+02:00,0.300535
2025-05-13T07:00:00+02:00,0.295840
2025-05-13T08:00:00+02:00,0.266159
2025-05-13T09:00:00+02:00,0.234227
2025-05-13T10:00:00+02:00,0.162220
2025-05-13T11:00:00+02:00,0.141553
2025-05-13T12:00:00+02:00,0.130881
2025-05-13T13:00:00+02:00,0.116700
2025-05-13T14:00:00+02:00,0.133991
2025-05-13T15:00:00+02:00,0.137826
2025-05-13T16:00:00+02:00,0.142981
2025-05-13T17:00:00+02:00,0.226653
2025-05-13T18:00:00+02:00,0.260230
2025-05-13T19:00:00+02:00,0.293590
2025-05-13T20:00:00+02:00,0.400493
2025-05-13T21:00:00+02:00,0.322388
2025-05-13T22:00:00+02:00,0.278658
2025-05-13T23:00:00+02:00,0.262904
2025-05-14T00:00:00+02:00,0.260811
2025-05-14T01:00:00+02:00,0.251591
2025-05-14T02:00:00+02:00,0.249074
2025-05-14T03:00:00+02:00,0.249945
2025-05-14T04:00:00+02:00,0.257229
2025-05-14T05:00:00+02:00,0.266546
2025-05-14T06:00:00+02:00,0.298442
2025-05-14T07:00:00+02:00,0.291000
2025-05-14T08:00:00+02:00,0.265820
2025-05-14T09:00:00+02:00,0.225346
2025-05-14T10:00:00+02:00,0.142981
2025-05-14T11:00:00+02:00,0.139678
2025-05-14T12:00:00+02:00,0.109258
2025-05-14T13:00:00+02:00,0.090987
2025-05-14T14:00:00+02:00,0.087200
2025-05-14T15:00:00+02:00,0.121383
2025-05-14T16:00:00+02:00,0.140440
2025-05-14T17:00:00+02:00,0.177696
2025-05-14T18:00:00+02:00,0.245178
2025-05-14T19:00:00+02:00,0.271979
2025-05-14T20:00:00+02:00,0.339739
2025-05-14T21:00:00+02:00,0.303923
2025-05-14T22:00:00+02:00,0.274218
2025-05-14T23:00:00+02:00,0.258173
2025-05-15T00:00:00+02:00,0.260254
2025-05-15T01:00:00+02:00,0.249340
2025-05-15T02:00:00+02:00,0.242370
2025-05-15T03:00:00+02:00,0.241681
2025-05-15T04:00:00+02:00,0.245722
2025-05-15T05:00:00+02:00,0.257604
2025-05-15T06:00:00+02:00,0.287939
2025-05-15T07:00:00+02:00,0.297559
2025-05-15T08:00:00+02:00,0.279275
2025-05-15T09:00:00+02:00,0.256721
2025-05-15T10:00:00+02:00,0.153581
2025-05-15T11:00:00+02:00,0.142763
2025-05-15T12:00:00+02:00,0.131861
2025-05-15T13:00:00+02:00,0.106415
2025-05-15T14:00:00+02:00,0.106560
2025-05-15T15:00:00+02:00,0.120354
2025-05-15T16:00:00+02:00,0.140440
2025-05-15T17:00:00+02:00,0.142860
2025-05-15T18:00:00+02:00,0.226241
2025-05-15T19:00:00+02:00,0.262977
2025-05-15T20:00:00+02:00,0.301055
2025-05-15T21:00:00+02:00,0.294267
2025-05-15T22:00:00+02:00,0.281224
2025-05-15T23:00:00+02:00,0.264114
2025-05-16T00:00:00+02:00,0.257205
2025-05-16T01:00:00+02:00,0.249909
2025-05-16T02:00:00+02:00,0.245601
2025-05-16T03:00:00+02:00,0.245710
2025-05-16T04:00:00+02:00,0.250260
2025-05-16T05:00:00+02:00,0.270394
2025-05-16T06:00:00+02:00,0.286148
2025-05-16T07:00:00+02:00,0.289476
2025-05-16T08:00:00+02:00,0.277509
2025-05-16T09:00:00+02:00,0.227681
2025-05-16T10:00:00+02:00,0.152746
2025-05-16T11:00:00+02:00,0.141916
2025-05-16T12:00:00+02:00,0.138613
2025-05-16T13:00:00+02:00,0.130881
2025-05-16T14:00:00+02:00,0.118660
2025-05-16T15:00:00+02:00,0.124819
2025-05-16T16:00:00+02:00,0.139230
2025-05-16T17:00:00+02:00,0.217154
2025-05-16T18:00:00+02:00,0.249957
2025-05-16T19:00:00+02:00,0.265699
2025-05-16T20:00:00+02:00,0.328535
2025-05-16T21:00:00+02:00,0.323211
2025-05-16T22:00:00+02:00,0.285519
2025-05-16T23:00:00+02:00,0.269366
2025-05-17T00:00:00+02:00,0.254785
2025-05-17T01:00:00+02:00,0.257737
2025-05-17T02:00:00+02:00,0.254386
2025-05-17T03:00:00+02:00,0.251760
2025-05-17T04:00:00+02:00,0.251639
2025-05-17T05:00:00+02:00,0.251760
2025-05-17T06:00:00+02:00,0.253648
2025-05-17T07:00:00+02:00,0.253781
2025-05-17T08:00:00+02:00,0.210245
2025-05-17T09:00:00+02:00,0.143743
2025-05-17T10:00:00+02:00,0.142787
2025-05-17T11:00:00+02:00,0.137705
2025-05-17T12:00:00+02:00,0.136931
2025-05-17T13:00:00+02:00,0.130736
2025-05-17T14:00:00+02:00,0.129235
2025-05-17T15:00:00+02:00,0.135854
2025-05-17T16:00:00+02:00,0.141541
2025-05-17T17:00:00+02:00,0.148305
2025-05-17T18:00:00+02:00,0.225527
2025-05-17T19:00:00+02:00,0.261827
2025-05-17T20:00:00+02:00,0.280752
2025-05-17T21:00:00+02:00,0.309392
2025-05-17T22:00:00+02:00,0.302580
2025-05-17T23:00:00+02:00,0.265530
2025-05-18T00:00:00+02:00,0.272003
2025-05-18T01:00:00+02:00,0.265663
2025-05-18T02:00:00+02:00,0.262130
2025-05-18T03:00:00+02:00,0.260714
2025-05-18T04:00:00+02:00,0.261936
2025-05-18T05:00:00+02:00,0.261198
2025-05-18T06:00:00+02:00,0.254120
2025-05-18T07:00:00+02:00,0.248711
2025-05-18T08:00:00+02:00,0.246388
2025-05-18T09:00:00+02:00,0.162244
2025-05-18T10:00:00+02:00,0.142884
2025-05-18T11:00:00+02:00,0.142618
2025-05-18T12:00:00+02:00,0.140440
2025-05-18T13:00:00+02:00,0.133942
2025-05-18T14:00:00+02:00,0.124710
2025-05-18T15:00:00+02:00,0.132006
2025-05-18T16:00:00+02:00,0.142618
2025-05-18T17:00:00+02:00,0.154512
2025-05-18T18:00:00+02:00,0.246497
2025-05-18T19:00:00+02:00,0.260859
2025-05-18T20:00:00+02:00,0.285386
2025-05-18T21:00:00+02:00,0.297740
2025-05-18T22:00:00+02:00,0.282494
2025-05-18T23:00:00+02:00,0.263860
2025-05-19T00:00:00+02:00,0.276541
2025-05-19T01:00:00+02:00,0.262686
2025-05-19T02:00:00+02:00,0.255838
2025-05-19T03:00:00+02:00,0.251881
2025-05-19T04:00:00+02:00,0.252668
2025-05-19T05:00:00+02:00,0.266764
2025-05-19T06:00:00+02:00,0.297740
2025-05-19T07:00:00+02:00,0.309271
2025-05-19T08:00:00+02:00,0.282905
2025-05-19T09:00:00+02:00,0.252232
2025-05-19T10:00:00+02:00,0.220699
2025-05-19T11:00:00+02:00,0.176220
2025-05-19T12:00:00+02:00,0.158312
2025-05-19T13:00:00+02:00,0.148910
2025-05-19T14:00:00+02:00,0.152540
2025-05-19T15:00:00+02:00,0.174247
2025-05-19T16:00:00+02:00,0.222768
2025-05-19T17:00:00+02:00,0.250538
2025-05-19T18:00:00+02:00,0.271314
2025-05-19T19:00:00+02:00,0.306065
2025-05-19T20:00:00+02:00,0.376814
2025-05-19T21:00:00+02:00,0.324360
2025-05-19T22:00:00+02:00,0.284539
2025-05-19T23:00:00+02:00,0.267611
2025-05-20T00:00:00+02:00,0.274786
2025-05-20T01:00:00+02:00,0.266425
2025-05-20T02:00:00+02:00,0.260726
2025-05-20T03:00:00+02:00,0.260351
2025-05-20T04:00:00+02:00,0.259770
2025-05-20T05:00:00+02:00,0.273419
2025-05-20T06:00:00+02:00,0.311377
2025-05-20T07:00:00+02:00,0.295320
2025-05-20T08:00:00+02:00,0.273782
2025-05-20T09:00:00+02:00,0.252377
2025-05-20T10:00:00+02:00,0.211915
2025-05-20T11:00:00+02:00,0.162160
2025-05-20T12:00:00+02:00,0.142860
2025-05-20T13:00:00+02:00,0.142509
2025-05-20T14:00:00+02:00,0.142231
2025-05-20T15:00:00+02:00,0.150120
2025-05-20T16:00:00+02:00,0.212459
2025-05-20T17:00:00+02:00,0.248324
2025-05-20T18:00:00+02:00,0.265300
2025-05-20T19:00:00+02:00,0.298321
2025-05-20T20:00:00+02:00,0.350774
2025-05-20T21:00:00+02:00,0.308691
2025-05-20T22:00:00+02:00,0.278090
2025-05-20T23:00:00+02:00,0.262432
2025-05-21T00:00:00+02:00,0.273455
2025-05-21T01:00:00+02:00,0.266679
2025-05-21T02:00:00+02:00,0.261319
2025-05-21T03:00:00+02:00,0.257689
2025-05-21T04:00:00+02:00,0.256237
2025-05-21T05:00:00+02:00,0.257810
2025-05-21T06:00:00+02:00,0.270563
2025-05-21T07:00:00+02:00,0.279590
2025-05-21T08:00:00+02:00,0.273322
2025-05-21T09:00:00+02:00,0.245492
2025-05-21T10:00:00+02:00,0.193946
2025-05-21T11:00:00+02:00,0.143042
2025-05-21T12:00:00+02:00,0.140440
2025-05-21T13:00:00+02:00,0.135600
2025-05-21T14:00:00+02:00,0.135552
2025-05-21T15:00:00+02:00,0.138746
2025-05-21T16:00:00+02:00,0.142860
2025-05-21T17:00:00+02:00,0.202247
2025-05-21T18:00:00+02:00,0.247307
2025-05-21T19:00:00+02:00,0.263981
2025-05-21T20:00:00+02:00,0.281224
2025-05-21T21:00:00+02:00,0.300160
2025-05-21T22:00:00+02:00,0.290807
2025-05-21T23:00:00+02:00,0.281889
2025-05-22T00:00:00+02:00,0.284067
2025-05-22T01:00:00+02:00,0.273722
2025-05-22T02:00:00+02:00,0.282010
2025-05-22T03:00:00+02:00,0.262892
2025-05-22T04:00:00+02:00,0.243701
2025-05-22T05:00:00+02:00,0.251760
2025-05-22T06:00:00+02:00,0.263860
2025-05-22T07:00:00+02:00,0.271132
2025-05-22T08:00:00+02:00,0.261634
2025-05-22T09:00:00+02:00,0.208853
2025-05-22T10:00:00+02:00,0.140440
2025-05-22T11:00:00+02:00,0.139230
2025-05-22T12:00:00+02:00,0.134378
2025-05-22T13:00:00+02:00,0.125920
2025-05-22T14:00:00+02:00,0.121685
2025-05-22T15:00:00+02:00,0.129671
2025-05-22T16:00:00+02:00,0.139242
2025-05-22T17:00:00+02:00,0.141953
2025-05-22T18:00:00+02:00,0.198109
2025-05-22T19:00:00+02:00,0.260617
2025-05-22T20:00:00+02:00,0.282881
2025-05-22T21:00:00+02:00,0.296833
2025-05-22T22:00:00+02:00,0.293142
2025-05-22T23:00:00+02:00,0.274169
2025-05-23T00:00:00+02:00,0.251942
2025-05-23T01:00:00+02:00,0.255584
2025-05-23T02:00:00+02:00,0.248275
2025-05-23T03:00:00+02:00,0.247561
2025-05-23T04:00:00+02:00,0.243290
2025-05-23T05:00:00+02:00,0.258887
2025-05-23T06:00:00+02:00,0.282603
2025-05-23T07:00:00+02:00,0.289161
2025-05-23T08:00:00+02:00,0.268071
2025-05-23T09:00:00+02:00,0.235776
2025-05-23T10:00:00+02:00,0.217832
2025-05-23T11:00:00+02:00,0.200275
2025-05-23T12:00:00+02:00,0.158626
2025-05-23T13:00:00+02:00,0.142848
2025-05-23T14:00:00+02:00,0.141819
2025-05-23T15:00:00+02:00,0.141590
2025-05-23T16:00:00+02:00,0.168101
2025-05-23T17:00:00+02:00,0.218921
2025-05-23T18:00:00+02:00,0.248977
2025-05-23T19:00:00+02:00,0.273056
2025-05-23T20:00:00+02:00,0.287818
2025-05-23T21:00:00+02:00,0.301975
2025-05-23T22:00:00+02:00,0.292210
2025-05-23T23:00:00+02:00,0.267333
2025-05-24T00:00:00+02:00,0.260956
2025-05-24T01:00:00+02:00,0.257520
2025-05-24T02:00:00+02:00,0.250235
2025-05-24T03:00:00+02:00,0.242806
2025-05-24T04:00:00+02:00,0.235340
2025-05-24T05:00:00+02:00,0.229726
2025-05-24T06:00:00+02:00,0.229617
2025-05-24T07:00:00+02:00,0.226568
2025-05-24T08:00:00+02:00,0.207535
2025-05-24T09:00:00+02:00,0.157695
2025-05-24T10:00:00+02:00,0.142848
2025-05-24T11:00:00+02:00,0.142751
2025-05-24T12:00:00+02:00,0.142715
2025-05-24T13:00:00+02:00,0.142666
2025-05-24T14:00:00+02:00,0.143138
2025-05-24T15:00:00+02:00,0.150084
2025-05-24T16:00:00+02:00,0.167060
2025-05-24T17:00:00+02:00,0.222720
2025-05-24T18:00:00+02:00,0.249340
2025-05-24T19:00:00+02:00,0.271628
2025-05-24T20:00:00+02:00,0.269124
2025-05-24T21:00:00+02:00,0.266546
2025-05-24T22:00:00+02:00,0.250659
2025-05-24T23:00:00+02:00,0.231456
2025-05-25T00:00:00+02:00,0.167314
2025-05-25T01:00:00+02:00,0.168076
2025-05-25T02:00:00+02:00,0.159921
2025-05-25T03:00:00+02:00,0.153000
2025-05-25T04:00:00+02:00,0.147579
2025-05-25T05:00:00+02:00,0.145328
2025-05-25T06:00:00+02:00,0.144058
2025-05-25T07:00:00+02:00,0.144106
2025-05-25T08:00:00+02:00,0.142896
2025-05-25T09:00:00+02:00,0.142666
2025-05-25T10:00:00+02:00,0.140440
2025-05-25T11:00:00+02:00,0.131813
2025-05-25T12:00:00+02:00,0.122181
2025-05-25T13:00:00+02:00,0.106560
2025-05-25T14:00:00+02:00,0.104382
2025-05-25T15:00:00+02:00,0.111703
2025-05-25T16:00:00+02:00,0.128376
2025-05-25T17:00:00+02:00,0.142775
2025-05-25T18:00:00+02:00,0.154101
2025-05-25T19:00:00+02:00,0.243242
2025-05-25T20:00:00+02:00,0.263860
2025-05-25T21:00:00+02:00,0.282010
2025-05-25T22:00:00+02:00,0.266558
2025-05-25T23:00:00+02:00,0.255293
2025-05-26T00:00:00+02:00,0.243254
2025-05-26T01:00:00+02:00,0.233295
2025-05-26T02:00:00+02:00,0.221631
2025-05-26T03:00:00+02:00,0.219695
2025-05-26T04:00:00+02:00,0.225116
2025-05-26T05:00:00+02:00,0.234820
2025-05-26T06:00:00+02:00,0.269269
2025-05-26T07:00:00+02:00,0.305218
2025-05-26T08:00:00+02:00,0.279856
2025-05-26T09:00:00+02:00,0.235534
2025-05-26T10:00:00+02:00,0.145522
2025-05-26T11:00:00+02:00,0.141880
2025-05-26T12:00:00+02:00,0.139230
2025-05-26T13:00:00+02:00,0.139230
2025-05-26T14:00:00+02:00,0.140271
2025-05-26T15:00:00+02:00,0.139230
2025-05-26T16:00:00+02:00,0.140440
2025-05-26T17:00:00+02:00,0.161131
2025-05-26T18:00:00+02:00,0.246920
2025-05-26T19:00:00+02:00,0.271181
2025-05-26T20:00:00+02:00,0.324360
2025-05-26T21:00:00+02:00,0.322025
2025-05-26T22:00:00+02:00,0.278380
2025-05-26T23:00:00+02:00,0.252583
2025-05-27T00:00:00+02:00,0.235752
2025-05-27T01:00:00+02:00,0.222345
2025-05-27T02:00:00+02:00,0.197189
2025-05-27T03:00:00+02:00,0.167060
2025-05-27T04:00:00+02:00,0.162704
2025-05-27T05:00:00+02:00,0.197915
2025-05-27T06:00:00+02:00,0.205054
2025-05-27T07:00:00+02:00,0.221788
2025-05-27T08:00:00+02:00,0.222442
2025-05-27T09:00:00+02:00,0.203566
2025-05-27T10:00:00+02:00,0.148015
2025-05-27T11:00:00+02:00,0.146417
2025-05-27T12:00:00+02:00,0.142884
2025-05-27T13:00:00+02:00,0.142763
2025-05-27T14:00:00+02:00,0.142630
2025-05-27T15:00:00+02:00,0.145510
2025-05-27T16:00:00+02:00,0.202332
2025-05-27T17:00:00+02:00,0.262868
2025-05-27T18:00:00+02:00,0.272935
2025-05-27T19:00:00+02:00,0.286971
2025-05-27T20:00:00+02:00,0.313639
2025-05-27T21:00:00+02:00,0.278138
2025-05-27T22:00:00+02:00,0.264574
2025-05-27T23:00:00+02:00,0.242274
2025-05-28T00:00:00+02:00,0.227899
2025-05-28T01:00:00+02:00,0.217323
2025-05-28T02:00:00+02:00,0.215763
2025-05-28T03:00:00+02:00,0.207643
2025-05-28T04:00:00+02:00,0.212302
2025-05-28T05:00:00+02:00,0.221764
2025-05-28T06:00:00+02:00,0.246884
2025-05-28T07:00:00+02:00,0.267151
2025-05-28T08:00:00+02:00,0.297740
2025-05-28T09:00:00+02:00,0.263860
2025-05-28T10:00:00+02:00,0.227294
2025-05-28T11:00:00+02:00,0.216948
2025-05-28T12:00:00+02:00,0.210850
2025-05-28T13:00:00+02:00,0.203045
2025-05-28T14:00:00+02:00,0.198169
2025-05-28T15:00:00+02:00,0.187303
2025-05-28T16:00:00+02:00,0.212919
2025-05-28T17:00:00+02:00,0.232569
2025-05-28T18:00:00+02:00,0.257798
2025-05-28T19:00:00+02:00,0.284866
2025-05-28T20:00:00+02:00,0.297208
2025-05-28T21:00:00+02:00,0.344724
2025-05-28T22:00:00+02:00,0.310881
2025-05-28T23:00:00+02:00,0.269789
2025-05-29T00:00:00+02:00,0.278670
2025-05-29T01:00:00+02:00,0.274508
2025-05-29T02:00:00+02:00,0.266401
2025-05-29T03:00:00+02:00,0.265844
2025-05-29T04:00:00+02:00,0.266897
2025-05-29T05:00:00+02:00,0.263618
2025-05-29T06:00:00+02:00,0.261658
2025-05-29T07:00:00+02:00,0.256382
2025-05-29T08:00:00+02:00,0.251966
2025-05-29T09:00:00+02:00,0.231735
2025-05-29T10:00:00+02:00,0.176897
2025-05-29T11:00:00+02:00,0.145679
2025-05-29T12:00:00+02:00,0.142860
2025-05-29T13:00:00+02:00,0.140440
2025-05-29T14:00:00+02:00,0.140440
2025-05-29T15:00:00+02:00,0.139520
2025-05-29T16:00:00+02:00,0.140936
2025-05-29T17:00:00+02:00,0.167060
2025-05-29T18:00:00+02:00,0.215000
2025-05-29T19:00:00+02:00,0.231807
2025-05-29T20:00:00+02:00,0.233852
2025-05-29T21:00:00+02:00,0.231674
2025-05-29T22:00:00+02:00,0.235183
2025-05-29T23:00:00+02:00,0.211830
2025-05-30T00:00:00+02:00,0.197189
2025-05-30T01:00:00+02:00,0.176087
2025-05-30T02:00:00+02:00,0.183371
2025-05-30T03:00:00+02:00,0.183940
2025-05-30T04:00:00+02:00,0.188102
2025-05-30T05:00:00+02:00,0.209507
2025-05-30T06:00:00+02:00,0.224813
2025-05-30T07:00:00+02:00,0.225600
2025-05-30T08:00:00+02:00,0.207002
2025-05-30T09:00:00+02:00,0.178107
2025-05-30T10:00:00+02:00,0.145074
2025-05-30T11:00:00+02:00,0.142800
2025-05-30T12:00:00+02:00,0.142001
2025-05-30T13:00:00+02:00,0.139448
2025-05-30T14:00:00+02:00,0.139000
2025-05-30T15:00:00+02:00,0.140779
2025-05-30T16:00:00+02:00,0.142824
2025-05-30T17:00:00+02:00,0.151330
2025-05-30T18:00:00+02:00,0.227608
2025-05-30T19:00:00+02:00,0.275960
2025-05-30T20:00:00+02:00,0.306537
2025-05-30T21:00:00+02:00,0.324578
2025-05-30T22:00:00+02:00,0.300390
2025-05-30T23:00:00+02:00,0.273722
2025-05-31T00:00:00+02:00,0.272330
2025-05-31T01:00:00+02:00,0.261077
2025-05-31T02:00:00+02:00,0.257580
2025-05-31T03:00:00+02:00,0.256152
2025-05-31T04:00:00+02:00,0.256757
2025-05-31T05:00:00+02:00,0.254882
2025-05-31T06:00:00+02:00,0.257556
2025-05-31T07:00:00+02:00,0.246678
2025-05-31T08:00:00+02:00,0.207970
2025-05-31T09:00:00+02:00,0.144070
2025-05-31T10:00:00+02:00,0.142836
2025-05-31T11:00:00+02:00,0.141650
2025-05-31T12:00:00+02:00,0.139145
2025-05-31T13:00:00+02:00,0.126924
2025-05-31T14:00:00+02:00,0.133483
2025-05-31T15:00:00+02:00,0.139230
2025-05-31T16:00:00+02:00,0.142800
2025-05-31T17:00:00+02:00,0.187025
2025-05-31T18:00:00+02:00,0.250369
2025-05-31T19:00:00+02:00,0.301866
2025-05-31T20:00:00+02:00,0.375604
2025-05-31T21:00:00+02:00,0.375628
2025-05-31T22:00:00+02:00,0.307130
2025-05-31T23:00:00+02:00,0.263606
2025-06-01T00:00:00+02:00,0.261924
2025-06-01T01:00:00+02:00,0.245976
2025-06-01T02:00:00+02:00,0.247598
2025-06-01T03:00:00+02:00,0.240386
2025-06-01T04:00:00+02:00,0.237881
2025-06-01T05:00:00+02:00,0.228359
2025-06-01T06:00:00+02:00,0.188175
2025-06-01T07:00:00+02:00,0.158590
2025-06-01T08:00:00+02:00,0.145764
2025-06-01T09:00:00+02:00,0.142848
2025-06-01T10:00:00+02:00,0.142134
2025-06-01T11:00:00+02:00,0.140307
2025-06-01T12:00:00+02:00,0.136229
2025-06-01T13:00:00+02:00,0.127215
2025-06-01T14:00:00+02:00,0.118164
2025-06-01T15:00:00+02:00,0.123972
2025-06-01T16:00:00+02:00,0.135600
2025-06-01T17:00:00+02:00,0.141759
2025-06-01T18:00:00+02:00,0.163430
2025-06-01T19:00:00+02:00,0.229750
2025-06-01T20:00:00+02:00,0.251349
2025-06-01T21:00:00+02:00,0.281889
2025-06-01T22:00:00+02:00,0.266256
2025-06-01T23:00:00+02:00,0.243943
2025-06-02T00:00:00+02:00,0.233973
2025-06-02T01:00:00+02:00,0.227560
2025-06-02T02:00:00+02:00,0.229557
2025-06-02T03:00:00+02:00,0.232049
2025-06-02T04:00:00+02:00,0.235546
2025-06-02T05:00:00+02:00,0.242770
2025-06-02T06:00:00+02:00,0.270031
2025-06-02T07:00:00+02:00,0.292731
2025-06-02T08:00:00+02:00,0.270394
2025-06-02T09:00:00+02:00,0.242758
2025-06-02T10:00:00+02:00,0.208430
2025-06-02T11:00:00+02:00,0.183044
2025-06-02T12:00:00+02:00,0.167060
2025-06-02T13:00:00+02:00,0.158324
2025-06-02T14:00:00+02:00,0.156170
2025-06-02T15:00:00+02:00,0.166758
2025-06-02T16:00:00+02:00,0.201315
2025-06-02T17:00:00+02:00,0.229956
2025-06-02T18:00:00+02:00,0.247864
2025-06-02T19:00:00+02:00,0.275549
2025-06-02T20:00:00+02:00,0.371986
2025-06-02T21:00:00+02:00,0.432365
2025-06-02T22:00:00+02:00,0.316023
2025-06-02T23:00:00+02:00,0.271556
2025-06-03T00:00:00+02:00,0.264743
2025-06-03T01:00:00+02:00,0.259020
2025-06-03T02:00:00+02:00,0.256636
2025-06-03T03:00:00+02:00,0.246242
2025-06-03T04:00:00+02:00,0.241572
2025-06-03T05:00:00+02:00,0.253974
2025-06-03T06:00:00+02:00,0.278779
2025-06-03T07:00:00+02:00,0.265324
2025-06-03T08:00:00+02:00,0.236514
2025-06-03T09:00:00+02:00,0.181822
2025-06-03T10:00:00+02:00,0.142860
2025-06-03T11:00:00+02:00,0.140440
2025-06-03T12:00:00+02:00,0.140440
2025-06-03T13:00:00+02:00,0.139230
2025-06-03T14:00:00+02:00,0.130760
2025-06-03T15:00:00+02:00,0.136810
2025-06-03T16:00:00+02:00,0.140440
2025-06-03T17:00:00+02:00,0.142981
2025-06-03T18:00:00+02:00,0.227439
2025-06-03T19:00:00+02:00,0.257701
2025-06-03T20:00:00+02:00,0.292646
2025-06-03T21:00:00+02:00,0.270648
2025-06-03T22:00:00+02:00,0.268676
2025-06-03T23:00:00+02:00,0.255838
2025-06-04T00:00:00+02:00,0.229097
2025-06-04T01:00:00+02:00,0.218812
2025-06-04T02:00:00+02:00,0.216585
2025-06-04T03:00:00+02:00,0.217057
2025-06-04T04:00:00+02:00,0.220433
2025-06-04T05:00:00+02:00,0.233816
2025-06-04T06:00:00+02:00,0.273927
2025-06-04T07:00:00+02:00,0.282954
2025-06-04T08:00:00+02:00,0.278864
2025-06-04T09:00:00+02:00,0.267430
2025-06-04T10:00:00+02:00,0.228383
2025-06-04T11:00:00+02:00,0.197310
2025-06-04T12:00:00+02:00,0.167012
2025-06-04T13:00:00+02:00,0.154585
2025-06-04T14:00:00+02:00,0.162220
2025-06-04T15:00:00+02:00,0.184738
2025-06-04T16:00:00+02:00,0.199621
2025-06-04T17:00:00+02:00,0.231311
2025-06-04T18:00:00+02:00,0.257810
2025-06-04T19:00:00+02:00,0.273540
2025-06-04T20:00:00+02:00,0.309320
2025-06-04T21:00:00+02:00,0.307420
2025-06-04T22:00:00+02:00,0.285507
2025-06-04T23:00:00+02:00,0.264489
2025-06-05T00:00:00+02:00,0.258802
2025-06-05T01:00:00+02:00,0.246884
2025-06-05T02:00:00+02:00,0.240241
2025-06-05T03:00:00+02:00,0.239406
2025-06-05T04:00:00+02:00,0.240350
2025-06-05T05:00:00+02:00,0.240870
2025-06-05T06:00:00+02:00,0.280534
2025-06-05T07:00:00+02:00,0.284249
2025-06-05T08:00:00+02:00,0.279324
2025-06-05T09:00:00+02:00,0.254422
2025-06-05T10:00:00+02:00,0.221522
2025-06-05T11:00:00+02:00,0.197346
2025-06-05T12:00:00+02:00,0.168452
2025-06-05T13:00:00+02:00,0.156206
2025-06-05T14:00:00+02:00,0.152056
2025-06-05T15:00:00+02:00,0.166903
2025-06-05T16:00:00+02:00,0.212435
2025-06-05T17:00:00+02:00,0.231166
2025-06-05T18:00:00+02:00,0.257132
2025-06-05T19:00:00+02:00,0.272487
2025-06-05T20:00:00+02:00,0.295562
2025-06-05T21:00:00+02:00,0.288508
2025-06-05T22:00:00+02:00,0.267962
2025-06-05T23:00:00+02:00,0.241959
2025-06-06T00:00:00+02:00,0.227814
2025-06-06T01:00:00+02:00,0.213464
2025-06-06T02:00:00+02:00,0.215339
2025-06-06T03:00:00+02:00,0.209737
2025-06-06T04:00:00+02:00,0.201109
2025-06-06T05:00:00+02:00,0.208781
2025-06-06T06:00:00+02:00,0.220530
2025-06-06T07:00:00+02:00,0.226314
2025-06-06T08:00:00+02:00,0.211298
2025-06-06T09:00:00+02:00,0.147785
2025-06-06T10:00:00+02:00,0.142848
2025-06-06T11:00:00+02:00,0.142618
2025-06-06T12:00:00+02:00,0.140440
2025-06-06T13:00:00+02:00,0.138093
2025-06-06T14:00:00+02:00,0.137778
2025-06-06T15:00:00+02:00,0.138395
2025-06-06T16:00:00+02:00,0.142824
2025-06-06T17:00:00+02:00,0.144070
2025-06-06T18:00:00+02:00,0.198871
2025-06-06T19:00:00+02:00,0.243000
2025-06-06T20:00:00+02:00,0.277231
2025-06-06T21:00:00+02:00,0.299301
2025-06-06T22:00:00+02:00,0.297401
2025-06-06T23:00:00+02:00,0.267986
2025-06-07T00:00:00+02:00,0.264417
2025-06-07T01:00:00+02:00,0.257326
2025-06-07T02:00:00+02:00,0.248929
2025-06-07T03:00:00+02:00,0.256600
2025-06-07T04:00:00+02:00,0.257508
2025-06-07T05:00:00+02:00,0.257193
2025-06-07T06:00:00+02:00,0.257810
2025-06-07T07:00:00+02:00,0.262275
2025-06-07T08:00:00+02:00,0.252256
2025-06-07T09:00:00+02:00,0.233913
2025-06-07T10:00:00+02:00,0.184061
2025-06-07T11:00:00+02:00,0.154282
2025-06-07T12:00:00+02:00,0.144300
2025-06-07T13:00:00+02:00,0.142848
2025-06-07T14:00:00+02:00,0.142836
2025-06-07T15:00:00+02:00,0.142836
2025-06-07T16:00:00+02:00,0.142122
2025-06-07T17:00:00+02:00,0.170980
2025-06-07T18:00:00+02:00,0.221558
2025-06-07T19:00:00+02:00,0.242080
2025-06-07T20:00:00+02:00,0.295961
2025-06-07T21:00:00+02:00,0.297740
2025-06-07T22:00:00+02:00,0.277848
2025-06-07T23:00:00+02:00,0.242080
2025-06-08T00:00:00+02:00,0.257834
2025-06-08T01:00:00+02:00,0.241862
2025-06-08T02:00:00+02:00,0.232243
2025-06-08T03:00:00+02:00,0.219562
2025-06-08T04:00:00+02:00,0.212036
2025-06-08T05:00:00+02:00,0.200117
2025-06-08T06:00:00+02:00,0.182875
2025-06-08T07:00:00+02:00,0.146599
2025-06-08T08:00:00+02:00,0.142860
2025-06-08T09:00:00+02:00,0.142255
2025-06-08T10:00:00+02:00,0.140440
2025-06-08T11:00:00+02:00,0.133059
2025-06-08T12:00:00+02:00,0.118842
2025-06-08T13:00:00+02:00,0.094557
2025-06-08T14:00:00+02:00,0.078936
2025-06-08T15:00:00+02:00,0.078742
2025-06-08T16:00:00+02:00,0.099336
2025-06-08T17:00:00+02:00,0.125847
2025-06-08T18:00:00+02:00,0.142872
2025-06-08T19:00:00+02:00,0.191248
2025-06-08T20:00:00+02:00,0.242927
2025-06-08T21:00:00+02:00,0.257423
2025-06-08T22:00:00+02:00,0.300317
2025-06-08T23:00:00+02:00,0.280074
2025-06-09T00:00:00+02:00,0.277061
2025-06-09T01:00:00+02:00,0.246920
2025-06-09T02:00:00+02:00,0.221510
2025-06-09T03:00:00+02:00,0.216549
2025-06-09T04:00:00+02:00,0.227439
2025-06-09T05:00:00+02:00,0.227560
2025-06-09T06:00:00+02:00,0.215242
2025-06-09T07:00:00+02:00,0.209144
2025-06-09T08:00:00+02:00,0.149067
2025-06-09T09:00:00+02:00,0.142860
2025-06-09T10:00:00+02:00,0.141686
2025-06-09T11:00:00+02:00,0.138746
2025-06-09T12:00:00+02:00,0.131934
2025-06-09T13:00:00+02:00,0.120536
2025-06-09T14:00:00+02:00,0.123911
2025-06-09T15:00:00+02:00,0.137826
2025-06-09T16:00:00+02:00,0.141832
2025-06-09T17:00:00+02:00,0.145474
2025-06-09T18:00:00+02:00,0.222539
2025-06-09T19:00:00+02:00,0.277509
2025-06-09T20:00:00+02:00,0.305327
2025-06-09T21:00:00+02:00,0.320355
2025-06-09T22:00:00+02:00,0.300160
2025-06-09T23:00:00+02:00,0.259165
2025-06-10T00:00:00+02:00,0.243242
2025-06-10T01:00:00+02:00,0.233247
2025-06-10T02:00:00+02:00,0.224898
2025-06-10T03:00:00+02:00,0.212689
2025-06-10T04:00:00+02:00,0.205683
2025-06-10T05:00:00+02:00,0.210668
2025-06-10T06:00:00+02:00,0.224789
2025-06-10T07:00:00+02:00,0.239926
2025-06-10T08:00:00+02:00,0.239660
2025-06-10T09:00:00+02:00,0.221619
2025-06-10T10:00:00+02:00,0.168573
2025-06-10T11:00:00+02:00,0.159558
2025-06-10T12:00:00+02:00,0.142981
2025-06-10T13:00:00+02:00,0.148971
2025-06-10T14:00:00+02:00,0.148910
2025-06-10T15:00:00+02:00,0.144058
2025-06-10T16:00:00+02:00,0.154960
2025-06-10T17:00:00+02:00,0.215049
2025-06-10T18:00:00+02:00,0.248348
2025-06-10T19:00:00+02:00,0.266800
2025-06-10T20:00:00+02:00,0.279989
2025-06-10T21:00:00+02:00,0.292053
2025-06-10T22:00:00+02:00,0.280038
2025-06-10T23:00:00+02:00,0.269850
2025-06-11T00:00:00+02:00,0.281175
2025-06-11T01:00:00+02:00,0.254180
2025-06-11T02:00:00+02:00,0.244198
2025-06-11T03:00:00+02:00,0.257810
2025-06-11T04:00:00+02:00,0.246920
2025-06-11T05:00:00+02:00,0.251760
2025-06-11T06:00:00+02:00,0.278610
2025-06-11T07:00:00+02:00,0.288302
2025-06-11T08:00:00+02:00,0.263860
2025-06-11T09:00:00+02:00,0.246182
2025-06-11T10:00:00+02:00,0.181471
2025-06-11T11:00:00+02:00,0.144312
2025-06-11T12:00:00+02:00,0.142618
2025-06-11T13:00:00+02:00,0.142086
2025-06-11T14:00:00+02:00,0.139230
2025-06-11T15:00:00+02:00,0.140936
2025-06-11T16:00:00+02:00,0.145280
2025-06-11T17:00:00+02:00,0.220348
2025-06-11T18:00:00+02:00,0.263497
2025-06-11T19:00:00+02:00,0.300547
2025-06-11T20:00:00+02:00,0.395000
2025-06-11T21:00:00+02:00,0.360660
2025-06-11T22:00:00+02:00,0.287261
2025-06-11T23:00:00+02:00,0.259843
2025-06-12T00:00:00+02:00,0.255354
2025-06-12T01:00:00+02:00,0.248203
2025-06-12T02:00:00+02:00,0.239660
2025-06-12T03:00:00+02:00,0.239660
2025-06-12T04:00:00+02:00,0.242528
2025-06-12T05:00:00+02:00,0.248566
2025-06-12T06:00:00+02:00,0.270793
2025-06-12T07:00:00+02:00,0.262311
2025-06-12T08:00:00+02:00,0.238365
2025-06-12T09:00:00+02:00,0.186529
2025-06-12T10:00:00+02:00,0.142860
2025-06-12T11:00:00+02:00,0.140440
2025-06-12T12:00:00+02:00,0.121491
2025-06-12T13:00:00+02:00,0.105398
2025-06-12T14:00:00+02:00,0.104999
2025-06-12T15:00:00+02:00,0.125920
2025-06-12T16:00:00+02:00,0.139496
2025-06-12T17:00:00+02:00,0.160889
2025-06-12T18:00:00+02:00,0.239612
2025-06-12T19:00:00+02:00,0.278852
2025-06-12T20:00:00+02:00,0.302580
2025-06-12T21:00:00+02:00,0.279989
2025-06-12T22:00:00+02:00,0.271047
2025-06-12T23:00:00+02:00,0.257689
2025-06-13T00:00:00+02:00,0.248989
2025-06-13T01:00:00+02:00,0.248130
2025-06-13T02:00:00+02:00,0.251639
2025-06-13T03:00:00+02:00,0.252970
2025-06-13T04:00:00+02:00,0.260883
2025-06-13T05:00:00+02:00,0.263860
2025-06-13T06:00:00+02:00,0.275053
2025-06-13T07:00:00+02:00,0.289996
2025-06-13T08:00:00+02:00,0.282010
2025-06-13T09:00:00+02:00,0.239660
2025-06-13T10:00:00+02:00,0.170690
2025-06-13T11:00:00+02:00,0.143695
2025-06-13T12:00:00+02:00,0.142763
2025-06-13T13:00:00+02:00,0.142509
2025-06-13T14:00:00+02:00,0.141106
2025-06-13T15:00:00+02:00,0.141190
2025-06-13T16:00:00+02:00,0.144106
2025-06-13T17:00:00+02:00,0.226229
2025-06-13T18:00:00+02:00,0.257810
2025-06-13T19:00:00+02:00,0.290952
2025-06-13T20:00:00+02:00,0.291690
2025-06-13T21:00:00+02:00,0.289270
2025-06-13T22:00:00+02:00,0.274266
2025-06-13T23:00:00+02:00,0.256479
2025-06-14T00:00:00+02:00,0.259020
2025-06-14T01:00:00+02:00,0.237845
2025-06-14T02:00:00+02:00,0.253091
2025-06-14T03:00:00+02:00,0.243544
2025-06-14T04:00:00+02:00,0.259020
2025-06-14T05:00:00+02:00,0.260835
2025-06-14T06:00:00+02:00,0.244500
2025-06-14T07:00:00+02:00,0.246787
2025-06-14T08:00:00+02:00,0.171900
2025-06-14T09:00:00+02:00,0.142860
2025-06-14T10:00:00+02:00,0.141880
2025-06-14T11:00:00+02:00,0.136822
2025-06-14T12:00:00+02:00,0.125242
2025-06-14T13:00:00+02:00,0.119265
2025-06-14T14:00:00+02:00,0.113372
2025-06-14T15:00:00+02:00,0.134753
2025-06-14T16:00:00+02:00,0.142412
2025-06-14T17:00:00+02:00,0.153581
2025-06-14T18:00:00+02:00,0.230452
2025-06-14T19:00:00+02:00,0.279372
2025-06-14T20:00:00+02:00,0.290202
2025-06-14T21:00:00+02:00,0.296288
2025-06-14T22:00:00+02:00,0.288181
2025-06-14T23:00:00+02:00,0.277424
2025-06-15T00:00:00+02:00,0.260351
2025-06-15T01:00:00+02:00,0.263134
2025-06-15T02:00:00+02:00,0.257931
2025-06-15T03:00:00+02:00,0.257641
2025-06-15T04:00:00+02:00,0.257024
2025-06-15T05:00:00+02:00,0.257060
2025-06-15T06:00:00+02:00,0.250671
2025-06-15T07:00:00+02:00,0.231190
2025-06-15T08:00:00+02:00,0.208031
2025-06-15T09:00:00+02:00,0.149576
2025-06-15T10:00:00+02:00,0.142860
2025-06-15T11:00:00+02:00,0.142836
2025-06-15T12:00:00+02:00,0.141360
2025-06-15T13:00:00+02:00,0.136048
2025-06-15T14:00:00+02:00,0.136810
2025-06-15T15:00:00+02:00,0.140440
2025-06-15T16:00:00+02:00,0.142848
2025-06-15T17:00:00+02:00,0.197334
2025-06-15T18:00:00+02:00,0.247731
2025-06-15T19:00:00+02:00,0.265651
2025-06-15T20:00:00+02:00,0.294110
2025-06-15T21:00:00+02:00,0.312647
2025-06-15T22:00:00+02:00,0.306960
2025-06-15T23:00:00+02:00,0.271773
2025-06-16T00:00:00+02:00,0.284551
2025-06-16T01:00:00+02:00,0.261186
2025-06-16T02:00:00+02:00,0.260920
2025-06-16T03:00:00+02:00,0.244500
2025-06-16T04:00:00+02:00,0.243544
2025-06-16T05:00:00+02:00,0.262698
2025-06-16T06:00:00+02:00,0.282700
2025-06-16T07:00:00+02:00,0.294110
2025-06-16T08:00:00+02:00,0.287140
2025-06-16T09:00:00+02:00,0.257858
2025-06-16T10:00:00+02:00,0.211963
2025-06-16T11:00:00+02:00,0.159594
2025-06-16T12:00:00+02:00,0.145413
2025-06-16T13:00:00+02:00,0.143816
2025-06-16T14:00:00+02:00,0.143707
2025-06-16T15:00:00+02:00,0.144252
2025-06-16T16:00:00+02:00,0.159328
2025-06-16T17:00:00+02:00,0.226447
2025-06-16T18:00:00+02:00,0.262287
2025-06-16T19:00:00+02:00,0.285555
2025-06-16T20:00:00+02:00,0.368041
2025-06-16T21:00:00+02:00,0.372760
2025-06-16T22:00:00+02:00,0.304601
2025-06-16T23:00:00+02:00,0.278380
2025-06-17T00:00:00+02:00,0.271120
2025-06-17T01:00:00+02:00,0.266002
2025-06-17T02:00:00+02:00,0.260375
2025-06-17T03:00:00+02:00,0.258802
2025-06-17T04:00:00+02:00,0.260629
2025-06-17T05:00:00+02:00,0.268494
2025-06-17T06:00:00+02:00,0.289149
2025-06-17T07:00:00+02:00,0.274085
2025-06-17T08:00:00+02:00,0.265070
2025-06-17T09:00:00+02:00,0.247549
2025-06-17T10:00:00+02:00,0.148160
2025-06-17T11:00:00+02:00,0.142424
2025-06-17T12:00:00+02:00,0.142195
2025-06-17T13:00:00+02:00,0.139920
2025-06-17T14:00:00+02:00,0.139545
2025-06-17T15:00:00+02:00,0.140888
2025-06-17T16:00:00+02:00,0.154960
2025-06-17T17:00:00+02:00,0.239781
2025-06-17T18:00:00+02:00,0.269910
2025-06-17T19:00:00+02:00,0.297740
2025-06-17T20:00:00+02:00,0.430356
2025-06-17T21:00:00+02:00,0.428045
2025-06-17T22:00:00+02:00,0.312732
2025-06-17T23:00:00+02:00,0.283922
2025-06-18T00:00:00+02:00,0.279590
2025-06-18T01:00:00+02:00,0.272427
2025-06-18T02:00:00+02:00,0.265808
2025-06-18T03:00:00+02:00,0.259431
2025-06-18T04:00:00+02:00,0.260629
2025-06-18T05:00:00+02:00,0.269220
2025-06-18T06:00:00+02:00,0.279772
2025-06-18T07:00:00+02:00,0.282760
2025-06-18T08:00:00+02:00,0.282373
2025-06-18T09:00:00+02:00,0.251324
2025-06-18T10:00:00+02:00,0.169214
2025-06-18T11:00:00+02:00,0.144276
2025-06-18T12:00:00+02:00,0.142703
2025-06-18T13:00:00+02:00,0.142279
2025-06-18T14:00:00+02:00,0.141602
2025-06-18T15:00:00+02:00,0.142497
2025-06-18T16:00:00+02:00,0.145546
2025-06-18T17:00:00+02:00,0.231335
2025-06-18T18:00:00+02:00,0.270370
2025-06-18T19:00:00+02:00,0.284297
2025-06-18T20:00:00+02:00,0.313942
2025-06-18T21:00:00+02:00,0.354997
2025-06-18T22:00:00+02:00,0.307505
2025-06-18T23:00:00+02:00,0.288060
2025-06-19T00:00:00+02:00,0.278126
2025-06-19T01:00:00+02:00,0.274847
2025-06-19T02:00:00+02:00,0.272814
2025-06-19T03:00:00+02:00,0.269027
2025-06-19T04:00:00+02:00,0.268978
2025-06-19T05:00:00+02:00,0.273056
2025-06-19T06:00:00+02:00,0.269789
2025-06-19T07:00:00+02:00,0.264429
2025-06-19T08:00:00+02:00,0.251228
2025-06-19T09:00:00+02:00,0.154658
2025-06-19T10:00:00+02:00,0.142158
2025-06-19T11:00:00+02:00,0.131946
2025-06-19T12:00:00+02:00,0.135576
2025-06-19T13:00:00+02:00,0.135515
2025-06-19T14:00:00+02:00,0.136701
2025-06-19T15:00:00+02:00,0.133374
2025-06-19T16:00:00+02:00,0.139085
2025-06-19T17:00:00+02:00,0.150834
2025-06-19T18:00:00+02:00,0.244996
2025-06-19T19:00:00+02:00,0.286584
2025-06-19T20:00:00+02:00,0.314148
2025-06-19T21:00:00+02:00,0.320694
2025-06-19T22:00:00+02:00,0.301128
2025-06-19T23:00:00+02:00,0.275960
2025-06-20T00:00:00+02:00,0.274762
2025-06-20T01:00:00+02:00,0.269390
2025-06-20T02:00:00+02:00,0.264538
2025-06-20T03:00:00+02:00,0.268700
2025-06-20T04:00:00+02:00,0.263231
2025-06-20T05:00:00+02:00,0.274798
2025-06-20T06:00:00+02:00,0.289149
2025-06-20T07:00:00+02:00,0.286439
2025-06-20T08:00:00+02:00,0.277170
2025-06-20T09:00:00+02:00,0.241705
2025-06-20T10:00:00+02:00,0.168802
2025-06-20T11:00:00+02:00,0.150108
2025-06-20T12:00:00+02:00,0.145135
2025-06-20T13:00:00+02:00,0.142243
2025-06-20T14:00:00+02:00,0.142763
2025-06-20T15:00:00+02:00,0.143804
2025-06-20T16:00:00+02:00,0.178688
2025-06-20T17:00:00+02:00,0.249013
2025-06-20T18:00:00+02:00,0.277448
2025-06-20T19:00:00+02:00,0.306694
2025-06-20T20:00:00+02:00,0.378544
2025-06-20T21:00:00+02:00,0.359002
2025-06-20T22:00:00+02:00,0.308691
2025-06-20T23:00:00+02:00,0.289730
2025-06-21T00:00:00+02:00,0.286269
2025-06-21T01:00:00+02:00,0.276541
2025-06-21T02:00:00+02:00,0.273722
2025-06-21T03:00:00+02:00,0.271483
2025-06-21T04:00:00+02:00,0.275960
2025-06-21T05:00:00+02:00,0.269837
2025-06-21T06:00:00+02:00,0.264768
2025-06-21T07:00:00+02:00,0.252655
2025-06-21T08:00:00+02:00,0.234735
2025-06-21T09:00:00+02:00,0.171174
2025-06-21T10:00:00+02:00,0.143453
2025-06-21T11:00:00+02:00,0.140428
2025-06-21T12:00:00+02:00,0.127856
2025-06-21T13:00:00+02:00,0.111327
2025-06-21T14:00:00+02:00,0.109246
2025-06-21T15:00:00+02:00,0.139230
2025-06-21T16:00:00+02:00,0.142969
2025-06-21T17:00:00+02:00,0.215702
2025-06-21T18:00:00+02:00,0.264937
2025-06-21T19:00:00+02:00,0.297619
2025-06-21T20:00:00+02:00,0.332515
2025-06-21T21:00:00+02:00,0.343539
2025-06-21T22:00:00+02:00,0.313518
2025-06-21T23:00:00+02:00,0.287237
2025-06-22T00:00:00+02:00,0.272209
2025-06-22T01:00:00+02:00,0.265155
2025-06-22T02:00:00+02:00,0.262650
2025-06-22T03:00:00+02:00,0.252462
2025-06-22T04:00:00+02:00,0.249122
2025-06-22T05:00:00+02:00,0.239757
2025-06-22T06:00:00+02:00,0.224608
2025-06-22T07:00:00+02:00,0.174852
2025-06-22T08:00:00+02:00,0.142860
2025-06-22T09:00:00+02:00,0.142751
2025-06-22T10:00:00+02:00,0.129417
2025-06-22T11:00:00+02:00,0.120209
2025-06-22T12:00:00+02:00,0.135600
2025-06-22T13:00:00+02:00,0.135540
2025-06-22T14:00:00+02:00,0.131087
2025-06-22T15:00:00+02:00,0.134656
2025-06-22T16:00:00+02:00,0.133712
2025-06-22T17:00:00+02:00,0.142739
2025-06-22T18:00:00+02:00,0.214710
2025-06-22T19:00:00+02:00,0.267248
2025-06-22T20:00:00+02:00,0.290202
2025-06-22T21:00:00+02:00,0.302556
2025-06-22T22:00:00+02:00,0.293203
2025-06-22T23:00:00+02:00,0.265832
2025-06-23T00:00:00+02:00,0.222744
2025-06-23T01:00:00+02:00,0.213064
2025-06-23T02:00:00+02:00,0.211552
2025-06-23T03:00:00+02:00,0.211600
2025-06-23T04:00:00+02:00,0.219816
2025-06-23T05:00:00+02:00,0.232134
2025-06-23T06:00:00+02:00,0.240555
2025-06-23T07:00:00+02:00,0.244052
2025-06-23T08:00:00+02:00,0.231432
2025-06-23T09:00:00+02:00,0.165414
2025-06-23T10:00:00+02:00,0.143477
2025-06-23T11:00:00+02:00,0.137439
2025-06-23T12:00:00+02:00,0.130881
2025-06-23T13:00:00+02:00,0.118237
2025-06-23T14:00:00+02:00,0.106560
2025-06-23T15:00:00+02:00,0.103305
2025-06-23T16:00:00+02:00,0.115030
2025-06-23T17:00:00+02:00,0.130881
2025-06-23T18:00:00+02:00,0.147446
2025-06-23T19:00:00+02:00,0.209495
2025-06-23T20:00:00+02:00,0.263860
2025-06-23T21:00:00+02:00,0.277170
2025-06-23T22:00:00+02:00,0.296530
2025-06-23T23:00:00+02:00,0.268543
2025-06-24T00:00:00+02:00,0.243096
2025-06-24T01:00:00+02:00,0.229581
2025-06-24T02:00:00+02:00,0.221607
2025-06-24T03:00:00+02:00,0.227560
2025-06-24T04:00:00+02:00,0.223349
2025-06-24T05:00:00+02:00,0.228080
2025-06-24T06:00:00+02:00,0.255959
2025-06-24T07:00:00+02:00,0.251639
2025-06-24T08:00:00+02:00,0.247961
2025-06-24T09:00:00+02:00,0.214492
2025-06-24T10:00:00+02:00,0.142860
2025-06-24T11:00:00+02:00,0.142376
2025-06-24T12:00:00+02:00,0.140440
2025-06-24T13:00:00+02:00,0.139617
2025-06-24T14:00:00+02:00,0.140416
2025-06-24T15:00:00+02:00,0.140440
2025-06-24T16:00:00+02:00,0.142388
2025-06-24T17:00:00+02:00,0.150991
2025-06-24T18:00:00+02:00,0.220772
2025-06-24T19:00:00+02:00,0.262783
2025-06-24T20:00:00+02:00,0.293929
2025-06-24T21:00:00+02:00,0.292283
2025-06-24T22:00:00+02:00,0.286814
2025-06-24T23:00:00+02:00,0.262880
2025-06-25T00:00:00+02:00,0.246436
2025-06-25T01:00:00+02:00,0.239902
2025-06-25T02:00:00+02:00,0.239902
2025-06-25T03:00:00+02:00,0.243169
2025-06-25T04:00:00+02:00,0.249340
2025-06-25T05:00:00+02:00,0.260230
2025-06-25T06:00:00+02:00,0.274871
2025-06-25T07:00:00+02:00,0.291206
2025-06-25T08:00:00+02:00,0.307420
2025-06-25T09:00:00+02:00,0.293263
2025-06-25T10:00:00+02:00,0.294110
2025-06-25T11:00:00+02:00,0.227016
2025-06-25T12:00:00+02:00,0.173231
2025-06-25T13:00:00+02:00,0.148027
2025-06-25T14:00:00+02:00,0.148414
2025-06-25T15:00:00+02:00,0.153605
2025-06-25T16:00:00+02:00,0.173437
2025-06-25T17:00:00+02:00,0.245795
2025-06-25T18:00:00+02:00,0.271471
2025-06-25T19:00:00+02:00,0.305992
2025-06-25T20:00:00+02:00,0.384860
2025-06-25T21:00:00+02:00,0.441754
2025-06-25T22:00:00+02:00,0.352940
2025-06-25T23:00:00+02:00,0.292634
2025-06-26T00:00:00+02:00,0.288000
2025-06-26T01:00:00+02:00,0.271568
2025-06-26T02:00:00+02:00,0.265445
2025-06-26T03:00:00+02:00,0.258028
2025-06-26T04:00:00+02:00,0.258560
2025-06-26T05:00:00+02:00,0.263170
2025-06-26T06:00:00+02:00,0.283365
2025-06-26T07:00:00+02:00,0.288290
2025-06-26T08:00:00+02:00,0.272076
2025-06-26T09:00:00+02:00,0.258657
2025-06-26T10:00:00+02:00,0.255426
2025-06-26T11:00:00+02:00,0.237107
2025-06-26T12:00:00+02:00,0.227318
2025-06-26T13:00:00+02:00,0.212290
2025-06-26T14:00:00+02:00,0.202344
2025-06-26T15:00:00+02:00,0.199403
2025-06-26T16:00:00+02:00,0.203360
2025-06-26T17:00:00+02:00,0.227149
2025-06-26T18:00:00+02:00,0.249025
2025-06-26T19:00:00+02:00,0.262650
2025-06-26T20:00:00+02:00,0.272161
2025-06-26T21:00:00+02:00,0.270104
2025-06-26T22:00:00+02:00,0.275839
2025-06-26T23:00:00+02:00,0.261440
2025-06-27T00:00:00+02:00,0.246206
2025-06-27T01:00:00+02:00,0.250840
2025-06-27T02:00:00+02:00,0.259081
2025-06-27T03:00:00+02:00,0.251881
2025-06-27T04:00:00+02:00,0.243520
2025-06-27T05:00:00+02:00,0.250840
2025-06-27T06:00:00+02:00,0.270563
2025-06-27T07:00:00+02:00,0.279832
2025-06-27T08:00:00+02:00,0.273177
2025-06-27T09:00:00+02:00,0.261948
2025-06-27T10:00:00+02:00,0.241173
2025-06-27T11:00:00+02:00,0.224475
2025-06-27T12:00:00+02:00,0.208866
2025-06-27T13:00:00+02:00,0.177103
2025-06-27T14:00:00+02:00,0.149273
2025-06-27T15:00:00+02:00,0.156836
2025-06-27T16:00:00+02:00,0.179160
2025-06-27T17:00:00+02:00,0.228383
2025-06-27T18:00:00+02:00,0.253732
2025-06-27T19:00:00+02:00,0.273141
2025-06-27T20:00:00+02:00,0.293481
2025-06-27T21:00:00+02:00,0.306271
2025-06-27T22:00:00+02:00,0.290311
2025-06-27T23:00:00+02:00,0.273080
2025-06-28T00:00:00+02:00,0.257604
2025-06-28T01:00:00+02:00,0.249630
2025-06-28T02:00:00+02:00,0.239636
2025-06-28T03:00:00+02:00,0.229387
2025-06-28T04:00:00+02:00,0.225140
2025-06-28T05:00:00+02:00,0.229593
2025-06-28T06:00:00+02:00,0.226011
2025-06-28T07:00:00+02:00,0.212254
2025-06-28T08:00:00+02:00,0.176498
2025-06-28T09:00:00+02:00,0.145691
2025-06-28T10:00:00+02:00,0.142872
2025-06-28T11:00:00+02:00,0.142824
2025-06-28T12:00:00+02:00,0.142170
2025-06-28T13:00:00+02:00,0.140440
2025-06-28T14:00:00+02:00,0.139508
2025-06-28T15:00:00+02:00,0.141045
2025-06-28T16:00:00+02:00,0.142255
2025-06-28T17:00:00+02:00,0.146163
2025-06-28T18:00:00+02:00,0.217553
2025-06-28T19:00:00+02:00,0.257604
2025-06-28T20:00:00+02:00,0.274750
2025-06-28T21:00:00+02:00,0.290964
2025-06-28T22:00:00+02:00,0.287661
2025-06-28T23:00:00+02:00,0.268095
2025-06-29T00:00:00+02:00,0.257895
2025-06-29T01:00:00+02:00,0.251058
2025-06-29T02:00:00+02:00,0.251349
2025-06-29T03:00:00+02:00,0.247912
2025-06-29T04:00:00+02:00,0.246315
2025-06-29T05:00:00+02:00,0.246073
2025-06-29T06:00:00+02:00,0.247477
2025-06-29T07:00:00+02:00,0.233767
2025-06-29T08:00:00+02:00,0.200420
2025-06-29T09:00:00+02:00,0.149321
2025-06-29T10:00:00+02:00,0.142860
2025-06-29T11:00:00+02:00,0.142545
2025-06-29T12:00:00+02:00,0.132708
2025-06-29T13:00:00+02:00,0.112610
2025-06-29T14:00:00+02:00,0.107105
2025-06-29T15:00:00+02:00,0.130881
2025-06-29T16:00:00+02:00,0.141045
2025-06-29T17:00:00+02:00,0.152528
2025-06-29T18:00:00+02:00,0.237240
2025-06-29T19:00:00+02:00,0.266449
2025-06-29T20:00:00+02:00,0.278356
2025-06-29T21:00:00+02:00,0.285725
2025-06-29T22:00:00+02:00,0.280473
2025-06-29T23:00:00+02:00,0.265070
2025-06-30T00:00:00+02:00,0.262323
2025-06-30T01:00:00+02:00,0.250586
2025-06-30T02:00:00+02:00,0.245746
2025-06-30T03:00:00+02:00,0.244657
2025-06-30T04:00:00+02:00,0.247053
2025-06-30T05:00:00+02:00,0.259020
2025-06-30T06:00:00+02:00,0.281889
2025-06-30T07:00:00+02:00,0.278017
2025-06-30T08:00:00+02:00,0.273746
2025-06-30T09:00:00+02:00,0.254107
2025-06-30T10:00:00+02:00,0.236526
2025-06-30T11:00:00+02:00,0.203191
2025-06-30T12:00:00+02:00,0.148632
2025-06-30T13:00:00+02:00,0.140440
2025-06-30T14:00:00+02:00,0.142981
2025-06-30T15:00:00+02:00,0.216912
2025-06-30T16:00:00+02:00,0.240265
2025-06-30T17:00:00+02:00,0.253902
2025-06-30T18:00:00+02:00,0.275972
2025-06-30T19:00:00+02:00,0.359377
2025-06-30T20:00:00+02:00,0.493095
2025-06-30T21:00:00+02:00,0.428420
2025-06-30T22:00:00+02:00,0.332830
2025-06-30T23:00:00+02:00,0.291267
2025-07-01T00:00:00+02:00,0.277509
2025-07-01T01:00:00+02:00,0.258282
2025-07-01T02:00:00+02:00,0.250671
2025-07-01T03:00:00+02:00,0.249413
2025-07-01T04:00:00+02:00,0.251772
2025-07-01T05:00:00+02:00,0.259770
2025-07-01T06:00:00+02:00,0.281974
2025-07-01T07:00:00+02:00,0.288181
2025-07-01T08:00:00+02:00,0.281139
2025-07-01T09:00:00+02:00,0.253817
2025-07-01T10:00:00+02:00,0.251893
2025-07-01T11:00:00+02:00,0.232146
2025-07-01T12:00:00+02:00,0.191623
2025-07-01T13:00:00+02:00,0.194249
2025-07-01T14:00:00+02:00,0.200383
2025-07-01T15:00:00+02:00,0.237422
2025-07-01T16:00:00+02:00,0.252728
2025-07-01T17:00:00+02:00,0.266583
2025-07-01T18:00:00+02:00,0.327312
2025-07-01T19:00:00+02:00,0.530060
2025-07-01T20:00:00+02:00,0.769120
2025-07-01T21:00:00+02:00,0.711754
2025-07-01T22:00:00+02:00,0.479458
2025-07-01T23:00:00+02:00,0.338094
2025-07-02T00:00:00+02:00,0.287201
2025-07-02T01:00:00+02:00,0.267127
2025-07-02T02:00:00+02:00,0.254833
2025-07-02T03:00:00+02:00,0.254277
2025-07-02T04:00:00+02:00,0.258742
2025-07-02T05:00:00+02:00,0.269741
2025-07-02T06:00:00+02:00,0.292525
2025-07-02T07:00:00+02:00,0.278380
2025-07-02T08:00:00+02:00,0.269329
2025-07-02T09:00:00+02:00,0.254773
2025-07-02T10:00:00+02:00,0.240943
2025-07-02T11:00:00+02:00,0.230924
2025-07-02T12:00:00+02:00,0.173110
2025-07-02T13:00:00+02:00,0.182294
2025-07-02T14:00:00+02:00,0.199222
2025-07-02T15:00:00+02:00,0.229387
2025-07-02T16:00:00+02:00,0.239188
2025-07-02T17:00:00+02:00,0.253139
2025-07-02T18:00:00+02:00,0.302459
2025-07-02T19:00:00+02:00,0.422600
2025-07-02T20:00:00+02:00,0.525365
2025-07-02T21:00:00+02:00,0.401304
2025-07-02T22:00:00+02:00,0.313228
2025-07-02T23:00:00+02:00,0.274254
2025-07-03T00:00:00+02:00,0.244403
2025-07-03T01:00:00+02:00,0.240761
2025-07-03T02:00:00+02:00,0.238450
2025-07-03T03:00:00+02:00,0.238365
2025-07-03T04:00:00+02:00,0.240725
2025-07-03T05:00:00+02:00,0.247465
2025-07-03T06:00:00+02:00,0.272282
2025-07-03T07:00:00+02:00,0.278380
2025-07-03T08:00:00+02:00,0.269789
2025-07-03T09:00:00+02:00,0.252305
2025-07-03T10:00:00+02:00,0.233683
2025-07-03T11:00:00+02:00,0.212254
2025-07-03T12:00:00+02:00,0.193874
2025-07-03T13:00:00+02:00,0.184145
2025-07-03T14:00:00+02:00,0.151584
2025-07-03T15:00:00+02:00,0.162680
2025-07-03T16:00:00+02:00,0.210233
2025-07-03T17:00:00+02:00,0.240858
2025-07-03T18:00:00+02:00,0.258705
2025-07-03T19:00:00+02:00,0.274399
2025-07-03T20:00:00+02:00,0.329394
2025-07-03T21:00:00+02:00,0.359716
2025-07-03T22:00:00+02:00,0.320040
2025-07-03T23:00:00+02:00,0.300160
2025-07-04T00:00:00+02:00,0.275960
2025-07-04T01:00:00+02:00,0.268047
2025-07-04T02:00:00+02:00,0.263836
2025-07-04T03:00:00+02:00,0.259480
2025-07-04T04:00:00+02:00,0.263763
2025-07-04T05:00:00+02:00,0.268785
2025-07-04T06:00:00+02:00,0.272596
2025-07-04T07:00:00+02:00,0.277521
2025-07-04T08:00:00+02:00,0.263860
2025-07-04T09:00:00+02:00,0.253152
2025-07-04T10:00:00+02:00,0.227572
2025-07-04T11:00:00+02:00,0.145280
2025-07-04T12:00:00+02:00,0.142800
2025-07-04T13:00:00+02:00,0.140972
2025-07-04T14:00:00+02:00,0.141202
2025-07-04T15:00:00+02:00,0.142122
2025-07-04T16:00:00+02:00,0.145679
2025-07-04T17:00:00+02:00,0.217190
2025-07-04T18:00:00+02:00,0.250635
2025-07-04T19:00:00+02:00,0.260847
2025-07-04T20:00:00+02:00,0.297341
2025-07-04T21:00:00+02:00,0.318334
2025-07-04T22:00:00+02:00,0.291642
2025-07-04T23:00:00+02:00,0.267490
2025-07-05T00:00:00+02:00,0.258270
2025-07-05T01:00:00+02:00,0.249776
2025-07-05T02:00:00+02:00,0.252099
2025-07-05T03:00:00+02:00,0.249231
2025-07-05T04:00:00+02:00,0.250865
2025-07-05T05:00:00+02:00,0.238208
2025-07-05T06:00:00+02:00,0.238934
2025-07-05T07:00:00+02:00,0.195265
2025-07-05T08:00:00+02:00,0.164471
2025-07-05T09:00:00+02:00,0.146901
2025-07-05T10:00:00+02:00,0.142860
2025-07-05T11:00:00+02:00,0.142812
2025-07-05T12:00:00+02:00,0.142267
2025-07-05T13:00:00+02:00,0.140440
2025-07-05T14:00:00+02:00,0.141057
2025-07-05T15:00:00+02:00,0.141771
2025-07-05T16:00:00+02:00,0.140440
2025-07-05T17:00:00+02:00,0.142860
2025-07-05T18:00:00+02:00,0.192990
2025-07-05T19:00:00+02:00,0.245625
2025-07-05T20:00:00+02:00,0.275730
2025-07-05T21:00:00+02:00,0.283220
2025-07-05T22:00:00+02:00,0.283220
2025-07-05T23:00:00+02:00,0.272608
2025-07-06T00:00:00+02:00,0.256927
2025-07-06T01:00:00+02:00,0.248989
2025-07-06T02:00:00+02:00,0.243266
2025-07-06T03:00:00+02:00,0.239902
2025-07-06T04:00:00+02:00,0.240725
2025-07-06T05:00:00+02:00,0.246835
2025-07-06T06:00:00+02:00,0.245383
2025-07-06T07:00:00+02:00,0.244452
2025-07-06T08:00:00+02:00,0.234372
2025-07-06T09:00:00+02:00,0.209180
2025-07-06T10:00:00+02:00,0.176317
2025-07-06T11:00:00+02:00,0.167060
2025-07-06T12:00:00+02:00,0.167181
2025-07-06T13:00:00+02:00,0.181604
2025-07-06T14:00:00+02:00,0.163430
2025-07-06T15:00:00+02:00,0.213064
2025-07-06T16:00:00+02:00,0.239660
2025-07-06T17:00:00+02:00,0.272354
2025-07-06T18:00:00+02:00,0.278755
2025-07-06T19:00:00+02:00,0.293263
2025-07-06T20:00:00+02:00,0.306706
2025-07-06T21:00:00+02:00,0.311546
2025-07-06T22:00:00+02:00,0.297861
2025-07-06T23:00:00+02:00,0.282409
2025-07-07T00:00:00+02:00,0.295175
2025-07-07T01:00:00+02:00,0.281248
2025-07-07T02:00:00+02:00,0.273613
2025-07-07T03:00:00+02:00,0.265070
2025-07-07T04:00:00+02:00,0.265070
2025-07-07T05:00:00+02:00,0.264949
2025-07-07T06:00:00+02:00,0.287758
2025-07-07T07:00:00+02:00,0.292392
2025-07-07T08:00:00+02:00,0.315660
2025-07-07T09:00:00+02:00,0.292041
2025-07-07T10:00:00+02:00,0.261851
2025-07-07T11:00:00+02:00,0.254628
2025-07-07T12:00:00+02:00,0.238111
2025-07-07T13:00:00+02:00,0.216404
2025-07-07T14:00:00+02:00,0.178059
2025-07-07T15:00:00+02:00,0.150314
2025-07-07T16:00:00+02:00,0.156170
2025-07-07T17:00:00+02:00,0.215835
2025-07-07T18:00:00+02:00,0.237216
2025-07-07T19:00:00+02:00,0.250974
2025-07-07T20:00:00+02:00,0.264102
2025-07-07T21:00:00+02:00,0.284031
2025-07-07T22:00:00+02:00,0.286535
2025-07-07T23:00:00+02:00,0.263860
2025-07-08T00:00:00+02:00,0.273322
2025-07-08T01:00:00+02:00,0.259952
2025-07-08T02:00:00+02:00,0.241463
2025-07-08T03:00:00+02:00,0.245710
2025-07-08T04:00:00+02:00,0.246775
2025-07-08T05:00:00+02:00,0.253139
2025-07-08T06:00:00+02:00,0.273528
2025-07-08T07:00:00+02:00,0.286427
2025-07-08T08:00:00+02:00,0.285350
2025-07-08T09:00:00+02:00,0.262444
2025-07-08T10:00:00+02:00,0.236042
2025-07-08T11:00:00+02:00,0.226290
2025-07-08T12:00:00+02:00,0.209604
2025-07-08T13:00:00+02:00,0.201364
2025-07-08T14:00:00+02:00,0.198581
2025-07-08T15:00:00+02:00,0.200432
2025-07-08T16:00:00+02:00,0.215847
2025-07-08T17:00:00+02:00,0.244924
2025-07-08T18:00:00+02:00,0.248626
2025-07-08T19:00:00+02:00,0.272330
2025-07-08T20:00:00+02:00,0.295913
2025-07-08T21:00:00+02:00,0.297135
2025-07-08T22:00:00+02:00,0.285785
2025-07-08T23:00:00+02:00,0.266510
2025-07-09T00:00:00+02:00,0.263267
2025-07-09T01:00:00+02:00,0.253321
2025-07-09T02:00:00+02:00,0.250030
2025-07-09T03:00:00+02:00,0.252268
2025-07-09T04:00:00+02:00,0.253648
2025-07-09T05:00:00+02:00,0.263860
2025-07-09T06:00:00+02:00,0.280389
2025-07-09T07:00:00+02:00,0.283777
2025-07-09T08:00:00+02:00,0.287298
2025-07-09T09:00:00+02:00,0.262662
2025-07-09T10:00:00+02:00,0.252934
2025-07-09T11:00:00+02:00,0.244391
2025-07-09T12:00:00+02:00,0.227439
2025-07-09T13:00:00+02:00,0.194237
2025-07-09T14:00:00+02:00,0.186420
2025-07-09T15:00:00+02:00,0.193123
2025-07-09T16:00:00+02:00,0.235824
2025-07-09T17:00:00+02:00,0.253563
2025-07-09T18:00:00+02:00,0.268337
2025-07-09T19:00:00+02:00,0.285301
2025-07-09T20:00:00+02:00,0.312986
2025-07-09T21:00:00+02:00,0.320258
2025-07-09T22:00:00+02:00,0.290480
2025-07-09T23:00:00+02:00,0.271193
2025-07-10T00:00:00+02:00,0.264961
2025-07-10T01:00:00+02:00,0.258693
2025-07-10T02:00:00+02:00,0.250671
2025-07-10T03:00:00+02:00,0.247465
2025-07-10T04:00:00+02:00,0.249304
2025-07-10T05:00:00+02:00,0.261730
2025-07-10T06:00:00+02:00,0.273673
2025-07-10T07:00:00+02:00,0.272983
2025-07-10T08:00:00+02:00,0.272608
2025-07-10T09:00:00+02:00,0.256237
2025-07-10T10:00:00+02:00,0.249062
2025-07-10T11:00:00+02:00,0.227003
2025-07-10T12:00:00+02:00,0.197782
2025-07-10T13:00:00+02:00,0.191345
2025-07-10T14:00:00+02:00,0.191139
2025-07-10T15:00:00+02:00,0.211685
2025-07-10T16:00:00+02:00,0.235788
2025-07-10T17:00:00+02:00,0.251712
2025-07-10T18:00:00+02:00,0.264102
2025-07-10T19:00:00+02:00,0.283075
2025-07-10T20:00:00+02:00,0.308872
2025-07-10T21:00:00+02:00,0.307372
2025-07-10T22:00:00+02:00,0.290274
2025-07-10T23:00:00+02:00,0.274593
2025-07-11T00:00:00+02:00,0.274520
2025-07-11T01:00:00+02:00,0.267950
2025-07-11T02:00:00+02:00,0.262989
2025-07-11T03:00:00+02:00,0.256164
2025-07-11T04:00:00+02:00,0.256794
2025-07-11T05:00:00+02:00,0.264574
2025-07-11T06:00:00+02:00,0.275948
2025-07-11T07:00:00+02:00,0.275839
2025-07-11T08:00:00+02:00,0.278900
2025-07-11T09:00:00+02:00,0.261440
2025-07-11T10:00:00+02:00,0.251929
2025-07-11T11:00:00+02:00,0.239902
2025-07-11T12:00:00+02:00,0.234130
2025-07-11T13:00:00+02:00,0.200964
2025-07-11T14:00:00+02:00,0.181628
2025-07-11T15:00:00+02:00,0.188961
2025-07-11T16:00:00+02:00,0.220264
2025-07-11T17:00:00+02:00,0.251228
2025-07-11T18:00:00+02:00,0.252680
2025-07-11T19:00:00+02:00,0.272088
2025-07-11T20:00:00+02:00,0.294776
2025-07-11T21:00:00+02:00,0.297365
2025-07-11T22:00:00+02:00,0.283559
2025-07-11T23:00:00+02:00,0.271471
2025-07-12T00:00:00+02:00,0.281756
2025-07-12T01:00:00+02:00,0.273117
2025-07-12T02:00:00+02:00,0.273407
2025-07-12T03:00:00+02:00,0.265215
2025-07-12T04:00:00+02:00,0.260750
2025-07-12T05:00:00+02:00,0.256298
2025-07-12T06:00:00+02:00,0.249897
2025-07-12T07:00:00+02:00,0.253490
2025-07-12T08:00:00+02:00,0.256225
2025-07-12T09:00:00+02:00,0.215279
2025-07-12T10:00:00+02:00,0.164870
2025-07-12T11:00:00+02:00,0.146490
2025-07-12T12:00:00+02:00,0.143126
2025-07-12T13:00:00+02:00,0.142860
2025-07-12T14:00:00+02:00,0.142860
2025-07-12T15:00:00+02:00,0.143126
2025-07-12T16:00:00+02:00,0.163152
2025-07-12T17:00:00+02:00,0.229097
2025-07-12T18:00:00+02:00,0.266280
2025-07-12T19:00:00+02:00,0.272149
2025-07-12T20:00:00+02:00,0.288060
2025-07-12T21:00:00+02:00,0.298369
2025-07-12T22:00:00+02:00,0.295489
2025-07-12T23:00:00+02:00,0.285108
2025-07-13T00:00:00+02:00,0.286064
2025-07-13T01:00:00+02:00,0.279493
2025-07-13T02:00:00+02:00,0.281441
2025-07-13T03:00:00+02:00,0.277763
2025-07-13T04:00:00+02:00,0.276408
2025-07-13T05:00:00+02:00,0.271616
2025-07-13T06:00:00+02:00,0.263739
2025-07-13T07:00:00+02:00,0.260799
2025-07-13T08:00:00+02:00,0.254507
2025-07-13T09:00:00+02:00,0.215460
2025-07-13T10:00:00+02:00,0.148039
2025-07-13T11:00:00+02:00,0.142921
2025-07-13T12:00:00+02:00,0.142860
2025-07-13T13:00:00+02:00,0.142860
2025-07-13T14:00:00+02:00,0.142860
2025-07-13T15:00:00+02:00,0.142860
2025-07-13T16:00:00+02:00,0.145994
2025-07-13T17:00:00+02:00,0.245783
2025-07-13T18:00:00+02:00,0.265857
2025-07-13T19:00:00+02:00,0.282760
2025-07-13T20:00:00+02:00,0.288314
2025-07-13T21:00:00+02:00,0.297764
2025-07-13T22:00:00+02:00,0.296457
2025-07-13T23:00:00+02:00,0.282506
2025-07-14T00:00:00+02:00,0.284551
2025-07-14T01:00:00+02:00,0.268712
2025-07-14T02:00:00+02:00,0.261646
2025-07-14T03:00:00+02:00,0.257737
2025-07-14T04:00:00+02:00,0.262783
2025-07-14T05:00:00+02:00,0.272548
2025-07-14T06:00:00+02:00,0.287032
2025-07-14T07:00:00+02:00,0.292900
2025-07-14T08:00:00+02:00,0.278634
2025-07-14T09:00:00+02:00,0.263485
2025-07-14T10:00:00+02:00,0.257302
2025-07-14T11:00:00+02:00,0.244524
2025-07-14T12:00:00+02:00,0.225140
2025-07-14T13:00:00+02:00,0.216924
2025-07-14T14:00:00+02:00,0.208466
2025-07-14T15:00:00+02:00,0.204691
2025-07-14T16:00:00+02:00,0.222720
2025-07-14T17:00:00+02:00,0.240737
2025-07-14T18:00:00+02:00,0.259141
2025-07-14T19:00:00+02:00,0.261440
2025-07-14T20:00:00+02:00,0.283377
2025-07-14T21:00:00+02:00,0.310760
2025-07-14T22:00:00+02:00,0.294255
2025-07-14T23:00:00+02:00,0.277376
2025-07-15T00:00:00+02:00,0.263739
2025-07-15T01:00:00+02:00,0.259976
2025-07-15T02:00:00+02:00,0.252050
2025-07-15T03:00:00+02:00,0.247465
2025-07-15T04:00:00+02:00,0.245831
2025-07-15T05:00:00+02:00,0.253055
2025-07-15T06:00:00+02:00,0.268119
2025-07-15T07:00:00+02:00,0.275960
2025-07-15T08:00:00+02:00,0.270576
2025-07-15T09:00:00+02:00,0.250151
2025-07-15T10:00:00+02:00,0.229411
2025-07-15T11:00:00+02:00,0.217239
2025-07-15T12:00:00+02:00,0.163430
2025-07-15T13:00:00+02:00,0.151596
2025-07-15T14:00:00+02:00,0.158772
2025-07-15T15:00:00+02:00,0.180636
2025-07-15T16:00:00+02:00,0.213209
2025-07-15T17:00:00+02:00,0.239999
2025-07-15T18:00:00+02:00,0.260121
2025-07-15T19:00:00+02:00,0.271665
2025-07-15T20:00:00+02:00,0.287649
2025-07-15T21:00:00+02:00,0.287939
2025-07-15T22:00:00+02:00,0.282869
2025-07-15T23:00:00+02:00,0.262287
2025-07-16T00:00:00+02:00,0.258814
2025-07-16T01:00:00+02:00,0.253018
2025-07-16T02:00:00+02:00,0.244500
2025-07-16T03:00:00+02:00,0.240180
2025-07-16T04:00:00+02:00,0.240822
2025-07-16T05:00:00+02:00,0.247707
2025-07-16T06:00:00+02:00,0.265215
2025-07-16T07:00:00+02:00,0.274847
2025-07-16T08:00:00+02:00,0.274859
2025-07-16T09:00:00+02:00,0.263739
2025-07-16T10:00:00+02:00,0.242867
2025-07-16T11:00:00+02:00,0.234384
2025-07-16T12:00:00+02:00,0.237252
2025-07-16T13:00:00+02:00,0.230500
2025-07-16T14:00:00+02:00,0.218909
2025-07-16T15:00:00+02:00,0.219393
2025-07-16T16:00:00+02:00,0.231807
2025-07-16T17:00:00+02:00,0.245020
2025-07-16T18:00:00+02:00,0.262227
2025-07-16T19:00:00+02:00,0.275573
2025-07-16T20:00:00+02:00,0.289028
2025-07-16T21:00:00+02:00,0.303427
2025-07-16T22:00:00+02:00,0.289609
2025-07-16T23:00:00+02:00,0.276868
2025-07-17T00:00:00+02:00,0.268591
2025-07-17T01:00:00+02:00,0.261948
2025-07-17T02:00:00+02:00,0.251808
2025-07-17T03:00:00+02:00,0.245952
2025-07-17T04:00:00+02:00,0.247513
2025-07-17T05:00:00+02:00,0.250840
2025-07-17T06:00:00+02:00,0.269136
2025-07-17T07:00:00+02:00,0.275887
2025-07-17T08:00:00+02:00,0.271023
2025-07-17T09:00:00+02:00,0.255511
2025-07-17T10:00:00+02:00,0.245710
2025-07-17T11:00:00+02:00,0.236115
2025-07-17T12:00:00+02:00,0.227766
2025-07-17T13:00:00+02:00,0.209991
2025-07-17T14:00:00+02:00,0.203638
2025-07-17T15:00:00+02:00,0.223071
2025-07-17T16:00:00+02:00,0.233961
2025-07-17T17:00:00+02:00,0.243205
2025-07-17T18:00:00+02:00,0.259734
2025-07-17T19:00:00+02:00,0.277376
2025-07-17T20:00:00+02:00,0.290492
2025-07-17T21:00:00+02:00,0.303935
2025-07-17T22:00:00+02:00,0.294195
2025-07-17T23:00:00+02:00,0.281018
2025-07-18T00:00:00+02:00,0.273225
2025-07-18T01:00:00+02:00,0.262190
2025-07-18T02:00:00+02:00,0.258681
2025-07-18T03:00:00+02:00,0.258173
2025-07-18T04:00:00+02:00,0.260303
2025-07-18T05:00:00+02:00,0.271689
2025-07-18T06:00:00+02:00,0.279179
2025-07-18T07:00:00+02:00,0.280316
2025-07-18T08:00:00+02:00,0.275222
2025-07-18T09:00:00+02:00,0.262904
2025-07-18T10:00:00+02:00,0.246472
2025-07-18T11:00:00+02:00,0.242177
2025-07-18T12:00:00+02:00,0.239660
2025-07-18T13:00:00+02:00,0.231214
2025-07-18T14:00:00+02:00,0.229012
2025-07-18T15:00:00+02:00,0.230803
2025-07-18T16:00:00+02:00,0.240326
2025-07-18T17:00:00+02:00,0.245323
2025-07-18T18:00:00+02:00,0.263594
2025-07-18T19:00:00+02:00,0.288399
2025-07-18T20:00:00+02:00,0.320186
2025-07-18T21:00:00+02:00,0.320730
2025-07-18T22:00:00+02:00,0.296385
2025-07-18T23:00:00+02:00,0.280715
2025-07-19T00:00:00+02:00,0.273056
2025-07-19T01:00:00+02:00,0.270334
2025-07-19T02:00:00+02:00,0.267079
2025-07-19T03:00:00+02:00,0.265832
2025-07-19T04:00:00+02:00,0.261900
2025-07-19T05:00:00+02:00,0.256225
2025-07-19T06:00:00+02:00,0.259371
2025-07-19T07:00:00+02:00,0.249231
2025-07-19T08:00:00+02:00,0.242709
2025-07-19T09:00:00+02:00,0.210620
2025-07-19T10:00:00+02:00,0.154960
2025-07-19T11:00:00+02:00,0.143647
2025-07-19T12:00:00+02:00,0.142860
2025-07-19T13:00:00+02:00,0.142848
2025-07-19T14:00:00+02:00,0.142860
2025-07-19T15:00:00+02:00,0.145510
2025-07-19T16:00:00+02:00,0.181386
2025-07-19T17:00:00+02:00,0.248106
2025-07-19T18:00:00+02:00,0.261924
2025-07-19T19:00:00+02:00,0.283002
2025-07-19T20:00:00+02:00,0.289585
2025-07-19T21:00:00+02:00,0.278562
2025-07-19T22:00:00+02:00,0.271447
2025-07-19T23:00:00+02:00,0.263110
2025-07-20T00:00:00+02:00,0.244210
2025-07-20T01:00:00+02:00,0.250477
2025-07-20T02:00:00+02:00,0.262081
2025-07-20T03:00:00+02:00,0.256818
2025-07-20T04:00:00+02:00,0.265917
2025-07-20T05:00:00+02:00,0.261972
2025-07-20T06:00:00+02:00,0.260472
2025-07-20T07:00:00+02:00,0.249872
2025-07-20T08:00:00+02:00,0.249582
2025-07-20T09:00:00+02:00,0.218921
2025-07-20T10:00:00+02:00,0.160369
2025-07-20T11:00:00+02:00,0.146853
2025-07-20T12:00:00+02:00,0.142860
2025-07-20T13:00:00+02:00,0.142848
2025-07-20T14:00:00+02:00,0.142860
2025-07-20T15:00:00+02:00,0.160562
2025-07-20T16:00:00+02:00,0.226749
2025-07-20T17:00:00+02:00,0.246872
2025-07-20T18:00:00+02:00,0.272366
2025-07-20T19:00:00+02:00,0.278380
2025-07-20T20:00:00+02:00,0.283220
2025-07-20T21:00:00+02:00,0.293989
2025-07-20T22:00:00+02:00,0.289125
2025-07-20T23:00:00+02:00,0.274811
2025-07-21T00:00:00+02:00,0.254180
2025-07-21T01:00:00+02:00,0.246569
2025-07-21T02:00:00+02:00,0.248989
2025-07-21T03:00:00+02:00,0.248372
2025-07-21T04:00:00+02:00,0.244645
2025-07-21T05:00:00+02:00,0.255221
2025-07-21T06:00:00+02:00,0.268555
2025-07-21T07:00:00+02:00,0.263981
2025-07-21T08:00:00+02:00,0.258161
2025-07-21T09:00:00+02:00,0.252789
2025-07-21T10:00:00+02:00,0.227500
2025-07-21T11:00:00+02:00,0.224003
2025-07-21T12:00:00+02:00,0.232412
2025-07-21T13:00:00+02:00,0.233562
2025-07-21T14:00:00+02:00,0.237990
2025-07-21T15:00:00+02:00,0.236877
2025-07-21T16:00:00+02:00,0.243411
2025-07-21T17:00:00+02:00,0.260073
2025-07-21T18:00:00+02:00,0.268022
2025-07-21T19:00:00+02:00,0.299301
2025-07-21T20:00:00+02:00,0.306730
2025-07-21T21:00:00+02:00,0.299712
2025-07-21T22:00:00+02:00,0.277255
2025-07-21T23:00:00+02:00,0.263908
2025-07-22T00:00:00+02:00,0.257495
2025-07-22T01:00:00+02:00,0.248372
2025-07-22T02:00:00+02:00,0.246291
2025-07-22T03:00:00+02:00,0.242080
2025-07-22T04:00:00+02:00,0.240870
2025-07-22T05:00:00+02:00,0.247779
2025-07-22T06:00:00+02:00,0.270745
2025-07-22T07:00:00+02:00,0.271604
2025-07-22T08:00:00+02:00,0.271483
2025-07-22T09:00:00+02:00,0.250429
2025-07-22T10:00:00+02:00,0.237627
2025-07-22T11:00:00+02:00,0.219538
2025-07-22T12:00:00+02:00,0.189155
2025-07-22T13:00:00+02:00,0.155819
2025-07-22T14:00:00+02:00,0.143405
2025-07-22T15:00:00+02:00,0.148353
2025-07-22T16:00:00+02:00,0.187618
2025-07-22T17:00:00+02:00,0.234566
2025-07-22T18:00:00+02:00,0.248796
2025-07-22T19:00:00+02:00,0.273310
2025-07-22T20:00:00+02:00,0.279989
2025-07-22T21:00:00+02:00,0.280340
2025-07-22T22:00:00+02:00,0.274302
2025-07-22T23:00:00+02:00,0.267623
2025-07-23T00:00:00+02:00,0.249292
2025-07-23T01:00:00+02:00,0.239854
2025-07-23T02:00:00+02:00,0.238039
2025-07-23T03:00:00+02:00,0.235667
2025-07-23T04:00:00+02:00,0.237240
2025-07-23T05:00:00+02:00,0.239418
2025-07-23T06:00:00+02:00,0.253962
2025-07-23T07:00:00+02:00,0.263727
2025-07-23T08:00:00+02:00,0.259625
2025-07-23T09:00:00+02:00,0.247561
2025-07-23T10:00:00+02:00,0.245795
2025-07-23T11:00:00+02:00,0.241717
2025-07-23T12:00:00+02:00,0.229339
2025-07-23T13:00:00+02:00,0.206760
2025-07-23T14:00:00+02:00,0.208200
2025-07-23T15:00:00+02:00,0.207873
2025-07-23T16:00:00+02:00,0.226132
2025-07-23T17:00:00+02:00,0.239055
2025-07-23T18:00:00+02:00,0.250018
2025-07-23T19:00:00+02:00,0.272040
2025-07-23T20:00:00+02:00,0.281647
2025-07-23T21:00:00+02:00,0.288060
2025-07-23T22:00:00+02:00,0.276831
2025-07-23T23:00:00+02:00,0.267563
2025-07-24T00:00:00+02:00,0.260835
2025-07-24T01:00:00+02:00,0.255354
2025-07-24T02:00:00+02:00,0.249413
2025-07-24T03:00:00+02:00,0.248142
2025-07-24T04:00:00+02:00,0.251554
2025-07-24T05:00:00+02:00,0.263739
2025-07-24T06:00:00+02:00,0.275016
2025-07-24T07:00:00+02:00,0.253551
2025-07-24T08:00:00+02:00,0.257689
2025-07-24T09:00:00+02:00,0.258379
2025-07-24T10:00:00+02:00,0.247622
2025-07-24T11:00:00+02:00,0.241741
2025-07-24T12:00:00+02:00,0.240386
2025-07-24T13:00:00+02:00,0.232400
2025-07-24T14:00:00+02:00,0.232908
2025-07-24T15:00:00+02:00,0.237155
2025-07-24T16:00:00+02:00,0.244270
2025-07-24T17:00:00+02:00,0.256189
2025-07-24T18:00:00+02:00,0.268700
2025-07-24T19:00:00+02:00,0.276045
2025-07-24T20:00:00+02:00,0.321408
2025-07-24T21:00:00+02:00,0.306948
2025-07-24T22:00:00+02:00,0.284914
2025-07-24T23:00:00+02:00,0.274266
2025-07-25T00:00:00+02:00,0.275004
2025-07-25T01:00:00+02:00,0.267369
2025-07-25T02:00:00+02:00,0.257689
2025-07-25T03:00:00+02:00,0.250465
2025-07-25T04:00:00+02:00,0.253829
2025-07-25T05:00:00+02:00,0.256866
2025-07-25T06:00:00+02:00,0.271241
2025-07-25T07:00:00+02:00,0.273540
2025-07-25T08:00:00+02:00,0.276093
2025-07-25T09:00:00+02:00,0.259976
2025-07-25T10:00:00+02:00,0.251881
2025-07-25T11:00:00+02:00,0.244077
2025-07-25T12:00:00+02:00,0.241294
2025-07-25T13:00:00+02:00,0.230803
2025-07-25T14:00:00+02:00,0.225527
2025-07-25T15:00:00+02:00,0.233053
2025-07-25T16:00:00+02:00,0.235933
2025-07-25T17:00:00+02:00,0.241499
2025-07-25T18:00:00+02:00,0.250369
2025-07-25T19:00:00+02:00,0.268833
2025-07-25T20:00:00+02:00,0.284962
2025-07-25T21:00:00+02:00,0.288907
2025-07-25T22:00:00+02:00,0.280800
2025-07-25T23:00:00+02:00,0.275403
2025-07-26T00:00:00+02:00,0.274956
2025-07-26T01:00:00+02:00,0.262977
2025-07-26T02:00:00+02:00,0.256273
2025-07-26T03:00:00+02:00,0.253696
2025-07-26T04:00:00+02:00,0.251857
2025-07-26T05:00:00+02:00,0.250986
2025-07-26T06:00:00+02:00,0.254652
2025-07-26T07:00:00+02:00,0.252861
2025-07-26T08:00:00+02:00,0.245323
2025-07-26T09:00:00+02:00,0.238644
2025-07-26T10:00:00+02:00,0.229266
2025-07-26T11:00:00+02:00,0.222986
2025-07-26T12:00:00+02:00,0.214516
2025-07-26T13:00:00+02:00,0.196802
2025-07-26T14:00:00+02:00,0.196124
2025-07-26T15:00:00+02:00,0.215629
2025-07-26T16:00:00+02:00,0.223168
2025-07-26T17:00:00+02:00,0.235074
2025-07-26T18:00:00+02:00,0.251082
2025-07-26T19:00:00+02:00,0.276904
2025-07-26T20:00:00+02:00,0.290420
2025-07-26T21:00:00+02:00,0.298018
2025-07-26T22:00:00+02:00,0.287770
2025-07-26T23:00:00+02:00,0.276444
2025-07-27T00:00:00+02:00,0.271459
2025-07-27T01:00:00+02:00,0.266425
2025-07-27T02:00:00+02:00,0.263739
2025-07-27T03:00:00+02:00,0.254265
2025-07-27T04:00:00+02:00,0.254168
2025-07-27T05:00:00+02:00,0.251615
2025-07-27T06:00:00+02:00,0.250296
2025-07-27T07:00:00+02:00,0.247162
2025-07-27T08:00:00+02:00,0.247465
2025-07-27T09:00:00+02:00,0.246484
2025-07-27T10:00:00+02:00,0.229956
2025-07-27T11:00:00+02:00,0.225140
2025-07-27T12:00:00+02:00,0.197237
2025-07-27T13:00:00+02:00,0.161058
2025-07-27T14:00:00+02:00,0.153569
2025-07-27T15:00:00+02:00,0.163793
2025-07-27T16:00:00+02:00,0.201061
2025-07-27T17:00:00+02:00,0.239660
2025-07-27T18:00:00+02:00,0.255003
2025-07-27T19:00:00+02:00,0.269511
2025-07-27T20:00:00+02:00,0.275839
2025-07-27T21:00:00+02:00,0.281659
2025-07-27T22:00:00+02:00,0.272729
2025-07-27T23:00:00+02:00,0.269027
2025-07-28T00:00:00+02:00,0.263860
2025-07-28T01:00:00+02:00,0.250272
2025-07-28T02:00:00+02:00,0.244173
2025-07-28T03:00:00+02:00,0.236502
2025-07-28T04:00:00+02:00,0.234820
2025-07-28T05:00:00+02:00,0.244911
2025-07-28T06:00:00+02:00,0.262190
2025-07-28T07:00:00+02:00,0.274641
2025-07-28T08:00:00+02:00,0.278380
2025-07-28T09:00:00+02:00,0.255354
2025-07-28T10:00:00+02:00,0.246121
2025-07-28T11:00:00+02:00,0.238946
2025-07-28T12:00:00+02:00,0.229363
2025-07-28T13:00:00+02:00,0.224220
2025-07-28T14:00:00+02:00,0.213040
2025-07-28T15:00:00+02:00,0.218896
2025-07-28T16:00:00+02:00,0.222756
2025-07-28T17:00:00+02:00,0.236405
2025-07-28T18:00:00+02:00,0.250949
2025-07-28T19:00:00+02:00,0.263739
2025-07-28T20:00:00+02:00,0.288060
2025-07-28T21:00:00+02:00,0.287939
2025-07-28T22:00:00+02:00,0.272996
2025-07-28T23:00:00+02:00,0.251760
2025-07-29T00:00:00+02:00,0.245964
2025-07-29T01:00:00+02:00,0.240241
2025-07-29T02:00:00+02:00,0.238886
2025-07-29T03:00:00+02:00,0.237506
2025-07-29T04:00:00+02:00,0.238801
2025-07-29T05:00:00+02:00,0.249776
2025-07-29T06:00:00+02:00,0.264586
2025-07-29T07:00:00+02:00,0.275960
2025-07-29T08:00:00+02:00,0.267732
2025-07-29T09:00:00+02:00,0.235691
2025-07-29T10:00:00+02:00,0.217469
2025-07-29T11:00:00+02:00,0.204074
2025-07-29T12:00:00+02:00,0.173957
2025-07-29T13:00:00+02:00,0.148087
2025-07-29T14:00:00+02:00,0.144663
2025-07-29T15:00:00+02:00,0.151015
2025-07-29T16:00:00+02:00,0.194285
2025-07-29T17:00:00+02:00,0.234820
2025-07-29T18:00:00+02:00,0.253454
2025-07-29T19:00:00+02:00,0.277388
2025-07-29T20:00:00+02:00,0.306041
2025-07-29T21:00:00+02:00,0.300039
2025-07-29T22:00:00+02:00,0.279735
2025-07-29T23:00:00+02:00,0.269414
2025-07-30T00:00:00+02:00,0.254374
2025-07-30T01:00:00+02:00,0.249328
2025-07-30T02:00:00+02:00,0.246920
2025-07-30T03:00:00+02:00,0.236248
2025-07-30T04:00:00+02:00,0.237543
2025-07-30T05:00:00+02:00,0.248917
2025-07-30T06:00:00+02:00,0.259577
2025-07-30T07:00:00+02:00,0.257871
2025-07-30T08:00:00+02:00,0.261815
2025-07-30T09:00:00+02:00,0.242746
2025-07-30T10:00:00+02:00,0.219441
2025-07-30T11:00:00+02:00,0.191708
2025-07-30T12:00:00+02:00,0.172856
2025-07-30T13:00:00+02:00,0.164265
2025-07-30T14:00:00+02:00,0.155807
2025-07-30T15:00:00+02:00,0.176014
2025-07-30T16:00:00+02:00,0.192845
2025-07-30T17:00:00+02:00,0.226580
2025-07-30T18:00:00+02:00,0.248348
2025-07-30T19:00:00+02:00,0.269910
2025-07-30T20:00:00+02:00,0.282676
2025-07-30T21:00:00+02:00,0.277243
2025-07-30T22:00:00+02:00,0.268882
2025-07-30T23:00:00+02:00,0.255426
2025-07-31T00:00:00+02:00,0.251119
2025-07-31T01:00:00+02:00,0.243871
2025-07-31T02:00:00+02:00,0.239600
2025-07-31T03:00:00+02:00,0.239079
2025-07-31T04:00:00+02:00,0.237857
2025-07-31T05:00:00+02:00,0.243580
2025-07-31T06:00:00+02:00,0.264768
2025-07-31T07:00:00+02:00,0.264477
2025-07-31T08:00:00+02:00,0.256951
2025-07-31T09:00:00+02:00,0.256479
2025-07-31T10:00:00+02:00,0.232606
2025-07-31T11:00:00+02:00,0.222526
2025-07-31T12:00:00+02:00,0.213040
2025-07-31T13:00:00+02:00,0.195556
2025-07-31T14:00:00+02:00,0.183274
2025-07-31T15:00:00+02:00,0.204062
2025-07-31T16:00:00+02:00,0.225503
2025-07-31T17:00:00+02:00,0.245178
2025-07-31T18:00:00+02:00,0.260012
2025-07-31T19:00:00+02:00,0.283426
2025-07-31T20:00:00+02:00,0.302495
2025-07-31T21:00:00+02:00,0.296179
2025-07-31T22:00:00+02:00,0.281732
2025-07-31T23:00:00+02:00,0.267986
2025-08-01T00:00:00+02:00,0.270479
2025-08-01T01:00:00+02:00,0.262093
2025-08-01T02:00:00+02:00,0.254362
2025-08-01T03:00:00+02:00,0.250562
2025-08-01T04:00:00+02:00,0.252571
2025-08-01T05:00:00+02:00,0.260908
2025-08-01T06:00:00+02:00,0.269063
2025-08-01T07:00:00+02:00,0.273540
2025-08-01T08:00:00+02:00,0.271894
2025-08-01T09:00:00+02:00,0.268301
2025-08-01T10:00:00+02:00,0.261380
2025-08-01T11:00:00+02:00,0.244621
2025-08-01T12:00:00+02:00,0.227270
2025-08-01T13:00:00+02:00,0.210330
2025-08-01T14:00:00+02:00,0.196403
2025-08-01T15:00:00+02:00,0.195144
2025-08-01T16:00:00+02:00,0.218158
2025-08-01T17:00:00+02:00,0.235522
2025-08-01T18:00:00+02:00,0.251881
2025-08-01T19:00:00+02:00,0.275367
2025-08-01T20:00:00+02:00,0.285797
2025-08-01T21:00:00+02:00,0.285047
2025-08-01T22:00:00+02:00,0.276831
2025-08-01T23:00:00+02:00,0.267163
2025-08-02T00:00:00+02:00,0.268773
2025-08-02T01:00:00+02:00,0.262093
2025-08-02T02:00:00+02:00,0.257665
2025-08-02T03:00:00+02:00,0.249267
2025-08-02T04:00:00+02:00,0.248166
2025-08-02T05:00:00+02:00,0.247404
2025-08-02T06:00:00+02:00,0.248082
2025-08-02T07:00:00+02:00,0.240604
2025-08-02T08:00:00+02:00,0.234227
2025-08-02T09:00:00+02:00,0.215170
2025-08-02T10:00:00+02:00,0.177454
2025-08-02T11:00:00+02:00,0.149733
2025-08-02T12:00:00+02:00,0.146430
2025-08-02T13:00:00+02:00,0.142860
2025-08-02T14:00:00+02:00,0.142860
2025-08-02T15:00:00+02:00,0.142860
2025-08-02T16:00:00+02:00,0.148232
2025-08-02T17:00:00+02:00,0.206337
2025-08-02T18:00:00+02:00,0.243387
2025-08-02T19:00:00+02:00,0.274641
2025-08-02T20:00:00+02:00,0.283402
2025-08-02T21:00:00+02:00,0.275960
2025-08-02T22:00:00+02:00,0.270176
2025-08-02T23:00:00+02:00,0.260932
2025-08-03T00:00:00+02:00,0.246702
2025-08-03T01:00:00+02:00,0.236659
2025-08-03T02:00:00+02:00,0.231831
2025-08-03T03:00:00+02:00,0.222684
2025-08-03T04:00:00+02:00,0.218751
2025-08-03T05:00:00+02:00,0.215436
2025-08-03T06:00:00+02:00,0.199488
2025-08-03T07:00:00+02:00,0.181580
2025-08-03T08:00:00+02:00,0.150314
2025-08-03T09:00:00+02:00,0.142860
2025-08-03T10:00:00+02:00,0.141638
2025-08-03T11:00:00+02:00,0.140319
2025-08-03T12:00:00+02:00,0.139230
2025-08-03T13:00:00+02:00,0.130881
2025-08-03T14:00:00+02:00,0.130663
2025-08-03T15:00:00+02:00,0.136834
2025-08-03T16:00:00+02:00,0.141045
2025-08-03T17:00:00+02:00,0.146684
2025-08-03T18:00:00+02:00,0.222962
2025-08-03T19:00:00+02:00,0.255463
2025-08-03T20:00:00+02:00,0.264901
2025-08-03T21:00:00+02:00,0.259105
2025-08-03T22:00:00+02:00,0.260641
2025-08-03T23:00:00+02:00,0.245819
2025-08-04T00:00:00+02:00,0.240931
2025-08-04T01:00:00+02:00,0.227645
2025-08-04T02:00:00+02:00,0.227524
2025-08-04T03:00:00+02:00,0.232666
2025-08-04T04:00:00+02:00,0.234445
2025-08-04T05:00:00+02:00,0.246255
2025-08-04T06:00:00+02:00,0.261537
2025-08-04T07:00:00+02:00,0.272040
2025-08-04T08:00:00+02:00,0.269983
2025-08-04T09:00:00+02:00,0.264973
2025-08-04T10:00:00+02:00,0.237676
2025-08-04T11:00:00+02:00,0.202803
2025-08-04T12:00:00+02:00,0.159086
2025-08-04T13:00:00+02:00,0.147761
2025-08-04T14:00:00+02:00,0.143647
2025-08-04T15:00:00+02:00,0.142884
2025-08-04T16:00:00+02:00,0.156400
2025-08-04T17:00:00+02:00,0.189179
2025-08-04T18:00:00+02:00,0.221607
2025-08-04T19:00:00+02:00,0.244064
2025-08-04T20:00:00+02:00,0.240338
2025-08-04T21:00:00+02:00,0.232146
2025-08-04T22:00:00+02:00,0.223991
2025-08-04T23:00:00+02:00,0.201654
2025-08-05T00:00:00+02:00,0.167060
2025-08-05T01:00:00+02:00,0.158772
2025-08-05T02:00:00+02:00,0.159340
2025-08-05T03:00:00+02:00,0.167617
2025-08-05T04:00:00+02:00,0.199198
2025-08-05T05:00:00+02:00,0.224946
2025-08-05T06:00:00+02:00,0.243060
2025-08-05T07:00:00+02:00,0.242951
2025-08-05T08:00:00+02:00,0.219138
2025-08-05T09:00:00+02:00,0.147107
2025-08-05T10:00:00+02:00,0.141045
2025-08-05T11:00:00+02:00,0.135600
2025-08-05T12:00:00+02:00,0.128074
2025-08-05T13:00:00+02:00,0.107661
2025-08-05T14:00:00+02:00,0.116276
2025-08-05T15:00:00+02:00,0.127541
2025-08-05T16:00:00+02:00,0.129308
2025-08-05T17:00:00+02:00,0.140767
2025-08-05T18:00:00+02:00,0.143913
2025-08-05T19:00:00+02:00,0.228818
2025-08-05T20:00:00+02:00,0.250840
2025-08-05T21:00:00+02:00,0.269027
2025-08-05T22:00:00+02:00,0.260533
2025-08-05T23:00:00+02:00,0.244500
2025-08-06T00:00:00+02:00,0.240870
2025-08-06T01:00:00+02:00,0.213125
2025-08-06T02:00:00+02:00,0.213476
2025-08-06T03:00:00+02:00,0.213560
2025-08-06T04:00:00+02:00,0.213827
2025-08-06T05:00:00+02:00,0.255886
2025-08-06T06:00:00+02:00,0.275839
2025-08-06T07:00:00+02:00,0.270999
2025-08-06T08:00:00+02:00,0.255947
2025-08-06T09:00:00+02:00,0.181616
2025-08-06T10:00:00+02:00,0.142848
2025-08-06T11:00:00+02:00,0.140440
2025-08-06T12:00:00+02:00,0.134596
2025-08-06T13:00:00+02:00,0.129550
2025-08-06T14:00:00+02:00,0.135600
2025-08-06T15:00:00+02:00,0.139133
2025-08-06T16:00:00+02:00,0.145437
2025-08-06T17:00:00+02:00,0.205925
2025-08-06T18:00:00+02:00,0.260678
2025-08-06T19:00:00+02:00,0.279481
2025-08-06T20:00:00+02:00,0.342946
2025-08-06T21:00:00+02:00,0.334294
2025-08-06T22:00:00+02:00,0.275960
2025-08-06T23:00:00+02:00,0.265796
2025-08-07T00:00:00+02:00,0.260932
2025-08-07T01:00:00+02:00,0.256600
2025-08-07T02:00:00+02:00,0.249497
2025-08-07T03:00:00+02:00,0.243750
2025-08-07T04:00:00+02:00,0.242165
2025-08-07T05:00:00+02:00,0.245553
2025-08-07T06:00:00+02:00,0.263195
2025-08-07T07:00:00+02:00,0.266183
2025-08-07T08:00:00+02:00,0.257411
2025-08-07T09:00:00+02:00,0.233041
2025-08-07T10:00:00+02:00,0.169746
2025-08-07T11:00:00+02:00,0.142860
2025-08-07T12:00:00+02:00,0.142739
2025-08-07T13:00:00+02:00,0.140573
2025-08-07T14:00:00+02:00,0.142606
2025-08-07T15:00:00+02:00,0.142848
2025-08-07T16:00:00+02:00,0.145341
2025-08-07T17:00:00+02:00,0.220397
2025-08-07T18:00:00+02:00,0.253672
2025-08-07T19:00:00+02:00,0.271120
2025-08-07T20:00:00+02:00,0.278791
2025-08-07T21:00:00+02:00,0.295731
2025-08-07T22:00:00+02:00,0.275960
2025-08-07T23:00:00+02:00,0.265409
2025-08-08T00:00:00+02:00,0.252970
2025-08-08T01:00:00+02:00,0.249243
2025-08-08T02:00:00+02:00,0.245274
2025-08-08T03:00:00+02:00,0.240870
2025-08-08T04:00:00+02:00,0.240725
2025-08-08T05:00:00+02:00,0.251216
2025-08-08T06:00:00+02:00,0.264380
2025-08-08T07:00:00+02:00,0.267551
2025-08-08T08:00:00+02:00,0.273673
2025-08-08T09:00:00+02:00,0.251639
2025-08-08T10:00:00+02:00,0.222720
2025-08-08T11:00:00+02:00,0.153012
2025-08-08T12:00:00+02:00,0.142860
2025-08-08T13:00:00+02:00,0.142848
2025-08-08T14:00:00+02:00,0.142836
2025-08-08T15:00:00+02:00,0.142848
2025-08-08T16:00:00+02:00,0.155553
2025-08-08T17:00:00+02:00,0.227681
2025-08-08T18:00:00+02:00,0.265602
2025-08-08T19:00:00+02:00,0.280268
2025-08-08T20:00:00+02:00,0.317850
2025-08-08T21:00:00+02:00,0.326187
2025-08-08T22:00:00+02:00,0.289984
2025-08-08T23:00:00+02:00,0.274097
2025-08-09T00:00:00+02:00,0.265167
2025-08-09T01:00:00+02:00,0.261416
2025-08-09T02:00:00+02:00,0.259214
2025-08-09T03:00:00+02:00,0.255305
2025-08-09T04:00:00+02:00,0.254241
2025-08-09T05:00:00+02:00,0.254942
2025-08-09T06:00:00+02:00,0.259141
2025-08-09T07:00:00+02:00,0.251833
2025-08-09T08:00:00+02:00,0.227258
2025-08-09T09:00:00+02:00,0.161421
2025-08-09T10:00:00+02:00,0.142836
2025-08-09T11:00:00+02:00,0.141650
2025-08-09T12:00:00+02:00,0.135600
2025-08-09T13:00:00+02:00,0.118660
2025-08-09T14:00:00+02:00,0.118491
2025-08-09T15:00:00+02:00,0.137669
2025-08-09T16:00:00+02:00,0.142800
2025-08-09T17:00:00+02:00,0.147156
2025-08-09T18:00:00+02:00,0.240870
2025-08-09T19:00:00+02:00,0.265590
2025-08-09T20:00:00+02:00,0.292126
2025-08-09T21:00:00+02:00,0.283716
2025-08-09T22:00:00+02:00,0.271398
2025-08-09T23:00:00+02:00,0.259782
2025-08-10T00:00:00+02:00,0.246763
2025-08-10T01:00:00+02:00,0.246545
2025-08-10T02:00:00+02:00,0.248094
2025-08-10T03:00:00+02:00,0.242552
2025-08-10T04:00:00+02:00,0.246920
2025-08-10T05:00:00+02:00,0.251167
2025-08-10T06:00:00+02:00,0.249473
2025-08-10T07:00:00+02:00,0.237906
2025-08-10T08:00:00+02:00,0.177708
2025-08-10T09:00:00+02:00,0.142848
2025-08-10T10:00:00+02:00,0.139666
2025-08-10T11:00:00+02:00,0.123984
2025-08-10T12:00:00+02:00,0.075499
2025-08-10T13:00:00+02:00,0.064464
2025-08-10T14:00:00+02:00,0.081126
2025-08-10T15:00:00+02:00,0.117970
2025-08-10T16:00:00+02:00,0.141408
2025-08-10T17:00:00+02:00,0.145437
2025-08-10T18:00:00+02:00,0.236986
2025-08-10T19:00:00+02:00,0.270503
2025-08-10T20:00:00+02:00,0.289887
2025-08-10T21:00:00+02:00,0.291025
2025-08-10T22:00:00+02:00,0.271640
2025-08-10T23:00:00+02:00,0.263195
2025-08-11T00:00:00+02:00,0.259020
2025-08-11T01:00:00+02:00,0.252462
2025-08-11T02:00:00+02:00,0.246920
2025-08-11T03:00:00+02:00,0.245734
2025-08-11T04:00:00+02:00,0.251082
2025-08-11T05:00:00+02:00,0.260520
2025-08-11T06:00:00+02:00,0.298890
2025-08-11T07:00:00+02:00,0.303367
2025-08-11T08:00:00+02:00,0.271350
2025-08-11T09:00:00+02:00,0.253127
2025-08-11T10:00:00+02:00,0.202900
2025-08-11T11:00:00+02:00,0.145933
2025-08-11T12:00:00+02:00,0.142860
2025-08-11T13:00:00+02:00,0.142860
2025-08-11T14:00:00+02:00,0.142860
2025-08-11T15:00:00+02:00,0.153750
2025-08-11T16:00:00+02:00,0.208866
2025-08-11T17:00:00+02:00,0.250127
2025-08-11T18:00:00+02:00,0.271435
2025-08-11T19:00:00+02:00,0.324142
2025-08-11T20:00:00+02:00,0.366710
2025-08-11T21:00:00+02:00,0.310881
2025-08-11T22:00:00+02:00,0.274593
2025-08-11T23:00:00+02:00,0.259020
2025-08-12T00:00:00+02:00,0.255390
2025-08-12T01:00:00+02:00,0.251361
2025-08-12T02:00:00+02:00,0.246206
2025-08-12T03:00:00+02:00,0.244609
2025-08-12T04:00:00+02:00,0.243871
2025-08-12T05:00:00+02:00,0.250393
2025-08-12T06:00:00+02:00,0.265687
2025-08-12T07:00:00+02:00,0.266232
2025-08-12T08:00:00+02:00,0.262214
2025-08-12T09:00:00+02:00,0.255075
2025-08-12T10:00:00+02:00,0.238874
2025-08-12T11:00:00+02:00,0.191260
2025-08-12T12:00:00+02:00,0.153000
2025-08-12T13:00:00+02:00,0.146490
2025-08-12T14:00:00+02:00,0.149092
2025-08-12T15:00:00+02:00,0.185271
2025-08-12T16:00:00+02:00,0.229847
2025-08-12T17:00:00+02:00,0.257810
2025-08-12T18:00:00+02:00,0.265106
2025-08-12T19:00:00+02:00,0.323682
2025-08-12T20:00:00+02:00,0.331197
2025-08-12T21:00:00+02:00,0.312684
2025-08-12T22:00:00+02:00,0.280885
2025-08-12T23:00:00+02:00,0.256600
2025-08-13T00:00:00+02:00,0.253890
2025-08-13T01:00:00+02:00,0.251760
2025-08-13T02:00:00+02:00,0.247997
2025-08-13T03:00:00+02:00,0.245359
2025-08-13T04:00:00+02:00,0.248215
2025-08-13T05:00:00+02:00,0.255680
2025-08-13T06:00:00+02:00,0.273552
2025-08-13T07:00:00+02:00,0.272318
2025-08-13T08:00:00+02:00,0.271060
2025-08-13T09:00:00+02:00,0.255148
2025-08-13T10:00:00+02:00,0.249062
2025-08-13T11:00:00+02:00,0.225104
2025-08-13T12:00:00+02:00,0.196729
2025-08-13T13:00:00+02:00,0.178168
2025-08-13T14:00:00+02:00,0.191708
2025-08-13T15:00:00+02:00,0.228649
2025-08-13T16:00:00+02:00,0.244863
2025-08-13T17:00:00+02:00,0.259794
2025-08-13T18:00:00+02:00,0.282385
2025-08-13T19:00:00+02:00,0.369106
2025-08-13T20:00:00+02:00,0.416877
2025-08-13T21:00:00+02:00,0.330035
2025-08-13T22:00:00+02:00,0.291944
2025-08-13T23:00:00+02:00,0.271447
2025-08-14T00:00:00+02:00,0.261561
2025-08-14T01:00:00+02:00,0.254180
2025-08-14T02:00:00+02:00,0.249885
2025-08-14T03:00:00+02:00,0.248541
2025-08-14T04:00:00+02:00,0.249146
2025-08-14T05:00:00+02:00,0.257907
2025-08-14T06:00:00+02:00,0.269837
2025-08-14T07:00:00+02:00,0.272971
2025-08-14T08:00:00+02:00,0.263219
2025-08-14T09:00:00+02:00,0.253043
2025-08-14T10:00:00+02:00,0.241136
2025-08-14T11:00:00+02:00,0.224426
2025-08-14T12:00:00+02:00,0.208043
2025-08-14T13:00:00+02:00,0.192458
2025-08-14T14:00:00+02:00,0.209289
2025-08-14T15:00:00+02:00,0.226870
2025-08-14T16:00:00+02:00,0.238438
2025-08-14T17:00:00+02:00,0.258766
2025-08-14T18:00:00+02:00,0.280921
2025-08-14T19:00:00+02:00,0.409387
2025-08-14T20:00:00+02:00,0.475925
2025-08-14T21:00:00+02:00,0.333508
2025-08-14T22:00:00+02:00,0.288931
2025-08-14T23:00:00+02:00,0.271060
2025-08-15T00:00:00+02:00,0.261948
2025-08-15T01:00:00+02:00,0.259577
2025-08-15T02:00:00+02:00,0.256382
2025-08-15T03:00:00+02:00,0.252268
2025-08-15T04:00:00+02:00,0.255221
2025-08-15T05:00:00+02:00,0.257701
2025-08-15T06:00:00+02:00,0.262638
2025-08-15T07:00:00+02:00,0.261549
2025-08-15T08:00:00+02:00,0.263630
2025-08-15T09:00:00+02:00,0.249122
2025-08-15T10:00:00+02:00,0.195979
2025-08-15T11:00:00+02:00,0.146490
2025-08-15T12:00:00+02:00,0.142957
2025-08-15T13:00:00+02:00,0.142860
2025-08-15T14:00:00+02:00,0.142860
2025-08-15T15:00:00+02:00,0.144941
2025-08-15T16:00:00+02:00,0.175324
2025-08-15T17:00:00+02:00,0.231263
2025-08-15T18:00:00+02:00,0.263291
2025-08-15T19:00:00+02:00,0.283317
2025-08-15T20:00:00+02:00,0.294872
2025-08-15T21:00:00+02:00,0.279263
2025-08-15T22:00:00+02:00,0.271519
2025-08-15T23:00:00+02:00,0.259359
2025-08-16T00:00:00+02:00,0.262674
2025-08-16T01:00:00+02:00,0.255789
2025-08-16T02:00:00+02:00,0.252655
2025-08-16T03:00:00+02:00,0.245746
2025-08-16T04:00:00+02:00,0.242963
2025-08-16T05:00:00+02:00,0.248239
2025-08-16T06:00:00+02:00,0.252583
2025-08-16T07:00:00+02:00,0.249340
2025-08-16T08:00:00+02:00,0.245408
2025-08-16T09:00:00+02:00,0.239660
2025-08-16T10:00:00+02:00,0.179160
2025-08-16T11:00:00+02:00,0.147458
2025-08-16T12:00:00+02:00,0.143066
2025-08-16T13:00:00+02:00,0.142848
2025-08-16T14:00:00+02:00,0.142848
2025-08-16T15:00:00+02:00,0.142848
2025-08-16T16:00:00+02:00,0.143961
2025-08-16T17:00:00+02:00,0.162656
2025-08-16T18:00:00+02:00,0.227802
2025-08-16T19:00:00+02:00,0.257810
2025-08-16T20:00:00+02:00,0.271047
2025-08-16T21:00:00+02:00,0.266256
2025-08-16T22:00:00+02:00,0.257858
2025-08-16T23:00:00+02:00,0.251712
2025-08-17T00:00:00+02:00,0.257084
2025-08-17T01:00:00+02:00,0.250127
2025-08-17T02:00:00+02:00,0.249340
2025-08-17T03:00:00+02:00,0.247682
2025-08-17T04:00:00+02:00,0.251760
2025-08-17T05:00:00+02:00,0.254180
2025-08-17T06:00:00+02:00,0.251240
2025-08-17T07:00:00+02:00,0.245178
2025-08-17T08:00:00+02:00,0.241995
2025-08-17T09:00:00+02:00,0.200988
2025-08-17T10:00:00+02:00,0.154791
2025-08-17T11:00:00+02:00,0.148160
2025-08-17T12:00:00+02:00,0.146490
2025-08-17T13:00:00+02:00,0.145304
2025-08-17T14:00:00+02:00,0.146103
2025-08-17T15:00:00+02:00,0.143647
2025-08-17T16:00:00+02:00,0.157888
2025-08-17T17:00:00+02:00,0.236938
2025-08-17T18:00:00+02:00,0.256116
2025-08-17T19:00:00+02:00,0.275960
2025-08-17T20:00:00+02:00,0.276759
2025-08-17T21:00:00+02:00,0.276142
2025-08-17T22:00:00+02:00,0.270019
2025-08-17T23:00:00+02:00,0.266933
2025-08-18T00:00:00+02:00,0.254168
2025-08-18T01:00:00+02:00,0.248287
2025-08-18T02:00:00+02:00,0.243375
2025-08-18T03:00:00+02:00,0.241632
2025-08-18T04:00:00+02:00,0.249872
2025-08-18T05:00:00+02:00,0.254567
2025-08-18T06:00:00+02:00,0.279590
2025-08-18T07:00:00+02:00,0.300317
2025-08-18T08:00:00+02:00,0.274532
2025-08-18T09:00:00+02:00,0.251627
2025-08-18T10:00:00+02:00,0.238208
2025-08-18T11:00:00+02:00,0.198435
2025-08-18T12:00:00+02:00,0.167108
2025-08-18T13:00:00+02:00,0.160078
2025-08-18T14:00:00+02:00,0.165051
2025-08-18T15:00:00+02:00,0.208878
2025-08-18T16:00:00+02:00,0.228843
2025-08-18T17:00:00+02:00,0.251010
2025-08-18T18:00:00+02:00,0.258657
2025-08-18T19:00:00+02:00,0.297982
2025-08-18T20:00:00+02:00,0.372942
2025-08-18T21:00:00+02:00,0.293711
2025-08-18T22:00:00+02:00,0.269789
2025-08-18T23:00:00+02:00,0.253091
2025-08-19T00:00:00+02:00,0.262541
2025-08-19T01:00:00+02:00,0.251760
2025-08-19T02:00:00+02:00,0.245166
2025-08-19T03:00:00+02:00,0.242007
2025-08-19T04:00:00+02:00,0.243774
2025-08-19T05:00:00+02:00,0.257290
2025-08-19T06:00:00+02:00,0.269317
2025-08-19T07:00:00+02:00,0.274581
2025-08-19T08:00:00+02:00,0.261501
2025-08-19T09:00:00+02:00,0.250030
2025-08-19T10:00:00+02:00,0.227124
2025-08-19T11:00:00+02:00,0.195168
2025-08-19T12:00:00+02:00,0.170509
2025-08-19T13:00:00+02:00,0.146490
2025-08-19T14:00:00+02:00,0.143465
2025-08-19T15:00:00+02:00,0.160647
2025-08-19T16:00:00+02:00,0.214311
2025-08-19T17:00:00+02:00,0.249062
2025-08-19T18:00:00+02:00,0.254676
2025-08-19T19:00:00+02:00,0.276081
2025-08-19T20:00:00+02:00,0.293650
2025-08-19T21:00:00+02:00,0.275053
2025-08-19T22:00:00+02:00,0.268301
2025-08-19T23:00:00+02:00,0.257883
2025-08-20T00:00:00+02:00,0.256769
2025-08-20T01:00:00+02:00,0.249618
2025-08-20T02:00:00+02:00,0.243157
2025-08-20T03:00:00+02:00,0.240471
2025-08-20T04:00:00+02:00,0.238898
2025-08-20T05:00:00+02:00,0.249776
2025-08-20T06:00:00+02:00,0.265506
2025-08-20T07:00:00+02:00,0.269257
2025-08-20T08:00:00+02:00,0.270745
2025-08-20T09:00:00+02:00,0.252970
2025-08-20T10:00:00+02:00,0.244367
2025-08-20T11:00:00+02:00,0.225104
2025-08-20T12:00:00+02:00,0.202223
2025-08-20T13:00:00+02:00,0.185210
2025-08-20T14:00:00+02:00,0.191369
2025-08-20T15:00:00+02:00,0.220929
2025-08-20T16:00:00+02:00,0.231807
2025-08-20T17:00:00+02:00,0.255414
2025-08-20T18:00:00+02:00,0.257931
2025-08-20T19:00:00+02:00,0.266679
2025-08-20T20:00:00+02:00,0.300039
2025-08-20T21:00:00+02:00,0.282010
2025-08-20T22:00:00+02:00,0.268022
2025-08-20T23:00:00+02:00,0.259165
2025-08-21T00:00:00+02:00,0.257205
2025-08-21T01:00:00+02:00,0.250381
2025-08-21T02:00:00+02:00,0.248759
2025-08-21T03:00:00+02:00,0.252825
2025-08-21T04:00:00+02:00,0.254628
2025-08-21T05:00:00+02:00,0.261392
2025-08-21T06:00:00+02:00,0.270999
2025-08-21T07:00:00+02:00,0.277170
2025-08-21T08:00:00+02:00,0.272221
2025-08-21T09:00:00+02:00,0.250961
2025-08-21T10:00:00+02:00,0.233852
2025-08-21T11:00:00+02:00,0.223301
2025-08-21T12:00:00+02:00,0.212665
2025-08-21T13:00:00+02:00,0.194769
2025-08-21T14:00:00+02:00,0.187630
2025-08-21T15:00:00+02:00,0.201182
2025-08-21T16:00:00+02:00,0.215581
2025-08-21T17:00:00+02:00,0.241536
2025-08-21T18:00:00+02:00,0.256600
2025-08-21T19:00:00+02:00,0.264538
2025-08-21T20:00:00+02:00,0.283898
2025-08-21T21:00:00+02:00,0.281381
2025-08-21T22:00:00+02:00,0.277170
2025-08-21T23:00:00+02:00,0.264961
2025-08-22T00:00:00+02:00,0.254168
2025-08-22T01:00:00+02:00,0.246424
2025-08-22T02:00:00+02:00,0.242237
2025-08-22T03:00:00+02:00,0.241705
2025-08-22T04:00:00+02:00,0.243145
2025-08-22T05:00:00+02:00,0.249050
2025-08-22T06:00:00+02:00,0.271011
2025-08-22T07:00:00+02:00,0.275960
2025-08-22T08:00:00+02:00,0.270745
2025-08-22T09:00:00+02:00,0.256552
2025-08-22T10:00:00+02:00,0.246472
2025-08-22T11:00:00+02:00,0.242685
2025-08-22T12:00:00+02:00,0.225140
2025-08-22T13:00:00+02:00,0.200940
2025-08-22T14:00:00+02:00,0.183456
2025-08-22T15:00:00+02:00,0.182947
2025-08-22T16:00:00+02:00,0.215460
2025-08-22T17:00:00+02:00,0.239539
2025-08-22T18:00:00+02:00,0.261561
2025-08-22T19:00:00+02:00,0.275040
2025-08-22T20:00:00+02:00,0.281042
2025-08-22T21:00:00+02:00,0.273588
2025-08-22T22:00:00+02:00,0.267853
2025-08-22T23:00:00+02:00,0.257048
2025-08-23T00:00:00+02:00,0.258209
2025-08-23T01:00:00+02:00,0.250937
2025-08-23T02:00:00+02:00,0.250647
2025-08-23T03:00:00+02:00,0.247610
2025-08-23T04:00:00+02:00,0.248626
2025-08-23T05:00:00+02:00,0.247973
2025-08-23T06:00:00+02:00,0.248263
2025-08-23T07:00:00+02:00,0.247936
2025-08-23T08:00:00+02:00,0.247586
2025-08-23T09:00:00+02:00,0.227681
2025-08-23T10:00:00+02:00,0.171489
2025-08-23T11:00:00+02:00,0.147712
2025-08-23T12:00:00+02:00,0.146490
2025-08-23T13:00:00+02:00,0.145292
2025-08-23T14:00:00+02:00,0.145074
2025-08-23T15:00:00+02:00,0.147119
2025-08-23T16:00:00+02:00,0.157501
2025-08-23T17:00:00+02:00,0.229980
2025-08-23T18:00:00+02:00,0.261718
2025-08-23T19:00:00+02:00,0.279735
2025-08-23T20:00:00+02:00,0.292912
2025-08-23T21:00:00+02:00,0.289270
2025-08-23T22:00:00+02:00,0.277364
2025-08-23T23:00:00+02:00,0.270261
2025-08-24T00:00:00+02:00,0.264465
2025-08-24T01:00:00+02:00,0.257992
2025-08-24T02:00:00+02:00,0.258209
2025-08-24T03:00:00+02:00,0.255656
2025-08-24T04:00:00+02:00,0.254761
2025-08-24T05:00:00+02:00,0.253841
2025-08-24T06:00:00+02:00,0.251760
2025-08-24T07:00:00+02:00,0.246218
2025-08-24T08:00:00+02:00,0.247779
2025-08-24T09:00:00+02:00,0.149043
2025-08-24T10:00:00+02:00,0.142848
2025-08-24T11:00:00+02:00,0.142775
2025-08-24T12:00:00+02:00,0.140464
2025-08-24T13:00:00+02:00,0.133846
2025-08-24T14:00:00+02:00,0.133906
2025-08-24T15:00:00+02:00,0.142739
2025-08-24T16:00:00+02:00,0.142860
2025-08-24T17:00:00+02:00,0.211540
2025-08-24T18:00:00+02:00,0.259444
2025-08-24T19:00:00+02:00,0.278961
2025-08-24T20:00:00+02:00,0.285120
2025-08-24T21:00:00+02:00,0.281187
2025-08-24T22:00:00+02:00,0.272935
2025-08-24T23:00:00+02:00,0.264489
2025-08-25T00:00:00+02:00,0.258149
2025-08-25T01:00:00+02:00,0.248166
2025-08-25T02:00:00+02:00,0.246242
2025-08-25T03:00:00+02:00,0.245504
2025-08-25T04:00:00+02:00,0.243956
2025-08-25T05:00:00+02:00,0.264005
2025-08-25T06:00:00+02:00,0.282470
2025-08-25T07:00:00+02:00,0.294110
2025-08-25T08:00:00+02:00,0.276008
2025-08-25T09:00:00+02:00,0.254144
2025-08-25T10:00:00+02:00,0.231166
2025-08-25T11:00:00+02:00,0.185234
2025-08-25T12:00:00+02:00,0.154960
2025-08-25T13:00:00+02:00,0.150035
2025-08-25T14:00:00+02:00,0.151064
2025-08-25T15:00:00+02:00,0.173352
2025-08-25T16:00:00+02:00,0.211092
2025-08-25T17:00:00+02:00,0.245589
2025-08-25T18:00:00+02:00,0.273165
2025-08-25T19:00:00+02:00,0.318129
2025-08-25T20:00:00+02:00,0.372603
2025-08-25T21:00:00+02:00,0.307505
2025-08-25T22:00:00+02:00,0.282058
2025-08-25T23:00:00+02:00,0.270092
2025-08-26T00:00:00+02:00,0.269378
2025-08-26T01:00:00+02:00,0.260145
2025-08-26T02:00:00+02:00,0.246920
2025-08-26T03:00:00+02:00,0.240410
2025-08-26T04:00:00+02:00,0.242782
2025-08-26T05:00:00+02:00,0.256903
2025-08-26T06:00:00+02:00,0.254180
2025-08-26T07:00:00+02:00,0.271362
2025-08-26T08:00:00+02:00,0.269450
2025-08-26T09:00:00+02:00,0.251760
2025-08-26T10:00:00+02:00,0.236998
2025-08-26T11:00:00+02:00,0.217094
2025-08-26T12:00:00+02:00,0.193378
2025-08-26T13:00:00+02:00,0.174659
2025-08-26T14:00:00+02:00,0.188901
2025-08-26T15:00:00+02:00,0.227681
2025-08-26T16:00:00+02:00,0.244282
2025-08-26T17:00:00+02:00,0.261972
2025-08-26T18:00:00+02:00,0.283256
2025-08-26T19:00:00+02:00,0.327409
2025-08-26T20:00:00+02:00,0.348572
2025-08-26T21:00:00+02:00,0.292053
2025-08-26T22:00:00+02:00,0.275319
2025-08-26T23:00:00+02:00,0.261041
2025-08-27T00:00:00+02:00,0.258294
2025-08-27T01:00:00+02:00,0.251736
2025-08-27T02:00:00+02:00,0.247549
2025-08-27T03:00:00+02:00,0.244258
2025-08-27T04:00:00+02:00,0.245093
2025-08-27T05:00:00+02:00,0.253248
2025-08-27T06:00:00+02:00,0.263739
2025-08-27T07:00:00+02:00,0.273746
2025-08-27T08:00:00+02:00,0.280364
2025-08-27T09:00:00+02:00,0.265832
2025-08-27T10:00:00+02:00,0.246255
2025-08-27T11:00:00+02:00,0.238462
2025-08-27T12:00:00+02:00,0.220494
2025-08-27T13:00:00+02:00,0.203868
2025-08-27T14:00:00+02:00,0.204437
2025-08-27T15:00:00+02:00,0.232509
2025-08-27T16:00:00+02:00,0.241257
2025-08-27T17:00:00+02:00,0.264985
2025-08-27T18:00:00+02:00,0.291351
2025-08-27T19:00:00+02:00,0.366686
2025-08-27T20:00:00+02:00,0.381424
2025-08-27T21:00:00+02:00,0.289585
2025-08-27T22:00:00+02:00,0.280352
2025-08-27T23:00:00+02:00,0.268180
2025-08-28T00:00:00+02:00,0.260412
2025-08-28T01:00:00+02:00,0.253720
2025-08-28T02:00:00+02:00,0.248832
2025-08-28T03:00:00+02:00,0.245432
2025-08-28T04:00:00+02:00,0.247791
2025-08-28T05:00:00+02:00,0.258403
2025-08-28T06:00:00+02:00,0.278767
2025-08-28T07:00:00+02:00,0.298829
2025-08-28T08:00:00+02:00,0.306246
2025-08-28T09:00:00+02:00,0.287322
2025-08-28T10:00:00+02:00,0.268252
2025-08-28T11:00:00+02:00,0.259165
2025-08-28T12:00:00+02:00,0.249570
2025-08-28T13:00:00+02:00,0.247065
2025-08-28T14:00:00+02:00,0.245553
2025-08-28T15:00:00+02:00,0.246037
2025-08-28T16:00:00+02:00,0.241778
2025-08-28T17:00:00+02:00,0.262638
2025-08-28T18:00:00+02:00,0.261803
2025-08-28T19:00:00+02:00,0.284757
2025-08-28T20:00:00+02:00,0.292900
2025-08-28T21:00:00+02:00,0.273540
2025-08-28T22:00:00+02:00,0.265554
2025-08-28T23:00:00+02:00,0.240410
2025-08-29T00:00:00+02:00,0.245214
2025-08-29T01:00:00+02:00,0.236429
2025-08-29T02:00:00+02:00,0.236175
2025-08-29T03:00:00+02:00,0.228443
2025-08-29T04:00:00+02:00,0.228068
2025-08-29T05:00:00+02:00,0.237373
2025-08-29T06:00:00+02:00,0.261827
2025-08-29T07:00:00+02:00,0.269668
2025-08-29T08:00:00+02:00,0.270007
2025-08-29T09:00:00+02:00,0.259456
2025-08-29T10:00:00+02:00,0.228056
2025-08-29T11:00:00+02:00,0.220687
2025-08-29T12:00:00+02:00,0.211189
2025-08-29T13:00:00+02:00,0.197564
2025-08-29T14:00:00+02:00,0.203360
2025-08-29T15:00:00+02:00,0.231190
2025-08-29T16:00:00+02:00,0.229423
2025-08-29T17:00:00+02:00,0.250828
2025-08-29T18:00:00+02:00,0.275113
2025-08-29T19:00:00+02:00,0.291690
2025-08-29T20:00:00+02:00,0.279989
2025-08-29T21:00:00+02:00,0.271193
2025-08-29T22:00:00+02:00,0.258476
2025-08-29T23:00:00+02:00,0.247186
2025-08-30T00:00:00+02:00,0.249691
2025-08-30T01:00:00+02:00,0.240422
2025-08-30T02:00:00+02:00,0.238571
2025-08-30T03:00:00+02:00,0.241487
2025-08-30T04:00:00+02:00,0.234542
2025-08-30T05:00:00+02:00,0.236006
2025-08-30T06:00:00+02:00,0.255051
2025-08-30T07:00:00+02:00,0.256806
2025-08-30T08:00:00+02:00,0.249304
2025-08-30T09:00:00+02:00,0.229436
2025-08-30T10:00:00+02:00,0.182778
2025-08-30T11:00:00+02:00,0.149188
2025-08-30T12:00:00+02:00,0.142860
2025-08-30T13:00:00+02:00,0.142848
2025-08-30T14:00:00+02:00,0.142848
2025-08-30T15:00:00+02:00,0.142255
2025-08-30T16:00:00+02:00,0.152020
2025-08-30T17:00:00+02:00,0.226181
2025-08-30T18:00:00+02:00,0.251542
2025-08-30T19:00:00+02:00,0.270539
2025-08-30T20:00:00+02:00,0.294594
2025-08-30T21:00:00+02:00,0.269886
2025-08-30T22:00:00+02:00,0.259117
2025-08-30T23:00:00+02:00,0.247380
2025-08-31T00:00:00+02:00,0.244016
2025-08-31T01:00:00+02:00,0.231081
2025-08-31T02:00:00+02:00,0.221147
2025-08-31T03:00:00+02:00,0.215859
2025-08-31T04:00:00+02:00,0.213633
2025-08-31T05:00:00+02:00,0.209253
2025-08-31T06:00:00+02:00,0.210693
2025-08-31T07:00:00+02:00,0.208539
2025-08-31T08:00:00+02:00,0.169807
2025-08-31T09:00:00+02:00,0.149176
2025-08-31T10:00:00+02:00,0.143017
2025-08-31T11:00:00+02:00,0.142969
2025-08-31T12:00:00+02:00,0.142896
2025-08-31T13:00:00+02:00,0.141880
2025-08-31T14:00:00+02:00,0.142170
2025-08-31T15:00:00+02:00,0.142860
2025-08-31T16:00:00+02:00,0.169456
2025-08-31T17:00:00+02:00,0.225382
2025-08-31T18:00:00+02:00,0.268398
2025-08-31T19:00:00+02:00,0.299168
2025-08-31T20:00:00+02:00,0.295768
2025-08-31T21:00:00+02:00,0.276976
2025-08-31T22:00:00+02:00,0.264901
2025-08-31T23:00:00+02:00,0.249655
2025-09-01T00:00:00+02:00,0.234953
2025-09-01T01:00:00+02:00,0.239757
2025-09-01T02:00:00+02:00,0.237046
2025-09-01T03:00:00+02:00,0.227258
2025-09-01T04:00:00+02:00,0.227947
2025-09-01T05:00:00+02:00,0.241935
2025-09-01T06:00:00+02:00,0.276311
2025-09-01T07:00:00+02:00,0.289367
2025-09-01T08:00:00+02:00,0.279154
2025-09-01T09:00:00+02:00,0.252559
2025-09-01T10:00:00+02:00,0.230924
2025-09-01T11:00:00+02:00,0.213597
2025-09-01T12:00:00+02:00,0.184835
2025-09-01T13:00:00+02:00,0.168439
2025-09-01T14:00:00+02:00,0.166697
2025-09-01T15:00:00+02:00,0.185210
2025-09-01T16:00:00+02:00,0.218485
2025-09-01T17:00:00+02:00,0.257907
2025-09-01T18:00:00+02:00,0.257689
2025-09-01T19:00:00+02:00,0.343006
2025-09-01T20:00:00+02:00,0.356268
2025-09-01T21:00:00+02:00,0.282700
2025-09-01T22:00:00+02:00,0.261924
2025-09-01T23:00:00+02:00,0.244803
2025-09-02T00:00:00+02:00,0.246920
2025-09-02T01:00:00+02:00,0.240773
2025-09-02T02:00:00+02:00,0.244113
2025-09-02T03:00:00+02:00,0.240749
2025-09-02T04:00:00+02:00,0.243653
2025-09-02T05:00:00+02:00,0.256612
2025-09-02T06:00:00+02:00,0.250139
2025-09-02T07:00:00+02:00,0.280389
2025-09-02T08:00:00+02:00,0.260775
2025-09-02T09:00:00+02:00,0.251760
2025-09-02T10:00:00+02:00,0.249522
2025-09-02T11:00:00+02:00,0.230609
2025-09-02T12:00:00+02:00,0.224571
2025-09-02T13:00:00+02:00,0.222502
2025-09-02T14:00:00+02:00,0.221268
2025-09-02T15:00:00+02:00,0.228734
2025-09-02T16:00:00+02:00,0.241451
2025-09-02T17:00:00+02:00,0.262021
2025-09-02T18:00:00+02:00,0.291968
2025-09-02T19:00:00+02:00,0.325570
2025-09-02T20:00:00+02:00,0.295804
2025-09-02T21:00:00+02:00,0.262420
2025-09-02T22:00:00+02:00,0.251760
2025-09-02T23:00:00+02:00,0.246751
2025-09-03T00:00:00+02:00,0.248057
2025-09-03T01:00:00+02:00,0.242806
2025-09-03T02:00:00+02:00,0.235377
2025-09-03T03:00:00+02:00,0.230355
2025-09-03T04:00:00+02:00,0.228770
2025-09-03T05:00:00+02:00,0.235570
2025-09-03T06:00:00+02:00,0.259419
2025-09-03T07:00:00+02:00,0.266280
2025-09-03T08:00:00+02:00,0.269789
2025-09-03T09:00:00+02:00,0.241523
2025-09-03T10:00:00+02:00,0.177865
2025-09-03T11:00:00+02:00,0.142896
2025-09-03T12:00:00+02:00,0.142739
2025-09-03T13:00:00+02:00,0.142739
2025-09-03T14:00:00+02:00,0.142703
2025-09-03T15:00:00+02:00,0.142860
2025-09-03T16:00:00+02:00,0.147567
2025-09-03T17:00:00+02:00,0.213391
2025-09-03T18:00:00+02:00,0.260109
2025-09-03T19:00:00+02:00,0.273274
2025-09-03T20:00:00+02:00,0.263981
2025-09-03T21:00:00+02:00,0.253914
2025-09-03T22:00:00+02:00,0.239660
2025-09-03T23:00:00+02:00,0.208563
2025-09-04T00:00:00+02:00,0.169057
2025-09-04T01:00:00+02:00,0.161058
2025-09-04T02:00:00+02:00,0.160913
2025-09-04T03:00:00+02:00,0.169468
2025-09-04T04:00:00+02:00,0.200940
2025-09-04T05:00:00+02:00,0.225140
2025-09-04T06:00:00+02:00,0.260799
2025-09-04T07:00:00+02:00,0.275040
2025-09-04T08:00:00+02:00,0.265179
2025-09-04T09:00:00+02:00,0.233271
2025-09-04T10:00:00+02:00,0.189445
2025-09-04T11:00:00+02:00,0.149866
2025-09-04T12:00:00+02:00,0.146732
2025-09-04T13:00:00+02:00,0.146732
2025-09-04T14:00:00+02:00,0.182379
2025-09-04T15:00:00+02:00,0.218219
2025-09-04T16:00:00+02:00,0.241221
2025-09-04T17:00:00+02:00,0.266135
2025-09-04T18:00:00+02:00,0.269789
2025-09-04T19:00:00+02:00,0.325788
2025-09-04T20:00:00+02:00,0.382440
2025-09-04T21:00:00+02:00,0.286160
2025-09-04T22:00:00+02:00,0.269910
2025-09-04T23:00:00+02:00,0.254180
2025-09-05T00:00:00+02:00,0.236998
2025-09-05T01:00:00+02:00,0.241814
2025-09-05T02:00:00+02:00,0.239624
2025-09-05T03:00:00+02:00,0.240507
2025-09-05T04:00:00+02:00,0.241681
2025-09-05T05:00:00+02:00,0.251397
2025-09-05T06:00:00+02:00,0.271120
2025-09-05T07:00:00+02:00,0.286741
2025-09-05T08:00:00+02:00,0.280159
2025-09-05T09:00:00+02:00,0.260944
2025-09-05T10:00:00+02:00,0.241015
2025-09-05T11:00:00+02:00,0.232775
2025-09-05T12:00:00+02:00,0.227911
2025-09-05T13:00:00+02:00,0.221788
2025-09-05T14:00:00+02:00,0.217674
2025-09-05T15:00:00+02:00,0.227173
2025-09-05T16:00:00+02:00,0.236091
2025-09-05T17:00:00+02:00,0.242213
2025-09-05T18:00:00+02:00,0.271253
2025-09-05T19:00:00+02:00,0.324360
2025-09-05T20:00:00+02:00,0.320754
2025-09-05T21:00:00+02:00,0.283619
2025-09-05T22:00:00+02:00,0.272100
2025-09-05T23:00:00+02:00,0.263787
2025-09-06T00:00:00+02:00,0.260315
2025-09-06T01:00:00+02:00,0.256068
2025-09-06T02:00:00+02:00,0.251700
2025-09-06T03:00:00+02:00,0.246714
2025-09-06T04:00:00+02:00,0.244887
2025-09-06T05:00:00+02:00,0.246968
2025-09-06T06:00:00+02:00,0.261283
2025-09-06T07:00:00+02:00,0.264574
2025-09-06T08:00:00+02:00,0.249824
2025-09-06T09:00:00+02:00,0.226217
2025-09-06T10:00:00+02:00,0.154658
2025-09-06T11:00:00+02:00,0.142860
2025-09-06T12:00:00+02:00,0.142836
2025-09-06T13:00:00+02:00,0.141819
2025-09-06T14:00:00+02:00,0.141662
2025-09-06T15:00:00+02:00,0.142848
2025-09-06T16:00:00+02:00,0.184532
2025-09-06T17:00:00+02:00,0.231904
2025-09-06T18:00:00+02:00,0.274520
2025-09-06T19:00:00+02:00,0.321081
2025-09-06T20:00:00+02:00,0.300668
2025-09-06T21:00:00+02:00,0.265760
2025-09-06T22:00:00+02:00,0.251881
2025-09-06T23:00:00+02:00,0.235207
2025-09-07T00:00:00+02:00,0.239333
2025-09-07T01:00:00+02:00,0.233453
2025-09-07T02:00:00+02:00,0.230754
2025-09-07T03:00:00+02:00,0.233610
2025-09-07T04:00:00+02:00,0.233066
2025-09-07T05:00:00+02:00,0.232824
2025-09-07T06:00:00+02:00,0.231130
2025-09-07T07:00:00+02:00,0.203481
2025-09-07T08:00:00+02:00,0.142860
2025-09-07T09:00:00+02:00,0.142751
2025-09-07T10:00:00+02:00,0.138020
2025-09-07T11:00:00+02:00,0.118551
2025-09-07T12:00:00+02:00,0.094436
2025-09-07T13:00:00+02:00,0.078246
2025-09-07T14:00:00+02:00,0.066146
2025-09-07T15:00:00+02:00,0.115030
2025-09-07T16:00:00+02:00,0.139883
2025-09-07T17:00:00+02:00,0.146490
2025-09-07T18:00:00+02:00,0.253273
2025-09-07T19:00:00+02:00,0.273673
2025-09-07T20:00:00+02:00,0.261210
2025-09-07T21:00:00+02:00,0.248566
2025-09-07T22:00:00+02:00,0.246944
2025-09-07T23:00:00+02:00,0.247489
2025-09-08T00:00:00+02:00,0.237095
2025-09-08T01:00:00+02:00,0.242467
2025-09-08T02:00:00+02:00,0.247985
2025-09-08T03:00:00+02:00,0.251760
2025-09-08T04:00:00+02:00,0.244500
2025-09-08T05:00:00+02:00,0.251361
2025-09-08T06:00:00+02:00,0.273431
2025-09-08T07:00:00+02:00,0.303415
2025-09-08T08:00:00+02:00,0.293711
2025-09-08T09:00:00+02:00,0.266099
2025-09-08T10:00:00+02:00,0.246714
2025-09-08T11:00:00+02:00,0.233017
2025-09-08T12:00:00+02:00,0.219840
2025-09-08T13:00:00+02:00,0.213064
2025-09-08T14:00:00+02:00,0.222248
2025-09-08T15:00:00+02:00,0.230174
2025-09-08T16:00:00+02:00,0.254785
2025-09-08T17:00:00+02:00,0.290311
2025-09-08T18:00:00+02:00,0.369082
2025-09-08T19:00:00+02:00,0.606568
2025-09-08T20:00:00+02:00,0.492816
2025-09-08T21:00:00+02:00,0.326780
2025-09-08T22:00:00+02:00,0.290238
2025-09-08T23:00:00+02:00,0.276710
2025-09-09T00:00:00+02:00,0.274980
2025-09-09T01:00:00+02:00,0.272620
2025-09-09T02:00:00+02:00,0.270309
2025-09-09T03:00:00+02:00,0.268519
2025-09-09T04:00:00+02:00,0.270128
2025-09-09T05:00:00+02:00,0.278949
2025-09-09T06:00:00+02:00,0.344700
2025-09-09T07:00:00+02:00,0.477219
2025-09-09T08:00:00+02:00,0.381206
2025-09-09T09:00:00+02:00,0.300051
2025-09-09T10:00:00+02:00,0.262069
2025-09-09T11:00:00+02:00,0.251748
2025-09-09T12:00:00+02:00,0.238184
2025-09-09T13:00:00+02:00,0.235703
2025-09-09T14:00:00+02:00,0.235728
2025-09-09T15:00:00+02:00,0.242782
2025-09-09T16:00:00+02:00,0.254047
2025-09-09T17:00:00+02:00,0.286523
2025-09-09T18:00:00+02:00,0.360854
2025-09-09T19:00:00+02:00,0.587015
2025-09-09T20:00:00+02:00,0.400082
2025-09-09T21:00:00+02:00,0.301189
2025-09-09T22:00:00+02:00,0.280449
2025-09-09T23:00:00+02:00,0.271120
2025-09-10T00:00:00+02:00,0.264731
2025-09-10T01:00:00+02:00,0.265264
2025-09-10T02:00:00+02:00,0.262021
2025-09-10T03:00:00+02:00,0.262856
2025-09-10T04:00:00+02:00,0.264029
2025-09-10T05:00:00+02:00,0.273104
2025-09-10T06:00:00+02:00,0.299785
2025-09-10T07:00:00+02:00,0.406204
2025-09-10T08:00:00+02:00,0.345850
2025-09-10T09:00:00+02:00,0.294110
2025-09-10T10:00:00+02:00,0.258379
2025-09-10T11:00:00+02:00,0.251603
2025-09-10T12:00:00+02:00,0.237385
2025-09-10T13:00:00+02:00,0.234735
2025-09-10T14:00:00+02:00,0.233126
2025-09-10T15:00:00+02:00,0.238644
2025-09-10T16:00:00+02:00,0.253817
2025-09-10T17:00:00+02:00,0.289403
2025-09-10T18:00:00+02:00,0.327506
2025-09-10T19:00:00+02:00,0.424076
2025-09-10T20:00:00+02:00,0.332733
2025-09-10T21:00:00+02:00,0.270491
2025-09-10T22:00:00+02:00,0.253914
2025-09-10T23:00:00+02:00,0.237482
2025-09-11T00:00:00+02:00,0.238583
2025-09-11T01:00:00+02:00,0.234772
2025-09-11T02:00:00+02:00,0.225576
2025-09-11T03:00:00+02:00,0.218049
2025-09-11T04:00:00+02:00,0.217916
2025-09-11T05:00:00+02:00,0.227766
2025-09-11T06:00:00+02:00,0.266994
2025-09-11T07:00:00+02:00,0.275839
2025-09-11T08:00:00+02:00,0.285882
2025-09-11T09:00:00+02:00,0.251760
2025-09-11T10:00:00+02:00,0.219574
2025-09-11T11:00:00+02:00,0.147531
2025-09-11T12:00:00+02:00,0.142630
2025-09-11T13:00:00+02:00,0.142775
2025-09-11T14:00:00+02:00,0.141965
2025-09-11T15:00:00+02:00,0.142848
2025-09-11T16:00:00+02:00,0.146490
2025-09-11T17:00:00+02:00,0.225140
2025-09-11T18:00:00+02:00,0.275198
2025-09-11T19:00:00+02:00,0.295030
2025-09-11T20:00:00+02:00,0.290178
2025-09-11T21:00:00+02:00,0.267720
2025-09-11T22:00:00+02:00,0.241112
2025-09-11T23:00:00+02:00,0.215436
2025-09-12T00:00:00+02:00,0.172142
2025-09-12T01:00:00+02:00,0.173400
2025-09-12T02:00:00+02:00,0.161240
2025-09-12T03:00:00+02:00,0.156327
2025-09-12T04:00:00+02:00,0.169480
2025-09-12T05:00:00+02:00,0.193462
2025-09-12T06:00:00+02:00,0.239515
2025-09-12T07:00:00+02:00,0.252123
2025-09-12T08:00:00+02:00,0.255729
2025-09-12T09:00:00+02:00,0.196608
2025-09-12T10:00:00+02:00,0.142848
2025-09-12T11:00:00+02:00,0.140440
2025-09-12T12:00:00+02:00,0.137064
2025-09-12T13:00:00+02:00,0.132853
2025-09-12T14:00:00+02:00,0.135370
2025-09-12T15:00:00+02:00,0.138020
2025-09-12T16:00:00+02:00,0.142848
2025-09-12T17:00:00+02:00,0.205332
2025-09-12T18:00:00+02:00,0.263231
2025-09-12T19:00:00+02:00,0.313204
2025-09-12T20:00:00+02:00,0.311595
2025-09-12T21:00:00+02:00,0.267478
2025-09-12T22:00:00+02:00,0.257629
2025-09-12T23:00:00+02:00,0.247114
2025-09-13T00:00:00+02:00,0.233683
2025-09-13T01:00:00+02:00,0.220373
2025-09-13T02:00:00+02:00,0.220590
2025-09-13T03:00:00+02:00,0.220131
2025-09-13T04:00:00+02:00,0.216464
2025-09-13T05:00:00+02:00,0.219913
2025-09-13T06:00:00+02:00,0.221558
2025-09-13T07:00:00+02:00,0.221353
2025-09-13T08:00:00+02:00,0.220046
2025-09-13T09:00:00+02:00,0.200880
2025-09-13T10:00:00+02:00,0.159401
2025-09-13T11:00:00+02:00,0.145728
2025-09-13T12:00:00+02:00,0.142860
2025-09-13T13:00:00+02:00,0.142848
2025-09-13T14:00:00+02:00,0.142848
2025-09-13T15:00:00+02:00,0.142848
2025-09-13T16:00:00+02:00,0.145679
2025-09-13T17:00:00+02:00,0.221934
2025-09-13T18:00:00+02:00,0.260847
2025-09-13T19:00:00+02:00,0.273286
2025-09-13T20:00:00+02:00,0.278368
2025-09-13T21:00:00+02:00,0.267829
2025-09-13T22:00:00+02:00,0.251954
2025-09-13T23:00:00+02:00,0.241886
2025-09-14T00:00:00+02:00,0.241463
2025-09-14T01:00:00+02:00,0.225927
2025-09-14T02:00:00+02:00,0.233392
2025-09-14T03:00:00+02:00,0.239333
2025-09-14T04:00:00+02:00,0.247271
2025-09-14T05:00:00+02:00,0.246315
2025-09-14T06:00:00+02:00,0.254180
2025-09-14T07:00:00+02:00,0.260097
2025-09-14T08:00:00+02:00,0.262686
2025-09-14T09:00:00+02:00,0.234977
2025-09-14T10:00:00+02:00,0.208261
2025-09-14T11:00:00+02:00,0.164071
2025-09-14T12:00:00+02:00,0.150737
2025-09-14T13:00:00+02:00,0.142860
2025-09-14T14:00:00+02:00,0.142848
2025-09-14T15:00:00+02:00,0.142860
2025-09-14T16:00:00+02:00,0.163950
2025-09-14T17:00:00+02:00,0.249836
2025-09-14T18:00:00+02:00,0.283087
2025-09-14T19:00:00+02:00,0.305303
2025-09-14T20:00:00+02:00,0.268761
2025-09-14T21:00:00+02:00,0.246061
2025-09-14T22:00:00+02:00,0.225648
2025-09-14T23:00:00+02:00,0.160127
2025-09-15T00:00:00+02:00,0.161760
2025-09-15T01:00:00+02:00,0.144832
2025-09-15T02:00:00+02:00,0.141880
2025-09-15T03:00:00+02:00,0.141045
2025-09-15T04:00:00+02:00,0.140392
2025-09-15T05:00:00+02:00,0.141662
2025-09-15T06:00:00+02:00,0.166685
2025-09-15T07:00:00+02:00,0.203360
2025-09-15T08:00:00+02:00,0.189748
2025-09-15T09:00:00+02:00,0.143949
2025-09-15T10:00:00+02:00,0.142509
2025-09-15T11:00:00+02:00,0.139908
2025-09-15T12:00:00+02:00,0.135600
2025-09-15T13:00:00+02:00,0.129974
2025-09-15T14:00:00+02:00,0.135600
2025-09-15T15:00:00+02:00,0.134511
2025-09-15T16:00:00+02:00,0.139206
2025-09-15T17:00:00+02:00,0.144034
2025-09-15T18:00:00+02:00,0.161010
2025-09-15T19:00:00+02:00,0.209955
2025-09-15T20:00:00+02:00,0.203360
2025-09-15T21:00:00+02:00,0.149491
2025-09-15T22:00:00+02:00,0.146381
2025-09-15T23:00:00+02:00,0.142933
2025-09-16T00:00:00+02:00,0.142848
2025-09-16T01:00:00+02:00,0.142751
2025-09-16T02:00:00+02:00,0.142582
2025-09-16T03:00:00+02:00,0.141590
2025-09-16T04:00:00+02:00,0.141251
2025-09-16T05:00:00+02:00,0.142848
2025-09-16T06:00:00+02:00,0.145679
2025-09-16T07:00:00+02:00,0.165584
2025-09-16T08:00:00+02:00,0.171900
2025-09-16T09:00:00+02:00,0.154960
2025-09-16T10:00:00+02:00,0.142848
2025-09-16T11:00:00+02:00,0.141408
2025-09-16T12:00:00+02:00,0.140392
2025-09-16T13:00:00+02:00,0.140404
2025-09-16T14:00:00+02:00,0.142848
2025-09-16T15:00:00+02:00,0.141045
2025-09-16T16:00:00+02:00,0.141057
2025-09-16T17:00:00+02:00,0.150689
2025-09-16T18:00:00+02:00,0.232436
2025-09-16T19:00:00+02:00,0.289524
2025-09-16T20:00:00+02:00,0.289016
2025-09-16T21:00:00+02:00,0.262384
2025-09-16T22:00:00+02:00,0.251881
2025-09-16T23:00:00+02:00,0.254253
2025-09-17T00:00:00+02:00,0.233344
2025-09-17T01:00:00+02:00,0.223761
2025-09-17T02:00:00+02:00,0.205949
2025-09-17T03:00:00+02:00,0.206990
2025-09-17T04:00:00+02:00,0.226834
2025-09-17T05:00:00+02:00,0.241185
2025-09-17T06:00:00+02:00,0.261198
2025-09-17T07:00:00+02:00,0.286548
2025-09-17T08:00:00+02:00,0.279542
2025-09-17T09:00:00+02:00,0.263715
2025-09-17T10:00:00+02:00,0.257689
2025-09-17T11:00:00+02:00,0.263860
2025-09-17T12:00:00+02:00,0.228770
2025-09-17T13:00:00+02:00,0.191381
2025-09-17T14:00:00+02:00,0.173110
2025-09-17T15:00:00+02:00,0.214613
2025-09-17T16:00:00+02:00,0.229254
2025-09-17T17:00:00+02:00,0.265929
2025-09-17T18:00:00+02:00,0.285338
2025-09-17T19:00:00+02:00,0.283474
2025-09-17T20:00:00+02:00,0.276916
2025-09-17T21:00:00+02:00,0.252752
2025-09-17T22:00:00+02:00,0.247525
2025-09-17T23:00:00+02:00,0.229290
2025-09-18T00:00:00+02:00,0.202985
2025-09-18T01:00:00+02:00,0.197540
2025-09-18T02:00:00+02:00,0.187485
2025-09-18T03:00:00+02:00,0.184932
2025-09-18T04:00:00+02:00,0.195713
2025-09-18T05:00:00+02:00,0.224426
2025-09-18T06:00:00+02:00,0.259202
2025-09-18T07:00:00+02:00,0.282167
2025-09-18T08:00:00+02:00,0.276517
2025-09-18T09:00:00+02:00,0.251143
2025-09-18T10:00:00+02:00,0.220131
2025-09-18T11:00:00+02:00,0.149975
2025-09-18T12:00:00+02:00,0.143102
2025-09-18T13:00:00+02:00,0.142860
2025-09-18T14:00:00+02:00,0.142860
2025-09-18T15:00:00+02:00,0.143489
2025-09-18T16:00:00+02:00,0.161058
2025-09-18T17:00:00+02:00,0.240676
2025-09-18T18:00:00+02:00,0.277315
2025-09-18T19:00:00+02:00,0.295030
2025-09-18T20:00:00+02:00,0.297256
2025-09-18T21:00:00+02:00,0.275960
2025-09-18T22:00:00+02:00,0.261876
2025-09-18T23:00:00+02:00,0.249582
2025-09-19T00:00:00+02:00,0.232509
2025-09-19T01:00:00+02:00,0.233489
2025-09-19T02:00:00+02:00,0.239660
2025-09-19T03:00:00+02:00,0.237204
2025-09-19T04:00:00+02:00,0.238365
2025-09-19T05:00:00+02:00,0.255862
2025-09-19T06:00:00+02:00,0.288048
2025-09-19T07:00:00+02:00,0.323670
2025-09-19T08:00:00+02:00,0.288992
2025-09-19T09:00:00+02:00,0.272282
2025-09-19T10:00:00+02:00,0.205308
2025-09-19T11:00:00+02:00,0.158614
2025-09-19T12:00:00+02:00,0.144058
2025-09-19T13:00:00+02:00,0.142860
2025-09-19T14:00:00+02:00,0.142860
2025-09-19T15:00:00+02:00,0.157344
2025-09-19T16:00:00+02:00,0.226181
2025-09-19T17:00:00+02:00,0.280038
2025-09-19T18:00:00+02:00,0.421523
2025-09-19T19:00:00+02:00,0.595049
2025-09-19T20:00:00+02:00,0.340526
2025-09-19T21:00:00+02:00,0.276021
2025-09-19T22:00:00+02:00,0.246436
2025-09-19T23:00:00+02:00,0.238474
2025-09-20T00:00:00+02:00,0.237131
2025-09-20T01:00:00+02:00,0.237131
2025-09-20T02:00:00+02:00,0.233598
2025-09-20T03:00:00+02:00,0.233368
2025-09-20T04:00:00+02:00,0.233356
2025-09-20T05:00:00+02:00,0.239914
2025-09-20T06:00:00+02:00,0.249957
2025-09-20T07:00:00+02:00,0.248094
2025-09-20T08:00:00+02:00,0.233961
2025-09-20T09:00:00+02:00,0.173037
2025-09-20T10:00:00+02:00,0.146466
2025-09-20T11:00:00+02:00,0.145280
2025-09-20T12:00:00+02:00,0.141057
2025-09-20T13:00:00+02:00,0.142800
2025-09-20T14:00:00+02:00,0.141057
2025-09-20T15:00:00+02:00,0.146490
2025-09-20T16:00:00+02:00,0.203796
2025-09-20T17:00:00+02:00,0.241402
2025-09-20T18:00:00+02:00,0.280691
2025-09-20T19:00:00+02:00,0.295005
2025-09-20T20:00:00+02:00,0.256987
2025-09-20T21:00:00+02:00,0.239406
2025-09-20T22:00:00+02:00,0.227633
2025-09-20T23:00:00+02:00,0.195689
2025-09-21T00:00:00+02:00,0.153048
2025-09-21T01:00:00+02:00,0.147470
2025-09-21T02:00:00+02:00,0.147083
2025-09-21T03:00:00+02:00,0.144917
2025-09-21T04:00:00+02:00,0.145413
2025-09-21T05:00:00+02:00,0.146998
2025-09-21T06:00:00+02:00,0.148196
2025-09-21T07:00:00+02:00,0.149188
2025-09-21T08:00:00+02:00,0.146793
2025-09-21T09:00:00+02:00,0.145111
2025-09-21T10:00:00+02:00,0.142860
2025-09-21T11:00:00+02:00,0.142848
2025-09-21T12:00:00+02:00,0.142848
2025-09-21T13:00:00+02:00,0.145607
2025-09-21T14:00:00+02:00,0.150096
2025-09-21T15:00:00+02:00,0.143937
2025-09-21T16:00:00+02:00,0.154343
2025-09-21T17:00:00+02:00,0.251869
2025-09-21T18:00:00+02:00,0.275960
2025-09-21T19:00:00+02:00,0.283329
2025-09-21T20:00:00+02:00,0.283208
2025-09-21T21:00:00+02:00,0.266050
2025-09-21T22:00:00+02:00,0.252099
2025-09-21T23:00:00+02:00,0.248445
2025-09-22T00:00:00+02:00,0.246920
2025-09-22T01:00:00+02:00,0.238644
2025-09-22T02:00:00+02:00,0.230767
2025-09-22T03:00:00+02:00,0.229375
2025-09-22T04:00:00+02:00,0.231831
2025-09-22T05:00:00+02:00,0.242044
2025-09-22T06:00:00+02:00,0.270467
2025-09-22T07:00:00+02:00,0.300160
2025-09-22T08:00:00+02:00,0.300160
2025-09-22T09:00:00+02:00,0.263340
2025-09-22T10:00:00+02:00,0.237785
2025-09-22T11:00:00+02:00,0.224717
2025-09-22T12:00:00+02:00,0.220385
2025-09-22T13:00:00+02:00,0.203723
2025-09-22T14:00:00+02:00,0.217493
2025-09-22T15:00:00+02:00,0.225443
2025-09-22T16:00:00+02:00,0.231105
2025-09-22T17:00:00+02:00,0.249485
2025-09-22T18:00:00+02:00,0.287395
2025-09-22T19:00:00+02:00,0.334548
2025-09-22T20:00:00+02:00,0.305520
2025-09-22T21:00:00+02:00,0.278174
2025-09-22T22:00:00+02:00,0.269474
2025-09-22T23:00:00+02:00,0.256140
2025-09-23T00:00:00+02:00,0.252256
2025-09-23T01:00:00+02:00,0.251760
2025-09-23T02:00:00+02:00,0.253394
2025-09-23T03:00:00+02:00,0.253442
2025-09-23T04:00:00+02:00,0.253636
2025-09-23T05:00:00+02:00,0.257520
2025-09-23T06:00:00+02:00,0.297183
2025-09-23T07:00:00+02:00,0.351416
2025-09-23T08:00:00+02:00,0.348959
2025-09-23T09:00:00+02:00,0.301370
2025-09-23T10:00:00+02:00,0.266704
2025-09-23T11:00:00+02:00,0.236127
2025-09-23T12:00:00+02:00,0.226604
2025-09-23T13:00:00+02:00,0.221329
2025-09-23T14:00:00+02:00,0.221389
2025-09-23T15:00:00+02:00,0.233053
2025-09-23T16:00:00+02:00,0.246630
2025-09-23T17:00:00+02:00,0.267369
2025-09-23T18:00:00+02:00,0.308424
2025-09-23T19:00:00+02:00,0.332455
2025-09-23T20:00:00+02:00,0.284914
2025-09-23T21:00:00+02:00,0.260194
2025-09-23T22:00:00+02:00,0.244004
2025-09-23T23:00:00+02:00,0.242975
2025-09-24T00:00:00+02:00,0.242177
2025-09-24T01:00:00+02:00,0.240047
2025-09-24T02:00:00+02:00,0.239781
2025-09-24T03:00:00+02:00,0.239781
2025-09-24T04:00:00+02:00,0.236853
2025-09-24T05:00:00+02:00,0.233598
2025-09-24T06:00:00+02:00,0.256285
2025-09-24T07:00:00+02:00,0.274907
2025-09-24T08:00:00+02:00,0.288605
2025-09-24T09:00:00+02:00,0.264768
2025-09-24T10:00:00+02:00,0.235147
2025-09-24T11:00:00+02:00,0.219114
2025-09-24T12:00:00+02:00,0.164204
2025-09-24T13:00:00+02:00,0.142860
2025-09-24T14:00:00+02:00,0.142848
2025-09-24T15:00:00+02:00,0.157223
2025-09-24T16:00:00+02:00,0.213076
2025-09-24T17:00:00+02:00,0.245928
2025-09-24T18:00:00+02:00,0.275960
2025-09-24T19:00:00+02:00,0.280909
2025-09-24T20:00:00+02:00,0.284321
2025-09-24T21:00:00+02:00,0.253962
2025-09-24T22:00:00+02:00,0.246497
2025-09-24T23:00:00+02:00,0.227282
2025-09-25T00:00:00+02:00,0.230948
2025-09-25T01:00:00+02:00,0.224995
2025-09-25T02:00:00+02:00,0.228056
2025-09-25T03:00:00+02:00,0.231420
2025-09-25T04:00:00+02:00,0.233320
2025-09-25T05:00:00+02:00,0.234312
2025-09-25T06:00:00+02:00,0.261380
2025-09-25T07:00:00+02:00,0.277473
2025-09-25T08:00:00+02:00,0.293965
2025-09-25T09:00:00+02:00,0.268724
2025-09-25T10:00:00+02:00,0.235582
2025-09-25T11:00:00+02:00,0.154960
2025-09-25T12:00:00+02:00,0.140392
2025-09-25T13:00:00+02:00,0.154960
2025-09-25T14:00:00+02:00,0.161518
2025-09-25T15:00:00+02:00,0.192422
2025-09-25T16:00:00+02:00,0.225225
2025-09-25T17:00:00+02:00,0.245504
2025-09-25T18:00:00+02:00,0.280861
2025-09-25T19:00:00+02:00,0.289185
2025-09-25T20:00:00+02:00,0.293239
2025-09-25T21:00:00+02:00,0.272475
2025-09-25T22:00:00+02:00,0.260847
2025-09-25T23:00:00+02:00,0.240979
2025-09-26T00:00:00+02:00,0.237821
2025-09-26T01:00:00+02:00,0.233102
2025-09-26T02:00:00+02:00,0.231408
2025-09-26T03:00:00+02:00,0.231408
2025-09-26T04:00:00+02:00,0.232582
2025-09-26T05:00:00+02:00,0.240289
2025-09-26T06:00:00+02:00,0.266292
2025-09-26T07:00:00+02:00,0.284551
2025-09-26T08:00:00+02:00,0.292368
2025-09-26T09:00:00+02:00,0.277715
2025-09-26T10:00:00+02:00,0.251639
2025-09-26T11:00:00+02:00,0.246049
2025-09-26T12:00:00+02:00,0.238753
2025-09-26T13:00:00+02:00,0.231904
2025-09-26T14:00:00+02:00,0.233259
2025-09-26T15:00:00+02:00,0.244657
2025-09-26T16:00:00+02:00,0.256406
2025-09-26T17:00:00+02:00,0.268240
2025-09-26T18:00:00+02:00,0.288738
2025-09-26T19:00:00+02:00,0.303536
2025-09-26T20:00:00+02:00,0.287588
2025-09-26T21:00:00+02:00,0.271374
2025-09-26T22:00:00+02:00,0.260109
2025-09-26T23:00:00+02:00,0.251639
2025-09-27T00:00:00+02:00,0.245468
2025-09-27T01:00:00+02:00,0.243605
2025-09-27T02:00:00+02:00,0.239660
2025-09-27T03:00:00+02:00,0.239660
2025-09-27T04:00:00+02:00,0.237373
2025-09-27T05:00:00+02:00,0.241620
2025-09-27T06:00:00+02:00,0.249352
2025-09-27T07:00:00+02:00,0.265058
2025-09-27T08:00:00+02:00,0.271773
2025-09-27T09:00:00+02:00,0.257132
2025-09-27T10:00:00+02:00,0.248191
2025-09-27T11:00:00+02:00,0.222321
2025-09-27T12:00:00+02:00,0.206494
2025-09-27T13:00:00+02:00,0.182064
2025-09-27T14:00:00+02:00,0.193995
2025-09-27T15:00:00+02:00,0.224051
2025-09-27T16:00:00+02:00,0.238789
2025-09-27T17:00:00+02:00,0.267248
2025-09-27T18:00:00+02:00,0.300160
2025-09-27T19:00:00+02:00,0.319423
2025-09-27T20:00:00+02:00,0.287032
2025-09-27T21:00:00+02:00,0.275645
2025-09-27T22:00:00+02:00,0.269474
2025-09-27T23:00:00+02:00,0.259649
2025-09-28T00:00:00+02:00,0.253781
2025-09-28T01:00:00+02:00,0.250901
2025-09-28T02:00:00+02:00,0.251300
2025-09-28T03:00:00+02:00,0.253539
2025-09-28T04:00:00+02:00,0.252486
2025-09-28T05:00:00+02:00,0.254519
2025-09-28T06:00:00+02:00,0.264961
2025-09-28T07:00:00+02:00,0.263231
2025-09-28T08:00:00+02:00,0.256515
2025-09-28T09:00:00+02:00,0.251639
2025-09-28T10:00:00+02:00,0.232545
2025-09-28T11:00:00+02:00,0.186602
2025-09-28T12:00:00+02:00,0.163563
2025-09-28T13:00:00+02:00,0.153181
2025-09-28T14:00:00+02:00,0.158590
2025-09-28T15:00:00+02:00,0.208248
2025-09-28T16:00:00+02:00,0.234433
2025-09-28T17:00:00+02:00,0.257399
2025-09-28T18:00:00+02:00,0.297825
2025-09-28T19:00:00+02:00,0.311050
2025-09-28T20:00:00+02:00,0.295235
2025-09-28T21:00:00+02:00,0.280207
2025-09-28T22:00:00+02:00,0.261646
2025-09-28T23:00:00+02:00,0.251506
2025-09-29T00:00:00+02:00,0.245625
2025-09-29T01:00:00+02:00,0.242479
2025-09-29T02:00:00+02:00,0.240822
2025-09-29T03:00:00+02:00,0.240447
2025-09-29T04:00:00+02:00,0.243024
2025-09-29T05:00:00+02:00,0.254180
2025-09-29T06:00:00+02:00,0.285507
2025-09-29T07:00:00+02:00,0.377007
2025-09-29T08:00:00+02:00,0.336980
2025-09-29T09:00:00+02:00,0.289367
2025-09-29T10:00:00+02:00,0.247138
2025-09-29T11:00:00+02:00,0.238256
2025-09-29T12:00:00+02:00,0.231505
2025-09-29T13:00:00+02:00,0.228468
2025-09-29T14:00:00+02:00,0.233090
2025-09-29T15:00:00+02:00,0.238728
2025-09-29T16:00:00+02:00,0.249340
2025-09-29T17:00:00+02:00,0.294110
2025-09-29T18:00:00+02:00,0.461090
2025-09-29T19:00:00+02:00,0.570777
2025-09-29T20:00:00+02:00,0.341590
2025-09-29T21:00:00+02:00,0.285168
2025-09-29T22:00:00+02:00,0.268458
2025-09-29T23:00:00+02:00,0.255075
2025-09-30T00:00:00+02:00,0.258258
2025-09-30T01:00:00+02:00,0.253406
2025-09-30T02:00:00+02:00,0.254870
2025-09-30T03:00:00+02:00,0.248348
2025-09-30T04:00:00+02:00,0.250562
2025-09-30T05:00:00+02:00,0.259746
2025-09-30T06:00:00+02:00,0.296990
2025-09-30T07:00:00+02:00,0.404293
2025-09-30T08:00:00+02:00,0.375797
2025-09-30T09:00:00+02:00,0.307202
2025-09-30T10:00:00+02:00,0.272862
2025-09-30T11:00:00+02:00,0.248820
2025-09-30T12:00:00+02:00,0.238716
2025-09-30T13:00:00+02:00,0.236187
2025-09-30T14:00:00+02:00,0.235002
2025-09-30T15:00:00+02:00,0.246920
2025-09-30T16:00:00+02:00,0.254664
2025-09-30T17:00:00+02:00,0.292924
2025-09-30T18:00:00+02:00,0.451362
2025-09-30T19:00:00+02:00,0.520380
2025-09-30T20:00:00+02:00,0.311728
2025-09-30T21:00:00+02:00,0.275960
2025-09-30T22:00:00+02:00,0.261440
2025-09-30T23:00:00+02:00,0.251760
2025-10-01T00:00:00+02:00,0.251542
2025-10-01T01:00:00+02:00,0.245625
2025-10-01T02:00:00+02:00,0.238825
2025-10-01T03:00:00+02:00,0.239091
2025-10-01T04:00:00+02:00,0.241076
2025-10-01T05:00:00+02:00,0.246134
2025-10-01T06:00:00+02:00,0.282978
2025-10-01T07:00:00+02:00,0.341760
2025-10-01T08:00:00+02:00,0.310348
2025-10-01T09:00:00+02:00,0.269148
2025-10-01T10:00:00+02:00,0.243871
2025-10-01T11:00:00+02:00,0.223131
2025-10-01T12:00:00+02:00,0.213766
2025-10-01T13:00:00+02:00,0.214577
2025-10-01T14:00:00+02:00,0.218872
2025-10-01T15:00:00+02:00,0.230694
2025-10-01T16:00:00+02:00,0.245710
2025-10-01T17:00:00+02:00,0.297861
2025-10-01T18:00:00+02:00,0.445517
2025-10-01T19:00:00+02:00,0.554248
2025-10-01T20:00:00+02:00,0.324360
2025-10-01T21:00:00+02:00,0.272052
2025-10-01T22:00:00+02:00,0.260472
2025-10-01T23:00:00+02:00,0.250405
2025-10-02T00:00:00+02:00,0.248687
2025-10-02T01:00:00+02:00,0.245492
2025-10-02T02:00:00+02:00,0.241294
2025-10-02T03:00:00+02:00,0.239152
2025-10-02T04:00:00+02:00,0.243217
2025-10-02T05:00:00+02:00,0.253430
2025-10-02T06:00:00+02:00,0.284140
2025-10-02T07:00:00+02:00,0.323973
2025-10-02T08:00:00+02:00,0.302834
2025-10-02T09:00:00+02:00,0.263328
2025-10-02T10:00:00+02:00,0.249643
2025-10-02T11:00:00+02:00,0.238777
2025-10-02T12:00:00+02:00,0.221316
2025-10-02T13:00:00+02:00,0.210753
2025-10-02T14:00:00+02:00,0.219380
2025-10-02T15:00:00+02:00,0.229375
2025-10-02T16:00:00+02:00,0.243048
2025-10-02T17:00:00+02:00,0.272124
2025-10-02T18:00:00+02:00,0.331003
2025-10-02T19:00:00+02:00,0.341784
2025-10-02T20:00:00+02:00,0.269946
2025-10-02T21:00:00+02:00,0.245311
2025-10-02T22:00:00+02:00,0.249267
2025-10-02T23:00:00+02:00,0.230367
2025-10-03T00:00:00+02:00,0.234421
2025-10-03T01:00:00+02:00,0.225914
2025-10-03T02:00:00+02:00,0.218364
2025-10-03T03:00:00+02:00,0.222478
2025-10-03T04:00:00+02:00,0.224704
2025-10-03T05:00:00+02:00,0.224729
2025-10-03T06:00:00+02:00,0.245541
2025-10-03T07:00:00+02:00,0.259988
2025-10-03T08:00:00+02:00,0.268531
2025-10-03T09:00:00+02:00,0.268688
2025-10-03T10:00:00+02:00,0.263739
2025-10-03T11:00:00+02:00,0.245710
2025-10-03T12:00:00+02:00,0.237615
2025-10-03T13:00:00+02:00,0.228891
2025-10-03T14:00:00+02:00,0.203203
2025-10-03T15:00:00+02:00,0.206506
2025-10-03T16:00:00+02:00,0.219187
2025-10-03T17:00:00+02:00,0.245589
2025-10-03T18:00:00+02:00,0.275960
2025-10-03T19:00:00+02:00,0.263618
2025-10-03T20:00:00+02:00,0.227838
2025-10-03T21:00:00+02:00,0.193002
2025-10-03T22:00:00+02:00,0.170920
2025-10-03T23:00:00+02:00,0.154670
2025-10-04T00:00:00+02:00,0.142582
2025-10-04T01:00:00+02:00,0.139484
2025-10-04T02:00:00+02:00,0.138081
2025-10-04T03:00:00+02:00,0.137572
2025-10-04T04:00:00+02:00,0.137972
2025-10-04T05:00:00+02:00,0.137742
2025-10-04T06:00:00+02:00,0.138214
2025-10-04T07:00:00+02:00,0.140174
2025-10-04T08:00:00+02:00,0.141892
2025-10-04T09:00:00+02:00,0.145256
2025-10-04T10:00:00+02:00,0.144288
2025-10-04T11:00:00+02:00,0.142812
2025-10-04T12:00:00+02:00,0.142775
2025-10-04T13:00:00+02:00,0.142388
2025-10-04T14:00:00+02:00,0.137851
2025-10-04T15:00:00+02:00,0.137282
2025-10-04T16:00:00+02:00,0.140150
2025-10-04T17:00:00+02:00,0.142812
2025-10-04T18:00:00+02:00,0.144324
2025-10-04T19:00:00+02:00,0.149890
2025-10-04T20:00:00+02:00,0.145074
2025-10-04T21:00:00+02:00,0.142848
2025-10-04T22:00:00+02:00,0.142848
2025-10-04T23:00:00+02:00,0.142231
2025-10-05T00:00:00+02:00,0.142061
2025-10-05T01:00:00+02:00,0.141190
2025-10-05T02:00:00+02:00,0.137947
2025-10-05T03:00:00+02:00,0.137923
2025-10-05T04:00:00+02:00,0.137004
2025-10-05T05:00:00+02:00,0.137960
2025-10-05T06:00:00+02:00,0.138323
2025-10-05T07:00:00+02:00,0.141045
2025-10-05T08:00:00+02:00,0.142751
2025-10-05T09:00:00+02:00,0.141239
2025-10-05T10:00:00+02:00,0.138407
2025-10-05T11:00:00+02:00,0.140416
2025-10-05T12:00:00+02:00,0.138637
2025-10-05T13:00:00+02:00,0.138952
2025-10-05T14:00:00+02:00,0.139399
2025-10-05T15:00:00+02:00,0.139956
2025-10-05T16:00:00+02:00,0.142025
2025-10-05T17:00:00+02:00,0.145449
2025-10-05T18:00:00+02:00,0.163478
2025-10-05T19:00:00+02:00,0.191260
2025-10-05T20:00:00+02:00,0.203348
2025-10-05T21:00:00+02:00,0.200662
2025-10-05T22:00:00+02:00,0.191139
2025-10-05T23:00:00+02:00,0.175990
2025-10-06T00:00:00+02:00,0.168270
2025-10-06T01:00:00+02:00,0.156097
2025-10-06T02:00:00+02:00,0.154573
2025-10-06T03:00:00+02:00,0.156170
2025-10-06T04:00:00+02:00,0.163055
2025-10-06T05:00:00+02:00,0.170109
2025-10-06T06:00:00+02:00,0.227173
2025-10-06T07:00:00+02:00,0.272560
2025-10-06T08:00:00+02:00,0.291012
2025-10-06T09:00:00+02:00,0.287637
2025-10-06T10:00:00+02:00,0.260545
2025-10-06T11:00:00+02:00,0.245371
2025-10-06T12:00:00+02:00,0.243084
2025-10-06T13:00:00+02:00,0.244500
2025-10-06T14:00:00+02:00,0.245710
2025-10-06T15:00:00+02:00,0.246472
2025-10-06T16:00:00+02:00,0.258536
2025-10-06T17:00:00+02:00,0.279130
2025-10-06T18:00:00+02:00,0.307105
2025-10-06T19:00:00+02:00,0.342014
2025-10-06T20:00:00+02:00,0.304976
2025-10-06T21:00:00+02:00,0.286366
2025-10-06T22:00:00+02:00,0.283268
2025-10-06T23:00:00+02:00,0.268833
2025-10-07T00:00:00+02:00,0.261488
2025-10-07T01:00:00+02:00,0.255305
2025-10-07T02:00:00+02:00,0.248287
2025-10-07T03:00:00+02:00,0.248106
2025-10-07T04:00:00+02:00,0.250635
2025-10-07T05:00:00+02:00,0.257532
2025-10-07T06:00:00+02:00,0.289730
2025-10-07T07:00:00+02:00,0.390716
2025-10-07T08:00:00+02:00,0.454846
2025-10-07T09:00:00+02:00,0.384860
2025-10-07T10:00:00+02:00,0.322690
2025-10-07T11:00:00+02:00,0.284539
2025-10-07T12:00:00+02:00,0.265155
2025-10-07T13:00:00+02:00,0.258439
2025-10-07T14:00:00+02:00,0.256782
2025-10-07T15:00:00+02:00,0.265554
2025-10-07T16:00:00+02:00,0.276468
2025-10-07T17:00:00+02:00,0.314801
2025-10-07T18:00:00+02:00,0.378278
2025-10-07T19:00:00+02:00,0.394008
2025-10-07T20:00:00+02:00,0.319823
2025-10-07T21:00:00+02:00,0.291980
2025-10-07T22:00:00+02:00,0.272838
2025-10-07T23:00:00+02:00,0.260811
2025-10-08T00:00:00+02:00,0.255935
2025-10-08T01:00:00+02:00,0.249872
2025-10-08T02:00:00+02:00,0.248808
2025-10-08T03:00:00+02:00,0.246932
2025-10-08T04:00:00+02:00,0.248408
2025-10-08T05:00:00+02:00,0.256503
2025-10-08T06:00:00+02:00,0.280969
2025-10-08T07:00:00+02:00,0.327458
2025-10-08T08:00:00+02:00,0.344204
2025-10-08T09:00:00+02:00,0.307577
2025-10-08T10:00:00+02:00,0.283438
2025-10-08T11:00:00+02:00,0.264223
2025-10-08T12:00:00+02:00,0.249957
2025-10-08T13:00:00+02:00,0.247864
2025-10-08T14:00:00+02:00,0.248408
2025-10-08T15:00:00+02:00,0.256987
2025-10-08T16:00:00+02:00,0.275379
2025-10-08T17:00:00+02:00,0.314232
2025-10-08T18:00:00+02:00,0.357175
2025-10-08T19:00:00+02:00,0.378374
2025-10-08T20:00:00+02:00,0.314015
2025-10-08T21:00:00+02:00,0.280268
2025-10-08T22:00:00+02:00,0.271362
2025-10-08T23:00:00+02:00,0.259915
2025-10-09T00:00:00+02:00,0.259516
2025-10-09T01:00:00+02:00,0.252534
2025-10-09T02:00:00+02:00,0.252934
2025-10-09T03:00:00+02:00,0.248166
2025-10-09T04:00:00+02:00,0.248566
2025-10-09T05:00:00+02:00,0.259020
2025-10-09T06:00:00+02:00,0.287673
2025-10-09T07:00:00+02:00,0.313990
2025-10-09T08:00:00+02:00,0.321408
2025-10-09T09:00:00+02:00,0.299132
2025-10-09T10:00:00+02:00,0.271326
2025-10-09T11:00:00+02:00,0.257556
2025-10-09T12:00:00+02:00,0.249885
2025-10-09T13:00:00+02:00,0.236526
2025-10-09T14:00:00+02:00,0.236405
2025-10-09T15:00:00+02:00,0.248312
2025-10-09T16:00:00+02:00,0.249255
2025-10-09T17:00:00+02:00,0.268240
2025-10-09T18:00:00+02:00,0.287588
2025-10-09T19:00:00+02:00,0.292343
2025-10-09T20:00:00+02:00,0.279142
2025-10-09T21:00:00+02:00,0.261428
2025-10-09T22:00:00+02:00,0.259928
2025-10-09T23:00:00+02:00,0.255475
2025-10-10T00:00:00+02:00,0.251760
2025-10-10T01:00:00+02:00,0.245698
2025-10-10T02:00:00+02:00,0.239769
2025-10-10T03:00:00+02:00,0.237155
2025-10-10T04:00:00+02:00,0.236732
2025-10-10T05:00:00+02:00,0.245734
2025-10-10T06:00:00+02:00,0.262553
2025-10-10T07:00:00+02:00,0.283160
2025-10-10T08:00:00+02:00,0.291012
2025-10-10T09:00:00+02:00,0.272681
2025-10-10T10:00:00+02:00,0.254192
2025-10-10T11:00:00+02:00,0.242479
2025-10-10T12:00:00+02:00,0.236115
2025-10-10T13:00:00+02:00,0.231432
2025-10-10T14:00:00+02:00,0.248275
2025-10-10T15:00:00+02:00,0.242249
2025-10-10T16:00:00+02:00,0.251639
2025-10-10T17:00:00+02:00,0.279142
2025-10-10T18:00:00+02:00,0.284696
2025-10-10T19:00:00+02:00,0.290795
2025-10-10T20:00:00+02:00,0.282192
2025-10-10T21:00:00+02:00,0.266728
2025-10-10T22:00:00+02:00,0.260157
2025-10-10T23:00:00+02:00,0.255959
2025-10-11T00:00:00+02:00,0.264586
2025-10-11T01:00:00+02:00,0.251639
2025-10-11T02:00:00+02:00,0.250375
2025-10-11T03:00:00+02:00,0.242107
2025-10-11T04:00:00+02:00,0.242851
2025-10-11T05:00:00+02:00,0.243677
2025-10-11T06:00:00+02:00,0.252081
2025-10-11T07:00:00+02:00,0.259931
2025-10-11T08:00:00+02:00,0.265675
2025-10-11T09:00:00+02:00,0.283583
2025-10-11T10:00:00+02:00,0.271840
2025-10-11T11:00:00+02:00,0.250822
2025-10-11T12:00:00+02:00,0.246342
2025-10-11T13:00:00+02:00,0.218606
2025-10-11T14:00:00+02:00,0.236393
2025-10-11T15:00:00+02:00,0.241838
2025-10-11T16:00:00+02:00,0.259023
2025-10-11T17:00:00+02:00,0.270678
2025-10-11T18:00:00+02:00,0.289167
2025-10-11T19:00:00+02:00,0.296760
2025-10-11T20:00:00+02:00,0.286723
2025-10-11T21:00:00+02:00,0.274756
2025-10-11T22:00:00+02:00,0.268676
2025-10-11T23:00:00+02:00,0.257598
2025-10-12T00:00:00+02:00,0.258488
2025-10-12T01:00:00+02:00,0.255320
2025-10-12T02:00:00+02:00,0.246660
2025-10-12T03:00:00+02:00,0.240205
2025-10-12T04:00:00+02:00,0.242337
2025-10-12T05:00:00+02:00,0.242080
2025-10-12T06:00:00+02:00,0.247014
2025-10-12T07:00:00+02:00,0.249110
2025-10-12T08:00:00+02:00,0.249446
2025-10-12T09:00:00+02:00,0.256343
2025-10-12T10:00:00+02:00,0.257689
2025-10-12T11:00:00+02:00,0.237077
2025-10-12T12:00:00+02:00,0.229859
2025-10-12T13:00:00+02:00,0.215033
2025-10-12T14:00:00+02:00,0.227929
2025-10-12T15:00:00+02:00,0.240909
2025-10-12T16:00:00+02:00,0.249343
2025-10-12T17:00:00+02:00,0.256530
2025-10-12T18:00:00+02:00,0.270170
2025-10-12T19:00:00+02:00,0.283589
2025-10-12T20:00:00+02:00,0.282394
2025-10-12T21:00:00+02:00,0.275010
2025-10-12T22:00:00+02:00,0.268509
2025-10-12T23:00:00+02:00,0.253345
2025-10-13T00:00:00+02:00,0.251252
2025-10-13T01:00:00+02:00,0.246708
2025-10-13T02:00:00+02:00,0.246403
2025-10-13T03:00:00+02:00,0.238344
2025-10-13T04:00:00+02:00,0.241487
2025-10-13T05:00:00+02:00,0.249957
2025-10-13T06:00:00+02:00,0.284430
2025-10-13T07:00:00+02:00,0.320246
2025-10-13T08:00:00+02:00,0.356973
2025-10-13T09:00:00+02:00,0.319768
2025-10-13T10:00:00+02:00,0.289787
2025-10-13T11:00:00+02:00,0.271634
2025-10-13T12:00:00+02:00,0.254815
2025-10-13T13:00:00+02:00,0.246155
2025-10-13T14:00:00+02:00,0.245695
2025-10-13T15:00:00+02:00,0.254715
2025-10-13T16:00:00+02:00,0.271383
2025-10-13T17:00:00+02:00,0.343484
2025-10-13T18:00:00+02:00,0.476109
2025-10-13T19:00:00+02:00,0.481122
2025-10-13T20:00:00+02:00,0.353914
2025-10-13T21:00:00+02:00,0.300717
2025-10-13T22:00:00+02:00,0.284430
2025-10-13T23:00:00+02:00,0.271643
2025-10-14T00:00:00+02:00,0.272512
2025-10-14T01:00:00+02:00,0.264426
2025-10-14T02:00:00+02:00,0.259698
2025-10-14T03:00:00+02:00,0.257145
2025-10-14T04:00:00+02:00,0.257356
2025-10-14T05:00:00+02:00,0.259259
2025-10-14T06:00:00+02:00,0.281009
2025-10-14T07:00:00+02:00,0.328389
2025-10-14T08:00:00+02:00,0.364889
2025-10-14T09:00:00+02:00,0.324118
2025-10-14T10:00:00+02:00,0.300290
2025-10-14T11:00:00+02:00,0.281562
2025-10-14T12:00:00+02:00,0.267088
2025-10-14T13:00:00+02:00,0.260451
2025-10-14T14:00:00+02:00,0.261564
2025-10-14T15:00:00+02:00,0.278891
2025-10-14T16:00:00+02:00,0.301987
2025-10-14T17:00:00+02:00,0.368685
2025-10-14T18:00:00+02:00,0.540977
2025-10-14T19:00:00+02:00,0.592650
2025-10-14T20:00:00+02:00,0.396651
2025-10-14T21:00:00+02:00,0.329521
2025-10-14T22:00:00+02:00,0.297897
2025-10-14T23:00:00+02:00,0.280180
2025-10-15T00:00:00+02:00,0.275960
2025-10-15T01:00:00+02:00,0.269780
2025-10-15T02:00:00+02:00,0.265115
2025-10-15T03:00:00+02:00,0.259534
2025-10-15T04:00:00+02:00,0.261095
2025-10-15T05:00:00+02:00,0.269789
2025-10-15T06:00:00+02:00,0.283716
2025-10-15T07:00:00+02:00,0.336769
2025-10-15T08:00:00+02:00,0.437177
2025-10-15T09:00:00+02:00,0.351158
2025-10-15T10:00:00+02:00,0.309807
2025-10-15T11:00:00+02:00,0.287025
2025-10-15T12:00:00+02:00,0.277972
2025-10-15T13:00:00+02:00,0.269248
2025-10-15T14:00:00+02:00,0.267566
2025-10-15T15:00:00+02:00,0.277587
2025-10-15T16:00:00+02:00,0.293910
2025-10-15T17:00:00+02:00,0.335253
2025-10-15T18:00:00+02:00,0.394292
2025-10-15T19:00:00+02:00,0.397967
2025-10-15T20:00:00+02:00,0.322566
2025-10-15T21:00:00+02:00,0.287939
2025-10-15T22:00:00+02:00,0.260354
2025-10-15T23:00:00+02:00,0.248904
2025-10-16T00:00:00+02:00,0.247017
2025-10-16T01:00:00+02:00,0.242833
2025-10-16T02:00:00+02:00,0.245129
2025-10-16T03:00:00+02:00,0.239941
2025-10-16T04:00:00+02:00,0.238326
2025-10-16T05:00:00+02:00,0.239264
2025-10-16T06:00:00+02:00,0.248224
2025-10-16T07:00:00+02:00,0.267118
2025-10-16T08:00:00+02:00,0.299597
2025-10-16T09:00:00+02:00,0.285580
2025-10-16T10:00:00+02:00,0.253212
2025-10-16T11:00:00+02:00,0.246823
2025-10-16T12:00:00+02:00,0.238187
2025-10-16T13:00:00+02:00,0.238214
2025-10-16T14:00:00+02:00,0.240071
2025-10-16T15:00:00+02:00,0.238734
2025-10-16T16:00:00+02:00,0.247607
2025-10-16T17:00:00+02:00,0.282455
2025-10-16T18:00:00+02:00,0.298263
2025-10-16T19:00:00+02:00,0.313567
2025-10-16T20:00:00+02:00,0.293693
2025-10-16T21:00:00+02:00,0.264961
2025-10-16T22:00:00+02:00,0.260245
2025-10-16T23:00:00+02:00,0.254994
2025-10-17T00:00:00+02:00,0.249192
2025-10-17T01:00:00+02:00,0.246772
2025-10-17T02:00:00+02:00,0.248541
2025-10-17T03:00:00+02:00,0.248296
2025-10-17T04:00:00+02:00,0.249258
2025-10-17T05:00:00+02:00,0.254374
2025-10-17T06:00:00+02:00,0.264408
2025-10-17T07:00:00+02:00,0.297577
2025-10-17T08:00:00+02:00,0.317348
2025-10-17T09:00:00+02:00,0.298974
2025-10-17T10:00:00+02:00,0.280885
2025-10-17T11:00:00+02:00,0.259507
2025-10-17T12:00:00+02:00,0.245707
2025-10-17T13:00:00+02:00,0.239318
2025-10-17T14:00:00+02:00,0.238323
2025-10-17T15:00:00+02:00,0.240044
2025-10-17T16:00:00+02:00,0.251473
2025-10-17T17:00:00+02:00,0.282688
2025-10-17T18:00:00+02:00,0.298708
2025-10-17T19:00:00+02:00,0.302344
2025-10-17T20:00:00+02:00,0.284850
2025-10-17T21:00:00+02:00,0.268851
2025-10-17T22:00:00+02:00,0.266676
2025-10-17T23:00:00+02:00,0.254782
2025-10-18T00:00:00+02:00,0.257314
2025-10-18T01:00:00+02:00,0.252078
2025-10-18T02:00:00+02:00,0.251727
2025-10-18T03:00:00+02:00,0.248502
2025-10-18T04:00:00+02:00,0.246672
2025-10-18T05:00:00+02:00,0.247664
2025-10-18T06:00:00+02:00,0.251712
2025-10-18T07:00:00+02:00,0.273204
2025-10-18T08:00:00+02:00,0.281296
2025-10-18T09:00:00+02:00,0.266095
2025-10-18T10:00:00+02:00,0.250202
2025-10-18T11:00:00+02:00,0.231792
2025-10-18T12:00:00+02:00,0.224865
2025-10-18T13:00:00+02:00,0.215463
2025-10-18T14:00:00+02:00,0.219380
2025-10-18T15:00:00+02:00,0.230373
2025-10-18T16:00:00+02:00,0.244533
2025-10-18T17:00:00+02:00,0.277545
2025-10-18T18:00:00+02:00,0.296763
2025-10-18T19:00:00+02:00,0.292673
2025-10-18T20:00:00+02:00,0.277651
2025-10-18T21:00:00+02:00,0.254903
2025-10-18T22:00:00+02:00,0.258348
2025-10-18T23:00:00+02:00,0.256993
2025-10-19T00:00:00+02:00,0.252925
2025-10-19T01:00:00+02:00,0.245429
2025-10-19T02:00:00+02:00,0.236789
2025-10-19T03:00:00+02:00,0.232116
2025-10-19T04:00:00+02:00,0.232001
2025-10-19T05:00:00+02:00,0.230431
2025-10-19T06:00:00+02:00,0.233782
2025-10-19T07:00:00+02:00,0.233589
2025-10-19T08:00:00+02:00,0.235979
2025-10-19T09:00:00+02:00,0.227315
2025-10-19T10:00:00+02:00,0.216482
2025-10-19T11:00:00+02:00,0.207038
2025-10-19T12:00:00+02:00,0.183023
2025-10-19T13:00:00+02:00,0.165623
2025-10-19T14:00:00+02:00,0.181976
2025-10-19T15:00:00+02:00,0.221431
2025-10-19T16:00:00+02:00,0.235637
2025-10-19T17:00:00+02:00,0.271404
2025-10-19T18:00:00+02:00,0.260230
2025-10-19T19:00:00+02:00,0.254177
2025-10-19T20:00:00+02:00,0.235147
2025-10-19T21:00:00+02:00,0.227424
2025-10-19T22:00:00+02:00,0.226907
2025-10-19T23:00:00+02:00,0.210091
2025-10-20T00:00:00+02:00,0.217581
2025-10-20T01:00:00+02:00,0.208693
2025-10-20T02:00:00+02:00,0.207444
2025-10-20T03:00:00+02:00,0.205874
2025-10-20T04:00:00+02:00,0.206022
2025-10-20T05:00:00+02:00,0.220279
2025-10-20T06:00:00+02:00,0.232255
2025-10-20T07:00:00+02:00,0.249963
2025-10-20T08:00:00+02:00,0.286832
2025-10-20T09:00:00+02:00,0.286895
2025-10-20T10:00:00+02:00,0.261440
2025-10-20T11:00:00+02:00,0.226235
2025-10-20T12:00:00+02:00,0.212731
2025-10-20T13:00:00+02:00,0.215796
2025-10-20T14:00:00+02:00,0.222179
2025-10-20T15:00:00+02:00,0.244204
2025-10-20T16:00:00+02:00,0.265475
2025-10-20T17:00:00+02:00,0.276568
2025-10-20T18:00:00+02:00,0.283895
2025-10-20T19:00:00+02:00,0.266105
2025-10-20T20:00:00+02:00,0.239920
2025-10-20T21:00:00+02:00,0.234254
2025-10-20T22:00:00+02:00,0.219541
2025-10-20T23:00:00+02:00,0.204570
2025-10-21T00:00:00+02:00,0.204981
2025-10-21T01:00:00+02:00,0.188646
2025-10-21T02:00:00+02:00,0.175361
2025-10-21T03:00:00+02:00,0.163430
2025-10-21T04:00:00+02:00,0.167822
2025-10-21T05:00:00+02:00,0.189796
2025-10-21T06:00:00+02:00,0.224717
2025-10-21T07:00:00+02:00,0.240180
2025-10-21T08:00:00+02:00,0.255511
2025-10-21T09:00:00+02:00,0.248130
2025-10-21T10:00:00+02:00,0.232727
2025-10-21T11:00:00+02:00,0.221643
2025-10-21T12:00:00+02:00,0.200287
2025-10-21T13:00:00+02:00,0.179668
2025-10-21T14:00:00+02:00,0.181399
2025-10-21T15:00:00+02:00,0.210184
2025-10-21T16:00:00+02:00,0.224874
2025-10-21T17:00:00+02:00,0.260049
2025-10-21T18:00:00+02:00,0.287346
2025-10-21T19:00:00+02:00,0.284019
2025-10-21T20:00:00+02:00,0.263860
2025-10-21T21:00:00+02:00,0.240084
2025-10-21T22:00:00+02:00,0.239975
2025-10-21T23:00:00+02:00,0.231432
2025-10-22T00:00:00+02:00,0.237754
2025-10-22T01:00:00+02:00,0.235567
2025-10-22T02:00:00+02:00,0.233162
2025-10-22T03:00:00+02:00,0.237201
2025-10-22T04:00:00+02:00,0.239445
2025-10-22T05:00:00+02:00,0.241523
2025-10-22T06:00:00+02:00,0.249697
2025-10-22T07:00:00+02:00,0.256037
2025-10-22T08:00:00+02:00,0.277342
2025-10-22T09:00:00+02:00,0.293559
2025-10-22T10:00:00+02:00,0.263990
2025-10-22T11:00:00+02:00,0.242137
2025-10-22T12:00:00+02:00,0.237975
2025-10-22T13:00:00+02:00,0.237921
2025-10-22T14:00:00+02:00,0.244618
2025-10-22T15:00:00+02:00,0.269366
2025-10-22T16:00:00+02:00,0.292519
2025-10-22T17:00:00+02:00,0.363567
2025-10-22T18:00:00+02:00,0.491458
2025-10-22T19:00:00+02:00,0.479307
2025-10-22T20:00:00+02:00,0.349247
2025-10-22T21:00:00+02:00,0.288356
2025-10-22T22:00:00+02:00,0.273177
2025-10-22T23:00:00+02:00,0.256954
2025-10-23T00:00:00+02:00,0.250880
2025-10-23T01:00:00+02:00,0.241938
2025-10-23T02:00:00+02:00,0.238771
2025-10-23T03:00:00+02:00,0.222980
2025-10-23T04:00:00+02:00,0.222015
2025-10-23T05:00:00+02:00,0.215814
2025-10-23T06:00:00+02:00,0.230283
2025-10-23T07:00:00+02:00,0.245710
2025-10-23T08:00:00+02:00,0.272681
2025-10-23T09:00:00+02:00,0.259906
2025-10-23T10:00:00+02:00,0.239639
2025-10-23T11:00:00+02:00,0.224048
2025-10-23T12:00:00+02:00,0.216988
2025-10-23T13:00:00+02:00,0.220427
2025-10-23T14:00:00+02:00,0.220233
2025-10-23T15:00:00+02:00,0.244803
2025-10-23T16:00:00+02:00,0.251082
2025-10-23T17:00:00+02:00,0.276952
2025-10-23T18:00:00+02:00,0.284993
2025-10-23T19:00:00+02:00,0.290023
2025-10-23T20:00:00+02:00,0.266280
2025-10-23T21:00:00+02:00,0.250178
2025-10-23T22:00:00+02:00,0.248021
2025-10-23T23:00:00+02:00,0.215554
2025-10-24T00:00:00+02:00,0.159975
2025-10-24T01:00:00+02:00,0.151212
2025-10-24T02:00:00+02:00,0.147863
2025-10-24T03:00:00+02:00,0.144100
2025-10-24T04:00:00+02:00,0.145471
2025-10-24T05:00:00+02:00,0.151079
2025-10-24T06:00:00+02:00,0.171026
2025-10-24T07:00:00+02:00,0.222018
2025-10-24T08:00:00+02:00,0.250362
2025-10-24T09:00:00+02:00,0.239539
2025-10-24T10:00:00+02:00,0.215741
2025-10-24T11:00:00+02:00,0.189493
2025-10-24T12:00:00+02:00,0.163581
2025-10-24T13:00:00+02:00,0.144200
2025-10-24T14:00:00+02:00,0.144515
2025-10-24T15:00:00+02:00,0.164570
2025-10-24T16:00:00+02:00,0.191203
2025-10-24T17:00:00+02:00,0.228592
2025-10-24T18:00:00+02:00,0.251757
2025-10-24T19:00:00+02:00,0.245589
2025-10-24T20:00:00+02:00,0.217880
2025-10-24T21:00:00+02:00,0.197310
2025-10-24T22:00:00+02:00,0.177853
2025-10-24T23:00:00+02:00,0.154960
2025-10-25T00:00:00+02:00,0.146499
2025-10-25T01:00:00+02:00,0.142848
2025-10-25T02:00:00+02:00,0.142845
2025-10-25T03:00:00+02:00,0.142615
2025-10-25T04:00:00+02:00,0.142243
2025-10-25T05:00:00+02:00,0.142255
2025-10-25T06:00:00+02:00,0.142848
2025-10-25T07:00:00+02:00,0.144615
2025-10-25T08:00:00+02:00,0.148441
2025-10-25T09:00:00+02:00,0.153617
2025-10-25T10:00:00+02:00,0.152597
2025-10-25T11:00:00+02:00,0.150380
2025-10-25T12:00:00+02:00,0.150438
2025-10-25T13:00:00+02:00,0.148780
2025-10-25T14:00:00+02:00,0.147954
2025-10-25T15:00:00+02:00,0.148015
2025-10-25T16:00:00+02:00,0.150235
2025-10-25T17:00:00+02:00,0.188214
2025-10-25T18:00:00+02:00,0.219090
2025-10-25T19:00:00+02:00,0.229859
2025-10-25T20:00:00+02:00,0.209047
2025-10-25T21:00:00+02:00,0.195011
2025-10-25T22:00:00+02:00,0.161007
2025-10-25T23:00:00+02:00,0.147470
2025-10-26T00:00:00+02:00,0.161007
2025-10-26T01:00:00+01:00,0.146720
2025-10-26T01:00:00+02:00,0.147470
2025-10-26T02:00:00+01:00,0.145331
2025-10-26T02:00:00+02:00,0.146720
2025-10-26T02:00:01+01:00,0.145331
2025-10-26T03:00:00+01:00,0.143365
2025-10-26T04:00:00+01:00,0.143002
2025-10-26T05:00:00+01:00,0.142993
2025-10-26T06:00:00+01:00,0.143042
2025-10-26T07:00:00+01:00,0.145755
2025-10-26T08:00:00+01:00,0.148102
2025-10-26T09:00:00+01:00,0.147582
2025-10-26T10:00:00+01:00,0.144893
2025-10-26T11:00:00+01:00,0.143259
2025-10-26T12:00:00+01:00,0.143279
2025-10-26T13:00:00+01:00,0.142945
2025-10-26T14:00:00+01:00,0.142848
2025-10-26T15:00:00+01:00,0.146793
2025-10-26T16:00:00+01:00,0.176701
2025-10-26T17:00:00+01:00,0.209180
2025-10-26T18:00:00+01:00,0.251270
2025-10-26T19:00:00+01:00,0.233649
2025-10-26T20:00:00+01:00,0.199987
2025-10-26T21:00:00+01:00,0.191139
2025-10-26T22:00:00+01:00,0.166939
2025-10-26T23:00:00+01:00,0.150646
2025-10-27T00:00:00+01:00,0.144031
2025-10-27T01:00:00+01:00,0.143961
2025-10-27T02:00:00+01:00,0.142848
2025-10-27T03:00:00+01:00,0.142356
2025-10-27T04:00:00+01:00,0.141871
2025-10-27T05:00:00+01:00,0.151100
2025-10-27T06:00:00+01:00,0.201956
2025-10-27T07:00:00+01:00,0.240822
2025-10-27T08:00:00+01:00,0.256751
2025-10-27T09:00:00+01:00,0.257665
2025-10-27T10:00:00+01:00,0.250072
2025-10-27T11:00:00+01:00,0.244319
2025-10-27T12:00:00+01:00,0.231547
2025-10-27T13:00:00+01:00,0.227560
2025-10-27T14:00:00+01:00,0.229375
2025-10-27T15:00:00+01:00,0.236605
2025-10-27T16:00:00+01:00,0.264081
2025-10-27T17:00:00+01:00,0.275742
2025-10-27T18:00:00+01:00,0.296826
2025-10-27T19:00:00+01:00,0.287685
2025-10-27T20:00:00+01:00,0.259120
2025-10-27T21:00:00+01:00,0.251763
2025-10-27T22:00:00+01:00,0.251049
2025-10-27T23:00:00+01:00,0.238489
2025-10-28T00:00:00+01:00,0.211382
2025-10-28T01:00:00+01:00,0.178410
2025-10-28T02:00:00+01:00,0.166219
2025-10-28T03:00:00+01:00,0.154824
2025-10-28T04:00:00+01:00,0.155148
2025-10-28T05:00:00+01:00,0.177796
2025-10-28T06:00:00+01:00,0.212039
2025-10-28T07:00:00+01:00,0.234124
2025-10-28T08:00:00+01:00,0.247534
2025-10-28T09:00:00+01:00,0.245967
2025-10-28T10:00:00+01:00,0.235041
2025-10-28T11:00:00+01:00,0.226813
2025-10-28T12:00:00+01:00,0.217481
2025-10-28T13:00:00+01:00,0.209625
2025-10-28T14:00:00+01:00,0.213370
2025-10-28T15:00:00+01:00,0.227412
2025-10-28T16:00:00+01:00,0.247089
2025-10-28T17:00:00+01:00,0.267417
2025-10-28T18:00:00+01:00,0.290093
2025-10-28T19:00:00+01:00,0.281889
2025-10-28T20:00:00+01:00,0.254038
2025-10-28T21:00:00+01:00,0.243230
2025-10-28T22:00:00+01:00,0.244530
2025-10-28T23:00:00+01:00,0.231653
2025-10-29T00:00:00+01:00,0.216852
2025-10-29T01:00:00+01:00,0.211467
2025-10-29T02:00:00+01:00,0.210853
2025-10-29T03:00:00+01:00,0.210387
2025-10-29T04:00:00+01:00,0.206500
2025-10-29T05:00:00+01:00,0.219583
2025-10-29T06:00:00+01:00,0.255623
2025-10-29T07:00:00+01:00,0.272324
2025-10-29T08:00:00+01:00,0.264020
2025-10-29T09:00:00+01:00,0.252595
2025-10-29T10:00:00+01:00,0.245541
2025-10-29T11:00:00+01:00,0.244512
2025-10-29T12:00:00+01:00,0.251582
2025-10-29T13:00:00+01:00,0.239663
2025-10-29T14:00:00+01:00,0.249945
2025-10-29T15:00:00+01:00,0.281227
2025-10-29T16:00:00+01:00,0.289996
2025-10-29T17:00:00+01:00,0.295607
2025-10-29T18:00:00+01:00,0.299225
2025-10-29T19:00:00+01:00,0.281438
2025-10-29T20:00:00+01:00,0.267157
2025-10-29T21:00:00+01:00,0.257998
2025-10-29T22:00:00+01:00,0.254997
2025-10-29T23:00:00+01:00,0.246394
2025-10-30T00:00:00+01:00,0.226565
2025-10-30T01:00:00+01:00,0.221114
2025-10-30T02:00:00+01:00,0.215929
2025-10-30T03:00:00+01:00,0.209909
2025-10-30T04:00:00+01:00,0.207577
2025-10-30T05:00:00+01:00,0.214223
2025-10-30T06:00:00+01:00,0.225591
2025-10-30T07:00:00+01:00,0.243105
2025-10-30T08:00:00+01:00,0.258633
2025-10-30T09:00:00+01:00,0.230827
2025-10-30T10:00:00+01:00,0.214519
2025-10-30T11:00:00+01:00,0.204930
2025-10-30T12:00:00+01:00,0.196575
2025-10-30T13:00:00+01:00,0.205269
2025-10-30T14:00:00+01:00,0.239660
2025-10-30T15:00:00+01:00,0.261080
2025-10-30T16:00:00+01:00,0.279487
2025-10-30T17:00:00+01:00,0.284003
2025-10-30T18:00:00+01:00,0.285504
2025-10-30T19:00:00+01:00,0.280788
2025-10-30T20:00:00+01:00,0.265669
2025-10-30T21:00:00+01:00,0.252419
2025-10-30T22:00:00+01:00,0.252232
2025-10-30T23:00:00+01:00,0.234823
2025-10-31T00:00:00+01:00,0.236154
2025-10-31T01:00:00+01:00,0.226035
2025-10-31T02:00:00+01:00,0.222995
2025-10-31T03:00:00+01:00,0.223144
2025-10-31T04:00:00+01:00,0.227079
2025-10-31T05:00:00+01:00,0.239657
2025-10-31T06:00:00+01:00,0.271776
2025-10-31T07:00:00+01:00,0.272085
2025-10-31T08:00:00+01:00,0.261010
2025-10-31T09:00:00+01:00,0.241145
2025-10-31T10:00:00+01:00,0.235870
2025-10-31T11:00:00+01:00,0.228955
2025-10-31T12:00:00+01:00,0.230673
2025-10-31T13:00:00+01:00,0.233017
2025-10-31T14:00:00+01:00,0.254740
2025-10-31T15:00:00+01:00,0.279278
2025-10-31T16:00:00+01:00,0.283577
2025-10-31T17:00:00+01:00,0.276384
2025-10-31T18:00:00+01:00,0.262423
2025-10-31T19:00:00+01:00,0.243311
2025-10-31T20:00:00+01:00,0.235679
2025-10-31T21:00:00+01:00,0.235564
2025-10-31T22:00:00+01:00,0.231223
2025-10-31T23:00:00+01:00,0.213648
2025-11-01T00:00:00+01:00,0.203714
2025-11-01T01:00:00+01:00,0.182288
2025-11-01T02:00:00+01:00,0.169423
2025-11-01T03:00:00+01:00,0.164988
2025-11-01T04:00:00+01:00,0.160744
2025-11-01T05:00:00+01:00,0.151654
2025-11-01T06:00:00+01:00,0.152552
2025-11-01T07:00:00+01:00,0.159982
2025-11-01T08:00:00+01:00,0.176156
2025-11-01T09:00:00+01:00,0.174562
2025-11-01T10:00:00+01:00,0.165003
2025-11-01T11:00:00+01:00,0.161927
2025-11-01T12:00:00+01:00,0.168288
2025-11-01T13:00:00+01:00,0.180530
2025-11-01T14:00:00+01:00,0.201433
2025-11-01T15:00:00+01:00,0.209634
2025-11-01T16:00:00+01:00,0.229348
2025-11-01T17:00:00+01:00,0.244340
2025-11-01T18:00:00+01:00,0.249503
2025-11-01T19:00:00+01:00,0.245299
2025-11-01T20:00:00+01:00,0.238716
2025-11-01T21:00:00+01:00,0.233710
2025-11-01T22:00:00+01:00,0.236393
2025-11-01T23:00:00+01:00,0.230975
2025-11-02T00:00:00+01:00,0.211155
2025-11-02T01:00:00+01:00,0.207985
2025-11-02T02:00:00+01:00,0.207671
2025-11-02T03:00:00+01:00,0.209171
2025-11-02T04:00:00+01:00,0.212970
2025-11-02T05:00:00+01:00,0.215275
2025-11-02T06:00:00+01:00,0.217883
2025-11-02T07:00:00+01:00,0.221964
2025-11-02T08:00:00+01:00,0.225043
2025-11-02T09:00:00+01:00,0.224411
2025-11-02T10:00:00+01:00,0.222233
2025-11-02T11:00:00+01:00,0.221005
2025-11-02T12:00:00+01:00,0.222324
2025-11-02T13:00:00+01:00,0.226226
2025-11-02T14:00:00+01:00,0.234642
2025-11-02T15:00:00+01:00,0.253336
2025-11-02T16:00:00+01:00,0.262015
2025-11-02T17:00:00+01:00,0.285068
2025-11-02T18:00:00+01:00,0.290776
2025-11-02T19:00:00+01:00,0.270642
2025-11-02T20:00:00+01:00,0.252075
2025-11-02T21:00:00+01:00,0.245710
2025-11-02T22:00:00+01:00,0.245147
2025-11-02T23:00:00+01:00,0.237500
2025-11-03T00:00:00+01:00,0.237400
2025-11-03T01:00:00+01:00,0.232061
2025-11-03T02:00:00+01:00,0.227339
2025-11-03T03:00:00+01:00,0.223195
2025-11-03T04:00:00+01:00,0.224635
2025-11-03T05:00:00+01:00,0.226483
2025-11-03T06:00:00+01:00,0.249688
2025-11-03T07:00:00+01:00,0.276828
2025-11-03T08:00:00+01:00,0.269629
2025-11-03T09:00:00+01:00,0.244945
2025-11-03T10:00:00+01:00,0.232125
2025-11-03T11:00:00+01:00,0.225010
2025-11-03T12:00:00+01:00,0.218688
2025-11-03T13:00:00+01:00,0.223213
2025-11-03T14:00:00+01:00,0.226885
2025-11-03T15:00:00+01:00,0.236408
2025-11-03T16:00:00+01:00,0.251760
2025-11-03T17:00:00+01:00,0.255393
2025-11-03T18:00:00+01:00,0.254377
2025-11-03T19:00:00+01:00,0.243934
2025-11-03T20:00:00+01:00,0.231780
2025-11-03T21:00:00+01:00,0.216352
2025-11-03T22:00:00+01:00,0.206769
2025-11-03T23:00:00+01:00,0.178939
2025-11-04T00:00:00+01:00,0.161600
2025-11-04T01:00:00+01:00,0.152803
2025-11-04T02:00:00+01:00,0.150586
2025-11-04T03:00:00+01:00,0.149939
2025-11-04T04:00:00+01:00,0.159576
2025-11-04T05:00:00+01:00,0.194206
2025-11-04T06:00:00+01:00,0.228936
2025-11-04T07:00:00+01:00,0.271916
2025-11-04T08:00:00+01:00,0.269411
2025-11-04T09:00:00+01:00,0.244506
2025-11-04T10:00:00+01:00,0.256782
2025-11-04T11:00:00+01:00,0.237143
2025-11-04T12:00:00+01:00,0.227748
2025-11-04T13:00:00+01:00,0.233211
2025-11-04T14:00:00+01:00,0.235679
2025-11-04T15:00:00+01:00,0.258645
2025-11-04T16:00:00+01:00,0.274904
2025-11-04T17:00:00+01:00,0.274063
2025-11-04T18:00:00+01:00,0.273625
2025-11-04T19:00:00+01:00,0.258560
2025-11-04T20:00:00+01:00,0.247646
2025-11-04T21:00:00+01:00,0.239418
2025-11-04T22:00:00+01:00,0.237089
2025-11-04T23:00:00+01:00,0.226256
2025-11-05T00:00:00+01:00,0.226159
2025-11-05T01:00:00+01:00,0.223848
2025-11-05T02:00:00+01:00,0.222708
2025-11-05T03:00:00+01:00,0.222790
2025-11-05T04:00:00+01:00,0.221634
2025-11-05T05:00:00+01:00,0.231571
2025-11-05T06:00:00+01:00,0.236856
2025-11-05T07:00:00+01:00,0.266598
2025-11-05T08:00:00+01:00,0.263760
2025-11-05T09:00:00+01:00,0.264707
2025-11-05T10:00:00+01:00,0.233489
2025-11-05T11:00:00+01:00,0.220019
2025-11-05T12:00:00+01:00,0.216077
2025-11-05T13:00:00+01:00,0.225760
2025-11-05T14:00:00+01:00,0.244754
2025-11-05T15:00:00+01:00,0.264426
2025-11-05T16:00:00+01:00,0.286590
2025-11-05T17:00:00+01:00,0.295229
2025-11-05T18:00:00+01:00,0.277218
2025-11-05T19:00:00+01:00,0.266207
2025-11-05T20:00:00+01:00,0.254531
2025-11-05T21:00:00+01:00,0.245078
2025-11-05T22:00:00+01:00,0.238305
2025-11-05T23:00:00+01:00,0.237288
2025-11-06T00:00:00+01:00,0.241569
2025-11-06T01:00:00+01:00,0.237884
2025-11-06T02:00:00+01:00,0.238259
2025-11-06T03:00:00+01:00,0.235737
2025-11-06T04:00:00+01:00,0.236714
2025-11-06T05:00:00+01:00,0.238486
2025-11-06T06:00:00+01:00,0.270237
2025-11-06T07:00:00+01:00,0.284433
2025-11-06T08:00:00+01:00,0.276892
2025-11-06T09:00:00+01:00,0.255647
2025-11-06T10:00:00+01:00,0.245901
2025-11-06T11:00:00+01:00,0.244137
2025-11-06T12:00:00+01:00,0.243272
2025-11-06T13:00:00+01:00,0.243599
2025-11-06T14:00:00+01:00,0.257036
2025-11-06T15:00:00+01:00,0.288550
2025-11-06T16:00:00+01:00,0.326958
2025-11-06T17:00:00+01:00,0.336390
2025-11-06T18:00:00+01:00,0.311132
2025-11-06T19:00:00+01:00,0.295871
2025-11-06T20:00:00+01:00,0.281109
2025-11-06T21:00:00+01:00,0.263654
2025-11-06T22:00:00+01:00,0.259065
2025-11-06T23:00:00+01:00,0.250314
2025-11-07T00:00:00+01:00,0.245749
2025-11-07T01:00:00+01:00,0.242742
2025-11-07T02:00:00+01:00,0.243102
2025-11-07T03:00:00+01:00,0.240422
2025-11-07T04:00:00+01:00,0.240610
2025-11-07T05:00:00+01:00,0.246920
2025-11-07T06:00:00+01:00,0.270418
2025-11-07T07:00:00+01:00,0.291938
2025-11-07T08:00:00+01:00,0.289064
2025-11-07T09:00:00+01:00,0.266646
2025-11-07T10:00:00+01:00,0.249319
2025-11-07T11:00:00+01:00,0.244745
2025-11-07T12:00:00+01:00,0.243508
2025-11-07T13:00:00+01:00,0.245740
2025-11-07T14:00:00+01:00,0.257753
2025-11-07T15:00:00+01:00,0.284076
2025-11-07T16:00:00+01:00,0.322814
2025-11-07T17:00:00+01:00,0.342558
2025-11-07T18:00:00+01:00,0.311631
2025-11-07T19:00:00+01:00,0.297513
2025-11-07T20:00:00+01:00,0.280921
2025-11-07T21:00:00+01:00,0.266964
2025-11-07T22:00:00+01:00,0.259286
2025-11-07T23:00:00+01:00,0.250834
2025-11-08T00:00:00+01:00,0.254171
2025-11-08T01:00:00+01:00,0.252238
2025-11-08T02:00:00+01:00,0.248953
2025-11-08T03:00:00+01:00,0.247897
2025-11-08T04:00:00+01:00,0.247622
2025-11-08T05:00:00+01:00,0.247534
2025-11-08T06:00:00+01:00,0.251255
2025-11-08T07:00:00+01:00,0.260408
2025-11-08T08:00:00+01:00,0.260487
2025-11-08T09:00:00+01:00,0.259912
2025-11-08T10:00:00+01:00,0.258218
2025-11-08T11:00:00+01:00,0.251923
2025-11-08T12:00:00+01:00,0.250459
2025-11-08T13:00:00+01:00,0.249700
2025-11-08T14:00:00+01:00,0.254846
2025-11-08T15:00:00+01:00,0.271537
2025-11-08T16:00:00+01:00,0.279611
2025-11-08T17:00:00+01:00,0.294567
2025-11-08T18:00:00+01:00,0.301431
2025-11-08T19:00:00+01:00,0.296273
2025-11-08T20:00:00+01:00,0.285341
2025-11-08T21:00:00+01:00,0.273573
2025-11-08T22:00:00+01:00,0.265684
2025-11-08T23:00:00+01:00,0.255989
2025-11-09T00:00:00+01:00,0.254198
2025-11-09T01:00:00+01:00,0.251131
2025-11-09T02:00:00+01:00,0.248154
2025-11-09T03:00:00+01:00,0.245783
2025-11-09T04:00:00+01:00,0.246351
2025-11-09T05:00:00+01:00,0.246984
2025-11-09T06:00:00+01:00,0.246905
2025-11-09T07:00:00+01:00,0.247347
2025-11-09T08:00:00+01:00,0.255744
2025-11-09T09:00:00+01:00,0.252985
2025-11-09T10:00:00+01:00,0.250883
2025-11-09T11:00:00+01:00,0.250883
2025-11-09T12:00:00+01:00,0.252026
2025-11-09T13:00:00+01:00,0.247277
2025-11-09T14:00:00+01:00,0.246451
2025-11-09T15:00:00+01:00,0.251793
2025-11-09T16:00:00+01:00,0.267312
2025-11-09T17:00:00+01:00,0.287773
2025-11-09T18:00:00+01:00,0.290528
2025-11-09T19:00:00+01:00,0.283571
2025-11-09T20:00:00+01:00,0.267169
2025-11-09T21:00:00+01:00,0.252852
2025-11-09T22:00:00+01:00,0.252389
2025-11-09T23:00:00+01:00,0.247982
2025-11-10T00:00:00+01:00,0.241478
2025-11-10T01:00:00+01:00,0.237857
2025-11-10T02:00:00+01:00,0.238916
2025-11-10T03:00:00+01:00,0.236202
2025-11-10T04:00:00+01:00,0.236208
2025-11-10T05:00:00+01:00,0.242092
2025-11-10T06:00:00+01:00,0.260418
2025-11-10T07:00:00+01:00,0.288868
2025-11-10T08:00:00+01:00,0.304646
2025-11-10T09:00:00+01:00,0.292752
2025-11-10T10:00:00+01:00,0.259023
2025-11-10T11:00:00+01:00,0.250550
2025-11-10T12:00:00+01:00,0.253179
2025-11-10T13:00:00+01:00,0.253176
2025-11-10T14:00:00+01:00,0.265497
2025-11-10T15:00:00+01:00,0.284273
2025-11-10T16:00:00+01:00,0.294791
2025-11-10T17:00:00+01:00,0.300157
2025-11-10T18:00:00+01:00,0.281647
2025-11-10T19:00:00+01:00,0.263969
2025-11-10T20:00:00+01:00,0.249585
2025-11-10T21:00:00+01:00,0.245807
2025-11-10T22:00:00+01:00,0.243841
2025-11-10T23:00:00+01:00,0.237043
2025-11-11T00:00:00+01:00,0.235467
2025-11-11T01:00:00+01:00,0.230978
2025-11-11T02:00:00+01:00,0.226774
2025-11-11T03:00:00+01:00,0.224614
2025-11-11T04:00:00+01:00,0.224196
2025-11-11T05:00:00+01:00,0.225204
2025-11-11T06:00:00+01:00,0.235029
2025-11-11T07:00:00+01:00,0.253708
2025-11-11T08:00:00+01:00,0.263860
2025-11-11T09:00:00+01:00,0.259020
2025-11-11T10:00:00+01:00,0.249434
2025-11-11T11:00:00+01:00,0.242806
2025-11-11T12:00:00+01:00,0.234345
2025-11-11T13:00:00+01:00,0.236801
2025-11-11T14:00:00+01:00,0.246869
2025-11-11T15:00:00+01:00,0.270512
2025-11-11T16:00:00+01:00,0.293069
2025-11-11T17:00:00+01:00,0.297462
2025-11-11T18:00:00+01:00,0.268767
2025-11-11T19:00:00+01:00,0.252946
2025-11-11T20:00:00+01:00,0.246463
2025-11-11T21:00:00+01:00,0.243659
2025-11-11T22:00:00+01:00,0.239657
2025-11-11T23:00:00+01:00,0.222342
2025-11-12T00:00:00+01:00,0.224169
2025-11-12T01:00:00+01:00,0.213633
2025-11-12T02:00:00+01:00,0.209340
2025-11-12T03:00:00+01:00,0.205974
2025-11-12T04:00:00+01:00,0.199231
2025-11-12T05:00:00+01:00,0.207002
2025-11-12T06:00:00+01:00,0.215454
2025-11-12T07:00:00+01:00,0.266077
2025-11-12T08:00:00+01:00,0.258001
2025-11-12T09:00:00+01:00,0.240380
2025-11-12T10:00:00+01:00,0.226253
2025-11-12T11:00:00+01:00,0.206878
2025-11-12T12:00:00+01:00,0.206503
2025-11-12T13:00:00+01:00,0.221894
2025-11-12T14:00:00+01:00,0.240174
2025-11-12T15:00:00+01:00,0.263809
2025-11-12T16:00:00+01:00,0.267106
2025-11-12T17:00:00+01:00,0.272176
2025-11-12T18:00:00+01:00,0.262689
2025-11-12T19:00:00+01:00,0.245045
2025-11-12T20:00:00+01:00,0.238692
2025-11-12T21:00:00+01:00,0.225775
2025-11-12T22:00:00+01:00,0.226843
2025-11-12T23:00:00+01:00,0.208236
2025-11-13T00:00:00+01:00,0.179036
2025-11-13T01:00:00+01:00,0.163497
2025-11-13T02:00:00+01:00,0.153266
2025-11-13T03:00:00+01:00,0.148771
2025-11-13T04:00:00+01:00,0.147897
2025-11-13T05:00:00+01:00,0.170245
2025-11-13T06:00:00+01:00,0.196787
2025-11-13T07:00:00+01:00,0.230509
2025-11-13T08:00:00+01:00,0.247900
2025-11-13T09:00:00+01:00,0.260775
2025-11-13T10:00:00+01:00,0.247005
2025-11-13T11:00:00+01:00,0.244585
2025-11-13T12:00:00+01:00,0.249289
2025-11-13T13:00:00+01:00,0.262650
2025-11-13T14:00:00+01:00,0.257813
2025-11-13T15:00:00+01:00,0.262898
2025-11-13T16:00:00+01:00,0.287818
2025-11-13T17:00:00+01:00,0.286889
2025-11-13T18:00:00+01:00,0.290435
2025-11-13T19:00:00+01:00,0.288060
2025-11-13T20:00:00+01:00,0.266092
2025-11-13T21:00:00+01:00,0.270098
2025-11-13T22:00:00+01:00,0.263149
2025-11-13T23:00:00+01:00,0.254135
2025-11-14T00:00:00+01:00,0.249013
2025-11-14T01:00:00+01:00,0.246106
2025-11-14T02:00:00+01:00,0.243478
2025-11-14T03:00:00+01:00,0.239714
2025-11-14T04:00:00+01:00,0.239261
2025-11-14T05:00:00+01:00,0.238759
2025-11-14T06:00:00+01:00,0.260157
2025-11-14T07:00:00+01:00,0.288238
2025-11-14T08:00:00+01:00,0.289999
2025-11-14T09:00:00+01:00,0.272811
2025-11-14T10:00:00+01:00,0.262308
2025-11-14T11:00:00+01:00,0.256561
2025-11-14T12:00:00+01:00,0.252553
2025-11-14T13:00:00+01:00,0.256385
2025-11-14T14:00:00+01:00,0.259704
2025-11-14T15:00:00+01:00,0.268001
2025-11-14T16:00:00+01:00,0.269598
2025-11-14T17:00:00+01:00,0.281780
2025-11-14T18:00:00+01:00,0.251639
2025-11-14T19:00:00+01:00,0.246977
2025-11-14T20:00:00+01:00,0.248590
2025-11-14T21:00:00+01:00,0.240392
2025-11-14T22:00:00+01:00,0.247806
2025-11-14T23:00:00+01:00,0.229293
2025-11-15T00:00:00+01:00,0.225745
2025-11-15T01:00:00+01:00,0.225917
2025-11-15T02:00:00+01:00,0.219151
2025-11-15T03:00:00+01:00,0.219880
2025-11-15T04:00:00+01:00,0.215726
2025-11-15T05:00:00+01:00,0.217535
2025-11-15T06:00:00+01:00,0.213748
2025-11-15T07:00:00+01:00,0.226066
2025-11-15T08:00:00+01:00,0.240093
2025-11-15T09:00:00+01:00,0.244104
2025-11-15T10:00:00+01:00,0.248012
2025-11-15T11:00:00+01:00,0.249104
2025-11-15T12:00:00+01:00,0.246829
2025-11-15T13:00:00+01:00,0.247561
2025-11-15T14:00:00+01:00,0.249736
2025-11-15T15:00:00+01:00,0.254286
2025-11-15T16:00:00+01:00,0.257689
2025-11-15T17:00:00+01:00,0.270733
2025-11-15T18:00:00+01:00,0.279297
2025-11-15T19:00:00+01:00,0.270055
2025-11-15T20:00:00+01:00,0.257135
2025-11-15T21:00:00+01:00,0.255844
2025-11-15T22:00:00+01:00,0.254144
2025-11-15T23:00:00+01:00,0.250547
2025-11-16T00:00:00+01:00,0.248254
2025-11-16T01:00:00+01:00,0.245356
2025-11-16T02:00:00+01:00,0.243220
2025-11-16T03:00:00+01:00,0.246687
2025-11-16T04:00:00+01:00,0.237137
2025-11-16T05:00:00+01:00,0.240201
2025-11-16T06:00:00+01:00,0.234805
2025-11-16T07:00:00+01:00,0.242800
2025-11-16T08:00:00+01:00,0.247552
2025-11-16T09:00:00+01:00,0.249658
2025-11-16T10:00:00+01:00,0.247679
2025-11-16T11:00:00+01:00,0.251757
2025-11-16T12:00:00+01:00,0.257852
2025-11-16T13:00:00+01:00,0.254758
2025-11-16T14:00:00+01:00,0.258497
2025-11-16T15:00:00+01:00,0.263240
2025-11-16T16:00:00+01:00,0.274136
2025-11-16T17:00:00+01:00,0.285788
2025-11-16T18:00:00+01:00,0.284920
2025-11-16T19:00:00+01:00,0.275842
2025-11-16T20:00:00+01:00,0.256518
2025-11-16T21:00:00+01:00,0.245138
2025-11-16T22:00:00+01:00,0.251197
2025-11-16T23:00:00+01:00,0.242561
2025-11-17T00:00:00+01:00,0.242546
2025-11-17T01:00:00+01:00,0.235476
2025-11-17T02:00:00+01:00,0.227503
2025-11-17T03:00:00+01:00,0.214223
2025-11-17T04:00:00+01:00,0.213379
2025-11-17T05:00:00+01:00,0.219338
2025-11-17T06:00:00+01:00,0.231964
2025-11-17T07:00:00+01:00,0.255393
2025-11-17T08:00:00+01:00,0.269913
2025-11-17T09:00:00+01:00,0.260923
2025-11-17T10:00:00+01:00,0.245586
2025-11-17T11:00:00+01:00,0.229136
2025-11-17T12:00:00+01:00,0.231241
2025-11-17T13:00:00+01:00,0.231462
2025-11-17T14:00:00+01:00,0.240371
2025-11-17T15:00:00+01:00,0.246953
2025-11-17T16:00:00+01:00,0.246838
2025-11-17T17:00:00+01:00,0.279587
2025-11-17T18:00:00+01:00,0.283193
2025-11-17T19:00:00+01:00,0.276737
2025-11-17T20:00:00+01:00,0.265490
2025-11-17T21:00:00+01:00,0.248263
2025-11-17T22:00:00+01:00,0.245710
2025-11-17T23:00:00+01:00,0.240900
2025-11-18T00:00:00+01:00,0.245214
2025-11-18T01:00:00+01:00,0.242395
2025-11-18T02:00:00+01:00,0.237291
2025-11-18T03:00:00+01:00,0.236898
2025-11-18T04:00:00+01:00,0.238453
2025-11-18T05:00:00+01:00,0.241312
2025-11-18T06:00:00+01:00,0.250762
2025-11-18T07:00:00+01:00,0.263207
2025-11-18T08:00:00+01:00,0.282609
2025-11-18T09:00:00+01:00,0.270337
2025-11-18T10:00:00+01:00,0.252486
2025-11-18T11:00:00+01:00,0.245967
2025-11-18T12:00:00+01:00,0.246633
2025-11-18T13:00:00+01:00,0.248036
2025-11-18T14:00:00+01:00,0.255823
2025-11-18T15:00:00+01:00,0.283607
2025-11-18T16:00:00+01:00,0.306485
2025-11-18T17:00:00+01:00,0.318192
2025-11-18T18:00:00+01:00,0.314710
2025-11-18T19:00:00+01:00,0.301464
2025-11-18T20:00:00+01:00,0.270939
2025-11-18T21:00:00+01:00,0.256355
2025-11-18T22:00:00+01:00,0.260687
2025-11-18T23:00:00+01:00,0.251715
2025-11-19T00:00:00+01:00,0.247465
2025-11-19T01:00:00+01:00,0.246714
2025-11-19T02:00:00+01:00,0.242706
2025-11-19T03:00:00+01:00,0.239406
2025-11-19T04:00:00+01:00,0.240964
2025-11-19T05:00:00+01:00,0.245120
2025-11-19T06:00:00+01:00,0.257411
2025-11-19T07:00:00+01:00,0.290565
2025-11-19T08:00:00+01:00,0.305067
2025-11-19T09:00:00+01:00,0.279669
2025-11-19T10:00:00+01:00,0.259858
2025-11-19T11:00:00+01:00,0.250964
2025-11-19T12:00:00+01:00,0.248024
2025-11-19T13:00:00+01:00,0.251137
2025-11-19T14:00:00+01:00,0.261885
2025-11-19T15:00:00+01:00,0.275909
2025-11-19T16:00:00+01:00,0.274320
2025-11-19T17:00:00+01:00,0.287549
2025-11-19T18:00:00+01:00,0.285737
2025-11-19T19:00:00+01:00,0.285930
2025-11-19T20:00:00+01:00,0.269429
2025-11-19T21:00:00+01:00,0.260877
2025-11-19T22:00:00+01:00,0.261458
2025-11-19T23:00:00+01:00,0.254041
2025-11-20T00:00:00+01:00,0.251282
2025-11-20T01:00:00+01:00,0.247210
2025-11-20T02:00:00+01:00,0.245985
2025-11-20T03:00:00+01:00,0.245471
2025-11-20T04:00:00+01:00,0.245976
2025-11-20T05:00:00+01:00,0.250620
2025-11-20T06:00:00+01:00,0.263978
2025-11-20T07:00:00+01:00,0.310726
2025-11-20T08:00:00+01:00,0.324693
2025-11-20T09:00:00+01:00,0.322969
2025-11-20T10:00:00+01:00,0.307662
2025-11-20T11:00:00+01:00,0.293330
2025-11-20T12:00:00+01:00,0.289694
2025-11-20T13:00:00+01:00,0.289267
2025-11-20T14:00:00+01:00,0.299507
2025-11-20T15:00:00+01:00,0.315926
2025-11-20T16:00:00+01:00,0.343548
2025-11-20T17:00:00+01:00,0.349809
2025-11-20T18:00:00+01:00,0.339158
2025-11-20T19:00:00+01:00,0.330861
2025-11-20T20:00:00+01:00,0.306761
2025-11-20T21:00:00+01:00,0.285949
2025-11-20T22:00:00+01:00,0.272811
2025-11-20T23:00:00+01:00,0.256158
2025-11-21T00:00:00+01:00,0.262151
2025-11-21T01:00:00+01:00,0.255680
2025-11-21T02:00:00+01:00,0.251228
2025-11-21T03:00:00+01:00,0.250399
2025-11-21T04:00:00+01:00,0.253312
2025-11-21T05:00:00+01:00,0.262411
2025-11-21T06:00:00+01:00,0.296364
2025-11-21T07:00:00+01:00,0.353784
2025-11-21T08:00:00+01:00,0.389636
2025-11-21T09:00:00+01:00,0.361056
2025-11-21T10:00:00+01:00,0.317862
2025-11-21T11:00:00+01:00,0.301679
2025-11-21T12:00:00+01:00,0.291230
2025-11-21T13:00:00+01:00,0.294355
2025-11-21T14:00:00+01:00,0.319311
2025-11-21T15:00:00+01:00,0.364514
2025-11-21T16:00:00+01:00,0.422893
2025-11-21T17:00:00+01:00,0.435027
2025-11-21T18:00:00+01:00,0.386342
2025-11-21T19:00:00+01:00,0.348823
2025-11-21T20:00:00+01:00,0.313379
2025-11-21T21:00:00+01:00,0.282709
2025-11-21T22:00:00+01:00,0.266749
2025-11-21T23:00:00+01:00,0.255804
2025-11-22T00:00:00+01:00,0.264371
2025-11-22T01:00:00+01:00,0.257117
2025-11-22T02:00:00+01:00,0.249872
2025-11-22T03:00:00+01:00,0.246046
2025-11-22T04:00:00+01:00,0.241378
2025-11-22T05:00:00+01:00,0.237694
2025-11-22T06:00:00+01:00,0.239025
2025-11-22T07:00:00+01:00,0.249295
2025-11-22T08:00:00+01:00,0.263860
2025-11-22T09:00:00+01:00,0.251061
2025-11-22T10:00:00+01:00,0.242537
2025-11-22T11:00:00+01:00,0.238287
2025-11-22T12:00:00+01:00,0.235443
2025-11-22T13:00:00+01:00,0.235083
2025-11-22T14:00:00+01:00,0.241457
2025-11-22T15:00:00+01:00,0.249083
2025-11-22T16:00:00+01:00,0.261567
2025-11-22T17:00:00+01:00,0.275113
2025-11-22T18:00:00+01:00,0.269108
2025-11-22T19:00:00+01:00,0.254425
2025-11-22T20:00:00+01:00,0.249812
2025-11-22T21:00:00+01:00,0.246236
2025-11-22T22:00:00+01:00,0.251479
2025-11-22T23:00:00+01:00,0.238262
2025-11-23T00:00:00+01:00,0.241508
2025-11-23T01:00:00+01:00,0.232827
2025-11-23T02:00:00+01:00,0.228092
2025-11-23T03:00:00+01:00,0.219368
2025-11-23T04:00:00+01:00,0.216531
2025-11-23T05:00:00+01:00,0.219988
2025-11-23T06:00:00+01:00,0.215678
2025-11-23T07:00:00+01:00,0.222433
2025-11-23T08:00:00+01:00,0.225164
2025-11-23T09:00:00+01:00,0.223392
2025-11-23T10:00:00+01:00,0.223570
2025-11-23T11:00:00+01:00,0.224384
2025-11-23T12:00:00+01:00,0.225606
2025-11-23T13:00:00+01:00,0.222596
2025-11-23T14:00:00+01:00,0.228982
2025-11-23T15:00:00+01:00,0.239472
2025-11-23T16:00:00+01:00,0.243290
2025-11-23T17:00:00+01:00,0.253454
2025-11-23T18:00:00+01:00,0.251636
2025-11-23T19:00:00+01:00,0.247540
2025-11-23T20:00:00+01:00,0.241714
2025-11-23T21:00:00+01:00,0.234623
2025-11-23T22:00:00+01:00,0.231698
2025-11-23T23:00:00+01:00,0.226728
2025-11-24T00:00:00+01:00,0.229687
2025-11-24T01:00:00+01:00,0.226389
2025-11-24T02:00:00+01:00,0.227802
2025-11-24T03:00:00+01:00,0.227167
2025-11-24T04:00:00+01:00,0.226126
2025-11-24T05:00:00+01:00,0.235322
2025-11-24T06:00:00+01:00,0.250995
2025-11-24T07:00:00+01:00,0.250617
2025-11-24T08:00:00+01:00,0.257269
2025-11-24T09:00:00+01:00,0.265242
2025-11-24T10:00:00+01:00,0.279275
2025-11-24T11:00:00+01:00,0.291884
2025-11-24T12:00:00+01:00,0.292661
2025-11-24T13:00:00+01:00,0.311256
2025-11-24T14:00:00+01:00,0.318806
2025-11-24T15:00:00+01:00,0.354674
2025-11-24T16:00:00+01:00,0.388215
2025-11-24T17:00:00+01:00,0.430235
2025-11-24T18:00:00+01:00,0.396948
2025-11-24T19:00:00+01:00,0.354144
2025-11-24T20:00:00+01:00,0.314650
2025-11-24T21:00:00+01:00,0.297480
2025-11-24T22:00:00+01:00,0.283849
2025-11-24T23:00:00+01:00,0.264344
2025-11-25T00:00:00+01:00,0.257426
2025-11-25T01:00:00+01:00,0.253454
2025-11-25T02:00:00+01:00,0.250369
2025-11-25T03:00:00+01:00,0.247026
2025-11-25T04:00:00+01:00,0.248805
2025-11-25T05:00:00+01:00,0.247229
2025-11-25T06:00:00+01:00,0.251893
2025-11-25T07:00:00+01:00,0.378795
2025-11-25T08:00:00+01:00,0.417721
2025-11-25T09:00:00+01:00,0.405007
2025-11-25T10:00:00+01:00,0.363546
2025-11-25T11:00:00+01:00,0.275419
2025-11-25T12:00:00+01:00,0.267408
2025-11-25T13:00:00+01:00,0.270751
2025-11-25T14:00:00+01:00,0.290374
2025-11-25T15:00:00+01:00,0.372760
2025-11-25T16:00:00+01:00,0.454486
2025-11-25T17:00:00+01:00,0.484634
2025-11-25T18:00:00+01:00,0.442317
2025-11-25T19:00:00+01:00,0.386551
2025-11-25T20:00:00+01:00,0.329602
2025-11-25T21:00:00+01:00,0.293381
2025-11-25T22:00:00+01:00,0.272666
2025-11-25T23:00:00+01:00,0.252528
2025-11-26T00:00:00+01:00,0.246533
2025-11-26T01:00:00+01:00,0.248405
2025-11-26T02:00:00+01:00,0.245598
2025-11-26T03:00:00+01:00,0.246717
2025-11-26T04:00:00+01:00,0.247050
2025-11-26T05:00:00+01:00,0.255411
2025-11-26T06:00:00+01:00,0.278728
2025-11-26T07:00:00+01:00,0.358340
2025-11-26T08:00:00+01:00,0.409254
2025-11-26T09:00:00+01:00,0.383115
2025-11-26T10:00:00+01:00,0.363894
2025-11-26T11:00:00+01:00,0.336714
2025-11-26T12:00:00+01:00,0.328244
2025-11-26T13:00:00+01:00,0.330247
2025-11-26T14:00:00+01:00,0.349761
2025-11-26T15:00:00+01:00,0.391237
2025-11-26T16:00:00+01:00,0.466632
2025-11-26T17:00:00+01:00,0.472981
2025-11-26T18:00:00+01:00,0.411159
2025-11-26T19:00:00+01:00,0.362239
2025-11-26T20:00:00+01:00,0.310590
2025-11-26T21:00:00+01:00,0.279118
2025-11-26T22:00:00+01:00,0.261482
2025-11-26T23:00:00+01:00,0.250323
2025-11-27T00:00:00+01:00,0.251533
2025-11-27T01:00:00+01:00,0.244449
2025-11-27T02:00:00+01:00,0.238668
2025-11-27T03:00:00+01:00,0.232016
2025-11-27T04:00:00+01:00,0.221719
2025-11-27T05:00:00+01:00,0.231541
2025-11-27T06:00:00+01:00,0.228510
2025-11-27T07:00:00+01:00,0.252389
2025-11-27T08:00:00+01:00,0.263836
2025-11-27T09:00:00+01:00,0.257810
2025-11-27T10:00:00+01:00,0.249770
2025-11-27T11:00:00+01:00,0.246242
2025-11-27T12:00:00+01:00,0.247906
2025-11-27T13:00:00+01:00,0.247613
2025-11-27T14:00:00+01:00,0.252537
2025-11-27T15:00:00+01:00,0.254153
2025-11-27T16:00:00+01:00,0.254670
2025-11-27T17:00:00+01:00,0.261443
2025-11-27T18:00:00+01:00,0.256128
2025-11-27T19:00:00+01:00,0.248130
2025-11-27T20:00:00+01:00,0.239548
2025-11-27T21:00:00+01:00,0.238184
2025-11-27T22:00:00+01:00,0.223567
2025-11-27T23:00:00+01:00,0.210402
2025-11-28T00:00:00+01:00,0.214377
2025-11-28T01:00:00+01:00,0.209180
2025-11-28T02:00:00+01:00,0.205750
2025-11-28T03:00:00+01:00,0.198281
2025-11-28T04:00:00+01:00,0.207329
2025-11-28T05:00:00+01:00,0.213170
2025-11-28T06:00:00+01:00,0.238072
2025-11-28T07:00:00+01:00,0.241617
2025-11-28T08:00:00+01:00,0.260778
2025-11-28T09:00:00+01:00,0.268455
2025-11-28T10:00:00+01:00,0.260121
2025-11-28T11:00:00+01:00,0.257504
2025-11-28T12:00:00+01:00,0.259374
2025-11-28T13:00:00+01:00,0.259386
2025-11-28T14:00:00+01:00,0.237240
2025-11-28T15:00:00+01:00,0.264395
2025-11-28T16:00:00+01:00,0.256754
2025-11-28T17:00:00+01:00,0.257692
2025-11-28T18:00:00+01:00,0.253611
2025-11-28T19:00:00+01:00,0.254135
2025-11-28T20:00:00+01:00,0.246884
2025-11-28T21:00:00+01:00,0.243695
2025-11-28T22:00:00+01:00,0.244476
2025-11-28T23:00:00+01:00,0.235649
2025-11-29T00:00:00+01:00,0.240162
2025-11-29T01:00:00+01:00,0.239494
2025-11-29T02:00:00+01:00,0.240876
2025-11-29T03:00:00+01:00,0.241572
2025-11-29T04:00:00+01:00,0.243662
2025-11-29T05:00:00+01:00,0.248278
2025-11-29T06:00:00+01:00,0.250362
2025-11-29T07:00:00+01:00,0.246009
2025-11-29T08:00:00+01:00,0.250263
2025-11-29T09:00:00+01:00,0.261603
2025-11-29T10:00:00+01:00,0.259758
2025-11-29T11:00:00+01:00,0.251648
2025-11-29T12:00:00+01:00,0.241820
2025-11-29T13:00:00+01:00,0.242649
2025-11-29T14:00:00+01:00,0.246735
2025-11-29T15:00:00+01:00,0.259719
2025-11-29T16:00:00+01:00,0.260808
2025-11-29T17:00:00+01:00,0.267953
2025-11-29T18:00:00+01:00,0.261709
2025-11-29T19:00:00+01:00,0.250986
2025-11-29T20:00:00+01:00,0.242588
2025-11-29T21:00:00+01:00,0.239497
2025-11-29T22:00:00+01:00,0.245710
2025-11-29T23:00:00+01:00,0.238377
2025-11-30T00:00:00+01:00,0.233314
2025-11-30T01:00:00+01:00,0.225322
2025-11-30T02:00:00+01:00,0.222965
2025-11-30T03:00:00+01:00,0.220388
2025-11-30T04:00:00+01:00,0.222454
2025-11-30T05:00:00+01:00,0.229817
2025-11-30T06:00:00+01:00,0.230936
2025-11-30T07:00:00+01:00,0.233156
2025-11-30T08:00:00+01:00,0.238048
2025-11-30T09:00:00+01:00,0.240940
2025-11-30T10:00:00+01:00,0.242954
2025-11-30T11:00:00+01:00,0.238722
2025-11-30T12:00:00+01:00,0.239660
2025-11-30T13:00:00+01:00,0.240537
2025-11-30T14:00:00+01:00,0.245510
2025-11-30T15:00:00+01:00,0.251763
2025-11-30T16:00:00+01:00,0.253224
2025-11-30T17:00:00+01:00,0.267411
2025-11-30T18:00:00+01:00,0.270675
2025-11-30T19:00:00+01:00,0.268742
2025-11-30T20:00:00+01:00,0.261328
2025-11-30T21:00:00+01:00,0.255094
2025-11-30T22:00:00+01:00,0.253366
2025-11-30T23:00:00+01:00,0.247398
2025-12-01T00:00:00+01:00,0.247183
2025-12-01T01:00:00+01:00,0.243937
2025-12-01T02:00:00+01:00,0.237718
2025-12-01T03:00:00+01:00,0.224456
2025-12-01T04:00:00+01:00,0.218618
2025-12-01T05:00:00+01:00,0.215460
2025-12-01T06:00:00+01:00,0.224629
2025-12-01T07:00:00+01:00,0.251267
2025-12-01T08:00:00+01:00,0.263237
2025-12-01T09:00:00+01:00,0.267091
2025-12-01T10:00:00+01:00,0.246681
2025-12-01T11:00:00+01:00,0.239503
2025-12-01T12:00:00+01:00,0.236018
2025-12-01T13:00:00+01:00,0.247095
2025-12-01T14:00:00+01:00,0.255995
2025-12-01T15:00:00+01:00,0.252547
2025-12-01T16:00:00+01:00,0.255753
2025-12-01T17:00:00+01:00,0.263424
2025-12-01T18:00:00+01:00,0.253714
2025-12-01T19:00:00+01:00,0.247849
2025-12-01T20:00:00+01:00,0.246179
2025-12-01T21:00:00+01:00,0.236033
2025-12-01T22:00:00+01:00,0.235301
2025-12-01T23:00:00+01:00,0.228504
2025-12-02T00:00:00+01:00,0.220424
2025-12-02T01:00:00+01:00,0.214425
2025-12-02T02:00:00+01:00,0.208303
2025-12-02T03:00:00+01:00,0.204425
2025-12-02T04:00:00+01:00,0.201905
2025-12-02T05:00:00+01:00,0.218071
2025-12-02T06:00:00+01:00,0.237240
2025-12-02T07:00:00+01:00,0.239675
2025-12-02T08:00:00+01:00,0.251999
2025-12-02T09:00:00+01:00,0.243290
2025-12-02T10:00:00+01:00,0.249222
2025-12-02T11:00:00+01:00,0.247573
2025-12-02T12:00:00+01:00,0.248336
2025-12-02T13:00:00+01:00,0.251639
2025-12-02T14:00:00+01:00,0.251896
2025-12-02T15:00:00+01:00,0.259725
2025-12-02T16:00:00+01:00,0.288931
2025-12-02T17:00:00+01:00,0.312850
2025-12-02T18:00:00+01:00,0.287491
2025-12-02T19:00:00+01:00,0.274750
2025-12-02T20:00:00+01:00,0.257813
2025-12-02T21:00:00+01:00,0.250175
2025-12-02T22:00:00+01:00,0.248832
2025-12-02T23:00:00+01:00,0.256993
2025-12-03T00:00:00+01:00,0.243435
2025-12-03T01:00:00+01:00,0.245671
2025-12-03T02:00:00+01:00,0.245172
2025-12-03T03:00:00+01:00,0.242277
2025-12-03T04:00:00+01:00,0.242071
2025-12-03T05:00:00+01:00,0.246732
2025-12-03T06:00:00+01:00,0.244452
2025-12-03T07:00:00+01:00,0.273283
2025-12-03T08:00:00+01:00,0.330216
2025-12-03T09:00:00+01:00,0.315137
2025-12-03T10:00:00+01:00,0.299570
2025-12-03T11:00:00+01:00,0.300133
2025-12-03T12:00:00+01:00,0.298717
2025-12-03T13:00:00+01:00,0.300163
2025-12-03T14:00:00+01:00,0.348681
2025-12-03T15:00:00+01:00,0.397592
2025-12-03T16:00:00+01:00,0.455306
2025-12-03T17:00:00+01:00,0.436748
2025-12-03T18:00:00+01:00,0.379049
2025-12-03T19:00:00+01:00,0.344171
2025-12-03T20:00:00+01:00,0.312263
2025-12-03T21:00:00+01:00,0.274989
2025-12-03T22:00:00+01:00,0.251648
2025-12-03T23:00:00+01:00,0.245586
2025-12-04T00:00:00+01:00,0.251052
2025-12-04T01:00:00+01:00,0.250399
2025-12-04T02:00:00+01:00,0.246046
2025-12-04T03:00:00+01:00,0.244025
2025-12-04T04:00:00+01:00,0.237875
2025-12-04T05:00:00+01:00,0.239660
2025-12-04T06:00:00+01:00,0.234820
2025-12-04T07:00:00+01:00,0.275960
2025-12-04T08:00:00+01:00,0.296155
2025-12-04T09:00:00+01:00,0.242788
2025-12-04T10:00:00+01:00,0.254749
2025-12-04T11:00:00+01:00,0.254183
2025-12-04T12:00:00+01:00,0.250623
2025-12-04T13:00:00+01:00,0.252643
2025-12-04T14:00:00+01:00,0.261440
2025-12-04T15:00:00+01:00,0.260436
2025-12-04T16:00:00+01:00,0.303209
2025-12-04T17:00:00+01:00,0.298418
2025-12-04T18:00:00+01:00,0.289403
2025-12-04T19:00:00+01:00,0.284433
2025-12-04T20:00:00+01:00,0.276320
2025-12-04T21:00:00+01:00,0.259247
2025-12-04T22:00:00+01:00,0.253191
2025-12-04T23:00:00+01:00,0.245710
2025-12-05T00:00:00+01:00,0.233610
2025-12-05T01:00:00+01:00,0.240310
2025-12-05T02:00:00+01:00,0.239944
2025-12-05T03:00:00+01:00,0.240670
2025-12-05T04:00:00+01:00,0.239711
2025-12-05T05:00:00+01:00,0.251817
2025-12-05T06:00:00+01:00,0.280800
2025-12-05T07:00:00+01:00,0.295474
2025-12-05T08:00:00+01:00,0.353663
2025-12-05T09:00:00+01:00,0.356383
2025-12-05T10:00:00+01:00,0.337301
2025-12-05T11:00:00+01:00,0.328689
2025-12-05T12:00:00+01:00,0.322252
2025-12-05T13:00:00+01:00,0.312980
2025-12-05T14:00:00+01:00,0.309541
2025-12-05T15:00:00+01:00,0.309958
2025-12-05T16:00:00+01:00,0.311156
2025-12-05T17:00:00+01:00,0.312260
2025-12-05T18:00:00+01:00,0.275839
2025-12-05T19:00:00+01:00,0.252970
2025-12-05T20:00:00+01:00,0.248390
2025-12-05T21:00:00+01:00,0.246974
2025-12-05T22:00:00+01:00,0.242434
2025-12-05T23:00:00+01:00,0.238459
2025-12-06T00:00:00+01:00,0.233882
2025-12-06T01:00:00+01:00,0.226798
2025-12-06T02:00:00+01:00,0.223156
2025-12-06T03:00:00+01:00,0.218264
2025-12-06T04:00:00+01:00,0.214483
2025-12-06T05:00:00+01:00,0.211869
2025-12-06T06:00:00+01:00,0.211352
2025-12-06T07:00:00+01:00,0.216658
2025-12-06T08:00:00+01:00,0.228731
2025-12-06T09:00:00+01:00,0.234983
2025-12-06T10:00:00+01:00,0.235234
2025-12-06T11:00:00+01:00,0.236532
2025-12-06T12:00:00+01:00,0.234956
2025-12-06T13:00:00+01:00,0.236060
2025-12-06T14:00:00+01:00,0.237216
2025-12-06T15:00:00+01:00,0.242733
2025-12-06T16:00:00+01:00,0.248529
2025-12-06T17:00:00+01:00,0.249836
2025-12-06T18:00:00+01:00,0.245190
2025-12-06T19:00:00+01:00,0.243487
2025-12-06T20:00:00+01:00,0.235014
2025-12-06T21:00:00+01:00,0.231489
2025-12-06T22:00:00+01:00,0.229127
2025-12-06T23:00:00+01:00,0.224471
2025-12-07T00:00:00+01:00,0.220179
2025-12-07T01:00:00+01:00,0.213352
2025-12-07T02:00:00+01:00,0.208143
2025-12-07T03:00:00+01:00,0.205438
2025-12-07T04:00:00+01:00,0.215992
2025-12-07T05:00:00+01:00,0.217886
2025-12-07T06:00:00+01:00,0.219961
2025-12-07T07:00:00+01:00,0.236039
2025-12-07T08:00:00+01:00,0.239772
2025-12-07T09:00:00+01:00,0.246382
2025-12-07T10:00:00+01:00,0.242945
2025-12-07T11:00:00+01:00,0.249830
2025-12-07T12:00:00+01:00,0.248251
2025-12-07T13:00:00+01:00,0.249261
2025-12-07T14:00:00+01:00,0.254700
2025-12-07T15:00:00+01:00,0.255054
2025-12-07T16:00:00+01:00,0.260275
2025-12-07T17:00:00+01:00,0.269750
2025-12-07T18:00:00+01:00,0.250184
2025-12-07T19:00:00+01:00,0.240625
2025-12-07T20:00:00+01:00,0.233474
2025-12-07T21:00:00+01:00,0.222448
2025-12-07T22:00:00+01:00,0.214568
2025-12-07T23:00:00+01:00,0.188274
2025-12-08T00:00:00+01:00,0.162223
2025-12-08T01:00:00+01:00,0.153777
2025-12-08T02:00:00+01:00,0.155362
2025-12-08T03:00:00+01:00,0.149600
2025-12-08T04:00:00+01:00,0.155940
2025-12-08T05:00:00+01:00,0.173113
2025-12-08T06:00:00+01:00,0.215457
2025-12-08T07:00:00+01:00,0.236850
2025-12-08T08:00:00+01:00,0.252900
2025-12-08T09:00:00+01:00,0.253427
2025-12-08T10:00:00+01:00,0.245734
2025-12-08T11:00:00+01:00,0.235489
2025-12-08T12:00:00+01:00,0.230709
2025-12-08T13:00:00+01:00,0.235718
2025-12-08T14:00:00+01:00,0.240044
2025-12-08T15:00:00+01:00,0.252664
2025-12-08T16:00:00+01:00,0.250741
2025-12-08T17:00:00+01:00,0.266979
2025-12-08T18:00:00+01:00,0.261065
2025-12-08T19:00:00+01:00,0.257810
2025-12-08T20:00:00+01:00,0.246306
2025-12-08T21:00:00+01:00,0.238511
2025-12-08T22:00:00+01:00,0.236674
2025-12-08T23:00:00+01:00,0.228020
2025-12-09T00:00:00+01:00,0.225518
2025-12-09T01:00:00+01:00,0.225146
2025-12-09T02:00:00+01:00,0.225796
2025-12-09T03:00:00+01:00,0.225373
2025-12-09T04:00:00+01:00,0.222523
2025-12-09T05:00:00+01:00,0.229475
2025-12-09T06:00:00+01:00,0.248859
2025-12-09T07:00:00+01:00,0.259655
2025-12-09T08:00:00+01:00,0.284575
2025-12-09T09:00:00+01:00,0.269508
2025-12-09T10:00:00+01:00,0.256664
2025-12-09T11:00:00+01:00,0.253451
2025-12-09T12:00:00+01:00,0.247522
2025-12-09T13:00:00+01:00,0.250617
2025-12-09T14:00:00+01:00,0.249352
2025-12-09T15:00:00+01:00,0.260145
2025-12-09T16:00:00+01:00,0.256270
2025-12-09T17:00:00+01:00,0.261038
2025-12-09T18:00:00+01:00,0.250677
2025-12-09T19:00:00+01:00,0.240870
2025-12-09T20:00:00+01:00,0.237627
2025-12-09T21:00:00+01:00,0.226680
2025-12-09T22:00:00+01:00,0.220956
2025-12-09T23:00:00+01:00,0.201197
2025-12-10T00:00:00+01:00,0.191735
2025-12-10T01:00:00+01:00,0.182660
2025-12-10T02:00:00+01:00,0.175845
2025-12-10T03:00:00+01:00,0.179523
2025-12-10T04:00:00+01:00,0.194394
2025-12-10T05:00:00+01:00,0.216963
2025-12-10T06:00:00+01:00,0.232113
2025-12-10T07:00:00+01:00,0.247322
2025-12-10T08:00:00+01:00,0.255959
2025-12-10T09:00:00+01:00,0.255417
2025-12-10T10:00:00+01:00,0.246533
2025-12-10T11:00:00+01:00,0.240226
2025-12-10T12:00:00+01:00,0.238855
2025-12-10T13:00:00+01:00,0.238934
2025-12-10T14:00:00+01:00,0.246920
2025-12-10T15:00:00+01:00,0.250429
2025-12-10T16:00:00+01:00,0.257804
2025-12-10T17:00:00+01:00,0.268410
2025-12-10T18:00:00+01:00,0.268016
2025-12-10T19:00:00+01:00,0.258488
2025-12-10T20:00:00+01:00,0.247900
2025-12-10T21:00:00+01:00,0.244863
2025-12-10T22:00:00+01:00,0.241052
2025-12-10T23:00:00+01:00,0.234182
2025-12-11T00:00:00+01:00,0.229650
2025-12-11T01:00:00+01:00,0.228942
2025-12-11T02:00:00+01:00,0.227418
2025-12-11T03:00:00+01:00,0.229553
2025-12-11T04:00:00+01:00,0.230624
2025-12-11T05:00:00+01:00,0.235954
2025-12-11T06:00:00+01:00,0.244573
2025-12-11T07:00:00+01:00,0.259498
2025-12-11T08:00:00+01:00,0.273425
2025-12-11T09:00:00+01:00,0.268431
2025-12-11T10:00:00+01:00,0.252447
2025-12-11T11:00:00+01:00,0.249848
2025-12-11T12:00:00+01:00,0.247489
2025-12-11T13:00:00+01:00,0.248269
2025-12-11T14:00:00+01:00,0.256400
2025-12-11T15:00:00+01:00,0.271111
2025-12-11T16:00:00+01:00,0.275651
2025-12-11T17:00:00+01:00,0.278689
2025-12-11T18:00:00+01:00,0.276886
2025-12-11T19:00:00+01:00,0.271075
2025-12-11T20:00:00+01:00,0.264492
2025-12-11T21:00:00+01:00,0.252292
2025-12-11T22:00:00+01:00,0.253457
2025-12-11T23:00:00+01:00,0.249031
2025-12-12T00:00:00+01:00,0.241989
2025-12-12T01:00:00+01:00,0.244642
2025-12-12T02:00:00+01:00,0.245353
2025-12-12T03:00:00+01:00,0.245958
2025-12-12T04:00:00+01:00,0.243084
2025-12-12T05:00:00+01:00,0.243825
2025-12-12T06:00:00+01:00,0.248732
2025-12-12T07:00:00+01:00,0.283235
2025-12-12T08:00:00+01:00,0.297232
2025-12-12T09:00:00+01:00,0.293148
2025-12-12T10:00:00+01:00,0.285477
2025-12-12T11:00:00+01:00,0.280047
2025-12-12T12:00:00+01:00,0.274735
2025-12-12T13:00:00+01:00,0.278595
2025-12-12T14:00:00+01:00,0.286889
2025-12-12T15:00:00+01:00,0.293995
2025-12-12T16:00:00+01:00,0.309162
2025-12-12T17:00:00+01:00,0.317530
2025-12-12T18:00:00+01:00,0.298790
2025-12-12T19:00:00+01:00,0.274983
2025-12-12T20:00:00+01:00,0.265672
2025-12-12T21:00:00+01:00,0.256600
2025-12-12T22:00:00+01:00,0.251188
2025-12-12T23:00:00+01:00,0.251654
2025-12-13T00:00:00+01:00,0.246875
2025-12-13T01:00:00+01:00,0.250232
2025-12-13T02:00:00+01:00,0.245831
2025-12-13T03:00:00+01:00,0.242482
2025-12-13T04:00:00+01:00,0.239415
2025-12-13T05:00:00+01:00,0.241424
2025-12-13T06:00:00+01:00,0.236208
2025-12-13T07:00:00+01:00,0.238904
2025-12-13T08:00:00+01:00,0.256588
2025-12-13T09:00:00+01:00,0.267544
2025-12-13T10:00:00+01:00,0.261848
2025-12-13T11:00:00+01:00,0.256237
2025-12-13T12:00:00+01:00,0.252072
2025-12-13T13:00:00+01:00,0.250181
2025-12-13T14:00:00+01:00,0.253000
2025-12-13T15:00:00+01:00,0.273534
2025-12-13T16:00:00+01:00,0.280631
2025-12-13T17:00:00+01:00,0.281441
2025-12-13T18:00:00+01:00,0.274284
2025-12-13T19:00:00+01:00,0.265503
2025-12-13T20:00:00+01:00,0.251406
2025-12-13T21:00:00+01:00,0.249038
2025-12-13T22:00:00+01:00,0.248523
2025-12-13T23:00:00+01:00,0.239660
2025-12-14T00:00:00+01:00,0.251052
2025-12-14T01:00:00+01:00,0.249431
2025-12-14T02:00:00+01:00,0.239403
2025-12-14T03:00:00+01:00,0.236826
2025-12-14T04:00:00+01:00,0.232279
2025-12-14T05:00:00+01:00,0.233392
2025-12-14T06:00:00+01:00,0.231659
2025-12-14T07:00:00+01:00,0.232642
2025-12-14T08:00:00+01:00,0.238671
2025-12-14T09:00:00+01:00,0.241124
2025-12-14T10:00:00+01:00,0.237004
2025-12-14T11:00:00+01:00,0.241442
2025-12-14T12:00:00+01:00,0.244288
2025-12-14T13:00:00+01:00,0.243556
2025-12-14T14:00:00+01:00,0.245371
2025-12-14T15:00:00+01:00,0.249706
2025-12-14T16:00:00+01:00,0.254298
2025-12-14T17:00:00+01:00,0.263455
2025-12-14T18:00:00+01:00,0.265000
2025-12-14T19:00:00+01:00,0.253003
2025-12-14T20:00:00+01:00,0.249767
2025-12-14T21:00:00+01:00,0.242525
2025-12-14T22:00:00+01:00,0.240568
2025-12-14T23:00:00+01:00,0.232893
2025-12-15T00:00:00+01:00,0.227527
2025-12-15T01:00:00+01:00,0.226858
2025-12-15T02:00:00+01:00,0.225007
2025-12-15T03:00:00+01:00,0.221507
2025-12-15T04:00:00+01:00,0.224012
2025-12-15T05:00:00+01:00,0.229980
2025-12-15T06:00:00+01:00,0.245147
2025-12-15T07:00:00+01:00,0.248015
2025-12-15T08:00:00+01:00,0.264483
2025-12-15T09:00:00+01:00,0.259380
2025-12-15T10:00:00+01:00,0.248635
2025-12-15T11:00:00+01:00,0.238036
2025-12-15T12:00:00+01:00,0.236245
2025-12-15T13:00:00+01:00,0.246082
2025-12-15T14:00:00+01:00,0.253911
2025-12-15T15:00:00+01:00,0.265140
2025-12-15T16:00:00+01:00,0.273008
2025-12-15T17:00:00+01:00,0.267318
2025-12-15T18:00:00+01:00,0.260814
2025-12-15T19:00:00+01:00,0.251557
2025-12-15T20:00:00+01:00,0.243405
2025-12-15T21:00:00+01:00,0.243656
2025-12-15T22:00:00+01:00,0.244576
2025-12-15T23:00:00+01:00,0.239754
2025-12-16T00:00:00+01:00,0.236629
2025-12-16T01:00:00+01:00,0.236986
2025-12-16T02:00:00+01:00,0.235237
2025-12-16T03:00:00+01:00,0.236233
2025-12-16T04:00:00+01:00,0.238205
2025-12-16T05:00:00+01:00,0.240147
2025-12-16T06:00:00+01:00,0.248103
2025-12-16T07:00:00+01:00,0.251427
2025-12-16T08:00:00+01:00,0.263645
2025-12-16T09:00:00+01:00,0.260433
2025-12-16T10:00:00+01:00,0.254597
2025-12-16T11:00:00+01:00,0.252492
2025-12-16T12:00:00+01:00,0.253170
2025-12-16T13:00:00+01:00,0.261658
2025-12-16T14:00:00+01:00,0.288266
2025-12-16T15:00:00+01:00,0.308025
2025-12-16T16:00:00+01:00,0.327436
2025-12-16T17:00:00+01:00,0.336551
2025-12-16T18:00:00+01:00,0.312224
2025-12-16T19:00:00+01:00,0.308769
2025-12-16T20:00:00+01:00,0.295559
2025-12-16T21:00:00+01:00,0.284022
2025-12-16T22:00:00+01:00,0.278707
2025-12-16T23:00:00+01:00,0.265106
2025-12-17T00:00:00+01:00,0.248554
2025-12-17T01:00:00+01:00,0.249080
2025-12-17T02:00:00+01:00,0.245710
2025-12-17T03:00:00+01:00,0.242679
2025-12-17T04:00:00+01:00,0.244137
2025-12-17T05:00:00+01:00,0.248862
2025-12-17T06:00:00+01:00,0.253212
2025-12-17T07:00:00+01:00,0.271595
2025-12-17T08:00:00+01:00,0.301966
2025-12-17T09:00:00+01:00,0.292833
2025-12-17T10:00:00+01:00,0.288665
2025-12-17T11:00:00+01:00,0.280827
2025-12-17T12:00:00+01:00,0.273797
2025-12-17T13:00:00+01:00,0.284342
2025-12-17T14:00:00+01:00,0.291636
2025-12-17T15:00:00+01:00,0.289606
2025-12-17T16:00:00+01:00,0.292210
2025-12-17T17:00:00+01:00,0.283771
2025-12-17T18:00:00+01:00,0.266356
2025-12-17T19:00:00+01:00,0.250759
2025-12-17T20:00:00+01:00,0.245589
2025-12-17T21:00:00+01:00,0.250375
2025-12-17T22:00:00+01:00,0.240558
2025-12-17T23:00:00+01:00,0.235549
2025-12-18T00:00:00+01:00,0.229614
2025-12-18T01:00:00+01:00,0.221338
2025-12-18T02:00:00+01:00,0.208896
2025-12-18T03:00:00+01:00,0.194330
2025-12-18T04:00:00+01:00,0.187442
2025-12-18T05:00:00+01:00,0.196669
2025-12-18T06:00:00+01:00,0.213031
2025-12-18T07:00:00+01:00,0.238874
2025-12-18T08:00:00+01:00,0.249791
2025-12-18T09:00:00+01:00,0.253714
2025-12-18T10:00:00+01:00,0.256600
2025-12-18T11:00:00+01:00,0.257743
2025-12-18T12:00:00+01:00,0.247259
2025-12-18T13:00:00+01:00,0.248880
2025-12-18T14:00:00+01:00,0.255614
2025-12-18T15:00:00+01:00,0.261978
2025-12-18T16:00:00+01:00,0.257238
2025-12-18T17:00:00+01:00,0.253351
2025-12-18T18:00:00+01:00,0.242144
2025-12-18T19:00:00+01:00,0.241475
2025-12-18T20:00:00+01:00,0.230367
2025-12-18T21:00:00+01:00,0.207347
2025-12-18T22:00:00+01:00,0.202235
2025-12-18T23:00:00+01:00,0.164443
2025-12-19T00:00:00+01:00,0.152038
2025-12-19T01:00:00+01:00,0.148196
2025-12-19T02:00:00+01:00,0.148090
2025-12-19T03:00:00+01:00,0.145955
2025-12-19T04:00:00+01:00,0.146321
2025-12-19T05:00:00+01:00,0.153971
2025-12-19T06:00:00+01:00,0.189793
2025-12-19T07:00:00+01:00,0.233934
2025-12-19T08:00:00+01:00,0.251070
2025-12-19T09:00:00+01:00,0.251016
2025-12-19T10:00:00+01:00,0.251049
2025-12-19T11:00:00+01:00,0.248723
2025-12-19T12:00:00+01:00,0.244730
2025-12-19T13:00:00+01:00,0.247005
2025-12-19T14:00:00+01:00,0.252770
2025-12-19T15:00:00+01:00,0.257278
2025-12-19T16:00:00+01:00,0.259283
2025-12-19T17:00:00+01:00,0.268785
2025-12-19T18:00:00+01:00,0.270161
2025-12-19T19:00:00+01:00,0.267457
2025-12-19T20:00:00+01:00,0.263700
2025-12-19T21:00:00+01:00,0.257810
2025-12-19T22:00:00+01:00,0.256264
2025-12-19T23:00:00+01:00,0.251814
2025-12-20T00:00:00+01:00,0.244315
2025-12-20T01:00:00+01:00,0.243487
2025-12-20T02:00:00+01:00,0.244282
2025-12-20T03:00:00+01:00,0.245132
2025-12-20T04:00:00+01:00,0.245090
2025-12-20T05:00:00+01:00,0.246808
2025-12-20T06:00:00+01:00,0.253282
2025-12-20T07:00:00+01:00,0.262756
2025-12-20T08:00:00+01:00,0.269139
2025-12-20T09:00:00+01:00,0.275391
2025-12-20T10:00:00+01:00,0.272203
2025-12-20T11:00:00+01:00,0.268703
2025-12-20T12:00:00+01:00,0.267608
2025-12-20T13:00:00+01:00,0.270104
2025-12-20T14:00:00+01:00,0.274732
2025-12-20T15:00:00+01:00,0.276722
2025-12-20T16:00:00+01:00,0.278471
2025-12-20T17:00:00+01:00,0.282331
2025-12-20T18:00:00+01:00,0.277197
2025-12-20T19:00:00+01:00,0.262066
2025-12-20T20:00:00+01:00,0.254304
2025-12-20T21:00:00+01:00,0.250269
2025-12-20T22:00:00+01:00,0.250662
2025-12-20T23:00:00+01:00,0.247764
2025-12-21T00:00:00+01:00,0.250033
2025-12-21T01:00:00+01:00,0.245181
2025-12-21T02:00:00+01:00,0.240543
2025-12-21T03:00:00+01:00,0.238613
2025-12-21T04:00:00+01:00,0.238610
2025-12-21T05:00:00+01:00,0.239512
2025-12-21T06:00:00+01:00,0.241974
2025-12-21T07:00:00+01:00,0.247879
2025-12-21T08:00:00+01:00,0.259513
2025-12-21T09:00:00+01:00,0.264716
2025-12-21T10:00:00+01:00,0.259855
2025-12-21T11:00:00+01:00,0.258339
2025-12-21T12:00:00+01:00,0.255962
2025-12-21T13:00:00+01:00,0.251340
2025-12-21T14:00:00+01:00,0.255193
2025-12-21T15:00:00+01:00,0.257583
2025-12-21T16:00:00+01:00,0.254788
2025-12-21T17:00:00+01:00,0.255348
2025-12-21T18:00:00+01:00,0.251243
2025-12-21T19:00:00+01:00,0.245710
2025-12-21T20:00:00+01:00,0.241663
2025-12-21T21:00:00+01:00,0.237031
2025-12-21T22:00:00+01:00,0.234811
2025-12-21T23:00:00+01:00,0.228655
2025-12-22T00:00:00+01:00,0.227835
2025-12-22T01:00:00+01:00,0.226138
2025-12-22T02:00:00+01:00,0.224880
2025-12-22T03:00:00+01:00,0.223047
2025-12-22T04:00:00+01:00,0.222094
2025-12-22T05:00:00+01:00,0.225618
2025-12-22T06:00:00+01:00,0.233465
2025-12-22T07:00:00+01:00,0.250571
2025-12-22T08:00:00+01:00,0.254386
2025-12-22T09:00:00+01:00,0.253003
2025-12-22T10:00:00+01:00,0.250486
2025-12-22T11:00:00+01:00,0.245604
2025-12-22T12:00:00+01:00,0.248000
2025-12-22T13:00:00+01:00,0.250490
2025-12-22T14:00:00+01:00,0.254292
2025-12-22T15:00:00+01:00,0.261452
2025-12-22T16:00:00+01:00,0.263869
2025-12-22T17:00:00+01:00,0.271740
2025-12-22T18:00:00+01:00,0.266002
2025-12-22T19:00:00+01:00,0.258146
2025-12-22T20:00:00+01:00,0.250859
2025-12-22T21:00:00+01:00,0.245586
2025-12-22T22:00:00+01:00,0.245468
2025-12-22T23:00:00+01:00,0.237588
2025-12-23T00:00:00+01:00,0.239209
2025-12-23T01:00:00+01:00,0.232654
2025-12-23T02:00:00+01:00,0.220191
2025-12-23T03:00:00+01:00,0.215040
2025-12-23T04:00:00+01:00,0.213327
2025-12-23T05:00:00+01:00,0.213772
2025-12-23T06:00:00+01:00,0.225576
2025-12-23T07:00:00+01:00,0.240080
2025-12-23T08:00:00+01:00,0.249340
2025-12-23T09:00:00+01:00,0.254628
2025-12-23T10:00:00+01:00,0.251642
2025-12-23T11:00:00+01:00,0.242685
2025-12-23T12:00:00+01:00,0.241460
2025-12-23T13:00:00+01:00,0.239433
2025-12-23T14:00:00+01:00,0.239482
2025-12-23T15:00:00+01:00,0.242670
2025-12-23T16:00:00+01:00,0.250550
2025-12-23T17:00:00+01:00,0.251639
2025-12-23T18:00:00+01:00,0.244449
2025-12-23T19:00:00+01:00,0.242709
2025-12-23T20:00:00+01:00,0.237246
2025-12-23T21:00:00+01:00,0.227475
2025-12-23T22:00:00+01:00,0.229266
2025-12-23T23:00:00+01:00,0.220173
2025-12-24T00:00:00+01:00,0.213848
2025-12-24T01:00:00+01:00,0.207135
2025-12-24T02:00:00+01:00,0.205907
2025-12-24T03:00:00+01:00,0.203542
2025-12-24T04:00:00+01:00,0.202531
2025-12-24T05:00:00+01:00,0.202737
2025-12-24T06:00:00+01:00,0.206987
2025-12-24T07:00:00+01:00,0.223319
2025-12-24T08:00:00+01:00,0.240870
2025-12-24T09:00:00+01:00,0.242649
2025-12-24T10:00:00+01:00,0.232920
2025-12-24T11:00:00+01:00,0.218909
2025-12-24T12:00:00+01:00,0.216963
2025-12-24T13:00:00+01:00,0.216237
2025-12-24T14:00:00+01:00,0.222508
2025-12-24T15:00:00+01:00,0.234593
2025-12-24T16:00:00+01:00,0.247117
2025-12-24T17:00:00+01:00,0.250698
2025-12-24T18:00:00+01:00,0.238338
2025-12-24T19:00:00+01:00,0.229705
2025-12-24T20:00:00+01:00,0.225331
2025-12-24T21:00:00+01:00,0.221631
2025-12-24T22:00:00+01:00,0.224172
2025-12-24T23:00:00+01:00,0.217962
2025-12-25T00:00:00+01:00,0.213273
2025-12-25T01:00:00+01:00,0.206373
2025-12-25T02:00:00+01:00,0.206291
2025-12-25T03:00:00+01:00,0.202761
2025-12-25T04:00:00+01:00,0.201004
2025-12-25T05:00:00+01:00,0.199600
2025-12-25T06:00:00+01:00,0.197310
2025-12-25T07:00:00+01:00,0.204389
2025-12-25T08:00:00+01:00,0.216250
2025-12-25T09:00:00+01:00,0.219991
2025-12-25T10:00:00+01:00,0.204062
2025-12-25T11:00:00+01:00,0.196753
2025-12-25T12:00:00+01:00,0.197271
2025-12-25T13:00:00+01:00,0.196330
2025-12-25T14:00:00+01:00,0.217453
2025-12-25T15:00:00+01:00,0.243293
2025-12-25T16:00:00+01:00,0.250362
2025-12-25T17:00:00+01:00,0.256291
2025-12-25T18:00:00+01:00,0.256921
2025-12-25T19:00:00+01:00,0.254346
2025-12-25T20:00:00+01:00,0.253200
2025-12-25T21:00:00+01:00,0.254123
2025-12-25T22:00:00+01:00,0.257867
2025-12-25T23:00:00+01:00,0.252949
2025-12-26T00:00:00+01:00,0.260351
2025-12-26T01:00:00+01:00,0.253034
2025-12-26T02:00:00+01:00,0.246560
2025-12-26T03:00:00+01:00,0.242876
2025-12-26T04:00:00+01:00,0.240870
2025-12-26T05:00:00+01:00,0.241481
2025-12-26T06:00:00+01:00,0.245368
2025-12-26T07:00:00+01:00,0.255133
2025-12-26T08:00:00+01:00,0.261579
2025-12-26T09:00:00+01:00,0.259368
2025-12-26T10:00:00+01:00,0.250853
2025-12-26T11:00:00+01:00,0.245701
2025-12-26T12:00:00+01:00,0.242458
2025-12-26T13:00:00+01:00,0.242991
2025-12-26T14:00:00+01:00,0.252543
2025-12-26T15:00:00+01:00,0.270246
2025-12-26T16:00:00+01:00,0.278804
2025-12-26T17:00:00+01:00,0.283934
2025-12-26T18:00:00+01:00,0.281305
2025-12-26T19:00:00+01:00,0.280513
2025-12-26T20:00:00+01:00,0.276801
2025-12-26T21:00:00+01:00,0.274345
2025-12-26T22:00:00+01:00,0.271432
2025-12-26T23:00:00+01:00,0.261612
2025-12-27T00:00:00+01:00,0.258993
2025-12-27T01:00:00+01:00,0.253164
2025-12-27T02:00:00+01:00,0.244539
2025-12-27T03:00:00+01:00,0.240713
2025-12-27T04:00:00+01:00,0.241623
2025-12-27T05:00:00+01:00,0.240837
2025-12-27T06:00:00+01:00,0.245752
2025-12-27T07:00:00+01:00,0.258122
2025-12-27T08:00:00+01:00,0.263706
2025-12-27T09:00:00+01:00,0.255326
2025-12-27T10:00:00+01:00,0.239215
2025-12-27T11:00:00+01:00,0.233241
2025-12-27T12:00:00+01:00,0.232606
2025-12-27T13:00:00+01:00,0.241242
2025-12-27T14:00:00+01:00,0.247604
2025-12-27T15:00:00+01:00,0.252861
2025-12-27T16:00:00+01:00,0.263739
2025-12-27T17:00:00+01:00,0.268328
2025-12-27T18:00:00+01:00,0.271752
2025-12-27T19:00:00+01:00,0.268757
2025-12-27T20:00:00+01:00,0.264964
2025-12-27T21:00:00+01:00,0.255148
2025-12-27T22:00:00+01:00,0.256736
2025-12-27T23:00:00+01:00,0.251639
2025-12-28T00:00:00+01:00,0.245129
2025-12-28T01:00:00+01:00,0.243868
2025-12-28T02:00:00+01:00,0.239249
2025-12-28T03:00:00+01:00,0.237028
2025-12-28T04:00:00+01:00,0.237924
2025-12-28T05:00:00+01:00,0.241460
2025-12-28T06:00:00+01:00,0.245081
2025-12-28T07:00:00+01:00,0.250883
2025-12-28T08:00:00+01:00,0.257810
2025-12-28T09:00:00+01:00,0.257108
2025-12-28T10:00:00+01:00,0.250314
2025-12-28T11:00:00+01:00,0.249785
2025-12-28T12:00:00+01:00,0.239687
2025-12-28T13:00:00+01:00,0.239690
2025-12-28T14:00:00+01:00,0.246512
2025-12-28T15:00:00+01:00,0.261854
2025-12-28T16:00:00+01:00,0.273806
2025-12-28T17:00:00+01:00,0.277905
2025-12-28T18:00:00+01:00,0.282010
2025-12-28T19:00:00+01:00,0.280573
2025-12-28T20:00:00+01:00,0.269922
2025-12-28T21:00:00+01:00,0.262683
2025-12-28T22:00:00+01:00,0.261782
2025-12-28T23:00:00+01:00,0.261525
2025-12-29T00:00:00+01:00,0.254821
2025-12-29T01:00:00+01:00,0.256785
2025-12-29T02:00:00+01:00,0.247183
2025-12-29T03:00:00+01:00,0.242310
2025-12-29T04:00:00+01:00,0.244061
2025-12-29T05:00:00+01:00,0.252719
2025-12-29T06:00:00+01:00,0.259422
2025-12-29T07:00:00+01:00,0.269532
2025-12-29T08:00:00+01:00,0.280652
2025-12-29T09:00:00+01:00,0.277164
2025-12-29T10:00:00+01:00,0.268700
2025-12-29T11:00:00+01:00,0.260672
2025-12-29T12:00:00+01:00,0.259955
2025-12-29T13:00:00+01:00,0.258527
2025-12-29T14:00:00+01:00,0.259189
2025-12-29T15:00:00+01:00,0.266818
2025-12-29T16:00:00+01:00,0.272327
2025-12-29T17:00:00+01:00,0.272173
2025-12-29T18:00:00+01:00,0.268912
2025-12-29T19:00:00+01:00,0.259625
2025-12-29T20:00:00+01:00,0.253360
2025-12-29T21:00:00+01:00,0.244730
2025-12-29T22:00:00+01:00,0.249582
2025-12-29T23:00:00+01:00,0.243762
2025-12-30T00:00:00+01:00,0.237213
2025-12-30T01:00:00+01:00,0.231674
2025-12-30T02:00:00+01:00,0.230201
2025-12-30T03:00:00+01:00,0.227025
2025-12-30T04:00:00+01:00,0.226162
2025-12-30T05:00:00+01:00,0.230337
2025-12-30T06:00:00+01:00,0.239893
2025-12-30T07:00:00+01:00,0.249425
2025-12-30T08:00:00+01:00,0.257662
2025-12-30T09:00:00+01:00,0.257075
2025-12-30T10:00:00+01:00,0.246702
2025-12-30T11:00:00+01:00,0.238910
2025-12-30T12:00:00+01:00,0.235008
2025-12-30T13:00:00+01:00,0.235074
2025-12-30T14:00:00+01:00,0.247561
2025-12-30T15:00:00+01:00,0.261876
2025-12-30T16:00:00+01:00,0.270996
2025-12-30T17:00:00+01:00,0.274844
2025-12-30T18:00:00+01:00,0.274145
2025-12-30T19:00:00+01:00,0.270687
2025-12-30T20:00:00+01:00,0.264640
2025-12-30T21:00:00+01:00,0.255384
2025-12-30T22:00:00+01:00,0.254253
2025-12-30T23:00:00+01:00,0.246687
2025-12-31T00:00:00+01:00,0.249464
2025-12-31T01:00:00+01:00,0.244933
2025-12-31T02:00:00+01:00,0.239917
2025-12-31T03:00:00+01:00,0.235522
2025-12-31T04:00:00+01:00,0.233528
2025-12-31T05:00:00+01:00,0.236487
2025-12-31T06:00:00+01:00,0.242092
2025-12-31T07:00:00+01:00,0.246100
2025-12-31T08:00:00+01:00,0.258784
2025-12-31T09:00:00+01:00,0.264604
2025-12-31T10:00:00+01:00,0.252392
2025-12-31T11:00:00+01:00,0.243871
2025-12-31T12:00:00+01:00,0.243347
2025-12-31T13:00:00+01:00,0.245916
2025-12-31T14:00:00+01:00,0.246684
2025-12-31T15:00:00+01:00,0.254467
2025-12-31T16:00:00+01:00,0.266480
2025-12-31T17:00:00+01:00,0.276852
2025-12-31T18:00:00+01:00,0.272968
2025-12-31T19:00:00+01:00,0.259044
2025-12-31T20:00:00+01:00,0.243287
2025-12-31T21:00:00+01:00,0.238877
2025-12-31T22:00:00+01:00,0.242137
2025-12-31T23:00:00+01:00,0.230715
2026-01-01T00:00:00+01:00,0.207615
2026-01-01T01:00:00+01:00,0.209455
2026-01-01T02:00:00+01:00,0.197754
2026-01-01T03:00:00+01:00,0.179801
2026-01-01T04:00:00+01:00,0.161009
2026-01-01T05:00:00+01:00,0.153919
2026-01-01T06:00:00+01:00,0.138098
2026-01-01T07:00:00+01:00,0.149000
2026-01-01T08:00:00+01:00,0.156375
2026-01-01T09:00:00+01:00,0.167634
2026-01-01T10:00:00+01:00,0.164506
2026-01-01T11:00:00+01:00,0.173200
2026-01-01T12:00:00+01:00,0.192974
2026-01-01T13:00:00+01:00,0.183449
2026-01-01T14:00:00+01:00,0.176594
2026-01-01T15:00:00+01:00,0.197161
2026-01-01T16:00:00+01:00,0.215269
2026-01-01T17:00:00+01:00,0.234423
2026-01-01T18:00:00+01:00,0.225182
2026-01-01T19:00:00+01:00,0.220148
2026-01-01T20:00:00+01:00,0.212613
2026-01-01T21:00:00+01:00,0.204902
2026-01-01T22:00:00+01:00,0.205634
2026-01-01T23:00:00+01:00,0.188673
2026-01-02T00:00:00+01:00,0.164851
2026-01-02T01:00:00+01:00,0.150966
2026-01-02T02:00:00+01:00,0.148994
2026-01-02T03:00:00+01:00,0.141519
2026-01-02T04:00:00+01:00,0.142953
2026-01-02T05:00:00+01:00,0.149672
2026-01-02T06:00:00+01:00,0.166962
2026-01-02T07:00:00+01:00,0.195833
2026-01-02T08:00:00+01:00,0.224099
2026-01-02T09:00:00+01:00,0.242170
2026-01-02T10:00:00+01:00,0.216763
2026-01-02T11:00:00+01:00,0.212174
2026-01-02T12:00:00+01:00,0.201033
2026-01-02T13:00:00+01:00,0.213777
2026-01-02T14:00:00+01:00,0.218040
2026-01-02T15:00:00+01:00,0.228282
2026-01-02T16:00:00+01:00,0.235004
2026-01-02T17:00:00+01:00,0.261633
2026-01-02T18:00:00+01:00,0.265284
2026-01-02T19:00:00+01:00,0.256811
2026-01-02T20:00:00+01:00,0.240603
2026-01-02T21:00:00+01:00,0.233280
2026-01-02T22:00:00+01:00,0.235055
2026-01-02T23:00:00+01:00,0.229898
2026-01-03T00:00:00+01:00,0.228739
2026-01-03T01:00:00+01:00,0.225693
2026-01-03T02:00:00+01:00,0.222774
2026-01-03T03:00:00+01:00,0.221603
2026-01-03T04:00:00+01:00,0.219416
2026-01-03T05:00:00+01:00,0.221645
2026-01-03T06:00:00+01:00,0.222898
2026-01-03T07:00:00+01:00,0.226894
2026-01-03T08:00:00+01:00,0.240585
2026-01-03T09:00:00+01:00,0.244699
2026-01-03T10:00:00+01:00,0.243755
2026-01-03T11:00:00+01:00,0.238186
2026-01-03T12:00:00+01:00,0.236619
2026-01-03T13:00:00+01:00,0.235642
2026-01-03T14:00:00+01:00,0.239366
2026-01-03T15:00:00+01:00,0.245144
2026-01-03T16:00:00+01:00,0.250994
2026-01-03T17:00:00+01:00,0.263421
2026-01-03T18:00:00+01:00,0.264770
2026-01-03T19:00:00+01:00,0.256968
2026-01-03T20:00:00+01:00,0.247830
2026-01-03T21:00:00+01:00,0.240234
2026-01-03T22:00:00+01:00,0.240267
2026-01-03T23:00:00+01:00,0.234928
2026-01-04T00:00:00+01:00,0.238325
2026-01-04T01:00:00+01:00,0.234099
2026-01-04T02:00:00+01:00,0.233751
2026-01-04T03:00:00+01:00,0.232181
2026-01-04T04:00:00+01:00,0.230745
2026-01-04T05:00:00+01:00,0.231773
2026-01-04T06:00:00+01:00,0.232248
2026-01-04T07:00:00+01:00,0.235512
2026-01-04T08:00:00+01:00,0.237490
2026-01-04T09:00:00+01:00,0.244953
2026-01-04T10:00:00+01:00,0.245504
2026-01-04T11:00:00+01:00,0.240812
2026-01-04T12:00:00+01:00,0.239196
2026-01-04T13:00:00+01:00,0.235851
2026-01-04T14:00:00+01:00,0.241958
2026-01-04T15:00:00+01:00,0.243283
2026-01-04T16:00:00+01:00,0.250915
2026-01-04T17:00:00+01:00,0.274144
2026-01-04T18:00:00+01:00,0.277478
2026-01-04T19:00:00+01:00,0.275705
2026-01-04T20:00:00+01:00,0.266915
2026-01-04T21:00:00+01:00,0.251472
2026-01-04T22:00:00+01:00,0.246538
2026-01-04T23:00:00+01:00,0.238794
2026-01-05T00:00:00+01:00,0.242718
2026-01-05T01:00:00+01:00,0.238355
2026-01-05T02:00:00+01:00,0.235524
2026-01-05T03:00:00+01:00,0.235288
2026-01-05T04:00:00+01:00,0.236719
2026-01-05T05:00:00+01:00,0.240788
2026-01-05T06:00:00+01:00,0.262767
2026-01-05T07:00:00+01:00,0.287318
2026-01-05T08:00:00+01:00,0.313772
2026-01-05T09:00:00+01:00,0.314952
2026-01-05T10:00:00+01:00,0.305453
2026-01-05T11:00:00+01:00,0.294436
2026-01-05T12:00:00+01:00,0.291229
2026-01-05T13:00:00+01:00,0.290159
2026-01-05T14:00:00+01:00,0.296142
2026-01-05T15:00:00+01:00,0.308741
2026-01-05T16:00:00+01:00,0.343810
2026-01-05T17:00:00+01:00,0.398378
2026-01-05T18:00:00+01:00,0.389288
2026-01-05T19:00:00+01:00,0.352038
2026-01-05T20:00:00+01:00,0.308759
2026-01-05T21:00:00+01:00,0.287064
2026-01-05T22:00:00+01:00,0.280709
2026-01-05T23:00:00+01:00,0.265523
2026-01-06T00:00:00+01:00,0.257531
2026-01-06T01:00:00+01:00,0.257416
2026-01-06T02:00:00+01:00,0.253719
2026-01-06T03:00:00+01:00,0.251956
2026-01-06T04:00:00+01:00,0.254818
2026-01-06T05:00:00+01:00,0.260320
2026-01-06T06:00:00+01:00,0.277608
2026-01-06T07:00:00+01:00,0.298432
2026-01-06T08:00:00+01:00,0.329514
2026-01-06T09:00:00+01:00,0.335122
2026-01-06T10:00:00+01:00,0.318209
2026-01-06T11:00:00+01:00,0.309041
2026-01-06T12:00:00+01:00,0.292796
2026-01-06T13:00:00+01:00,0.282977
2026-01-06T14:00:00+01:00,0.282487
2026-01-06T15:00:00+01:00,0.292745
2026-01-06T16:00:00+01:00,0.306261
2026-01-06T17:00:00+01:00,0.315971
2026-01-06T18:00:00+01:00,0.310254
2026-01-06T19:00:00+01:00,0.299182
2026-01-06T20:00:00+01:00,0.277983
2026-01-06T21:00:00+01:00,0.235890
2026-01-06T22:00:00+01:00,0.236350
2026-01-06T23:00:00+01:00,0.224368
2026-01-07T00:00:00+01:00,0.237539
2026-01-07T01:00:00+01:00,0.231026
2026-01-07T02:00:00+01:00,0.227151
2026-01-07T03:00:00+01:00,0.226461
2026-01-07T04:00:00+01:00,0.224779
2026-01-07T05:00:00+01:00,0.225926
2026-01-07T06:00:00+01:00,0.239196
2026-01-07T07:00:00+01:00,0.245144
2026-01-07T08:00:00+01:00,0.257622
2026-01-07T09:00:00+01:00,0.265441
2026-01-07T10:00:00+01:00,0.261164
2026-01-07T11:00:00+01:00,0.250849
2026-01-07T12:00:00+01:00,0.246257
2026-01-07T13:00:00+01:00,0.241671
2026-01-07T14:00:00+01:00,0.244632
2026-01-07T15:00:00+01:00,0.252328
2026-01-07T16:00:00+01:00,0.266043
2026-01-07T17:00:00+01:00,0.281199
2026-01-07T18:00:00+01:00,0.265711
2026-01-07T19:00:00+01:00,0.248039
2026-01-07T20:00:00+01:00,0.240500
2026-01-07T21:00:00+01:00,0.243078
2026-01-07T22:00:00+01:00,0.240936
2026-01-07T23:00:00+01:00,0.236516
2026-01-08T00:00:00+01:00,0.231891
2026-01-08T01:00:00+01:00,0.230530
2026-01-08T02:00:00+01:00,0.233122
2026-01-08T03:00:00+01:00,0.230642
2026-01-08T04:00:00+01:00,0.233770
2026-01-08T05:00:00+01:00,0.236311
2026-01-08T06:00:00+01:00,0.247845
2026-01-08T07:00:00+01:00,0.281725
2026-01-08T08:00:00+01:00,0.333906
2026-01-08T09:00:00+01:00,0.363052
2026-01-08T10:00:00+01:00,0.379687
2026-01-08T11:00:00+01:00,0.382288
2026-01-08T12:00:00+01:00,0.390316
2026-01-08T13:00:00+01:00,0.403100
2026-01-08T14:00:00+01:00,0.432149
2026-01-08T15:00:00+01:00,0.430150
2026-01-08T16:00:00+01:00,0.431245
2026-01-08T17:00:00+01:00,0.403100
2026-01-08T18:00:00+01:00,0.365729
2026-01-08T19:00:00+01:00,0.295065
2026-01-08T20:00:00+01:00,0.250815
2026-01-08T21:00:00+01:00,0.241320
2026-01-08T22:00:00+01:00,0.237775
2026-01-08T23:00:00+01:00,0.225551
2026-01-09T00:00:00+01:00,0.226292
2026-01-09T01:00:00+01:00,0.216358
2026-01-09T02:00:00+01:00,0.196257
2026-01-09T03:00:00+01:00,0.187209
2026-01-09T04:00:00+01:00,0.188742
2026-01-09T05:00:00+01:00,0.200622
2026-01-09T06:00:00+01:00,0.224891
2026-01-09T07:00:00+01:00,0.238770
2026-01-09T08:00:00+01:00,0.242920
2026-01-09T09:00:00+01:00,0.242509
2026-01-09T10:00:00+01:00,0.255550
2026-01-09T11:00:00+01:00,0.255973
2026-01-09T12:00:00+01:00,0.246517
2026-01-09T13:00:00+01:00,0.244300
2026-01-09T14:00:00+01:00,0.244635
2026-01-09T15:00:00+01:00,0.240912
2026-01-09T16:00:00+01:00,0.241656
2026-01-09T17:00:00+01:00,0.244590
2026-01-09T18:00:00+01:00,0.242022
2026-01-09T19:00:00+01:00,0.236752
2026-01-09T20:00:00+01:00,0.233942
2026-01-09T21:00:00+01:00,0.234426
2026-01-09T22:00:00+01:00,0.233700
2026-01-09T23:00:00+01:00,0.225505
2026-01-10T00:00:00+01:00,0.221800
2026-01-10T01:00:00+01:00,0.215356
2026-01-10T02:00:00+01:00,0.210997
2026-01-10T03:00:00+01:00,0.211357
2026-01-10T04:00:00+01:00,0.211330
2026-01-10T05:00:00+01:00,0.214313
2026-01-10T06:00:00+01:00,0.217522
2026-01-10T07:00:00+01:00,0.225230
2026-01-10T08:00:00+01:00,0.234974
2026-01-10T09:00:00+01:00,0.241072
2026-01-10T10:00:00+01:00,0.243507
2026-01-10T11:00:00+01:00,0.245812
2026-01-10T12:00:00+01:00,0.247001
2026-01-10T13:00:00+01:00,0.249854
2026-01-10T14:00:00+01:00,0.257135
2026-01-10T15:00:00+01:00,0.265042
2026-01-10T16:00:00+01:00,0.276915
2026-01-10T17:00:00+01:00,0.291363
2026-01-10T18:00:00+01:00,0.292930
2026-01-10T19:00:00+01:00,0.285733
2026-01-10T20:00:00+01:00,0.275070
2026-01-10T21:00:00+01:00,0.265411
2026-01-10T22:00:00+01:00,0.259748
2026-01-10T23:00:00+01:00,0.249669
2026-01-11T00:00:00+01:00,0.248102
2026-01-11T01:00:00+01:00,0.243074
2026-01-11T02:00:00+01:00,0.237372
2026-01-11T03:00:00+01:00,0.233531
2026-01-11T04:00:00+01:00,0.230893
2026-01-11T05:00:00+01:00,0.230379
2026-01-11T06:00:00+01:00,0.229589
2026-01-11T07:00:00+01:00,0.232805
2026-01-11T08:00:00+01:00,0.241976
2026-01-11T09:00:00+01:00,0.252906
2026-01-11T10:00:00+01:00,0.249796
2026-01-11T11:00:00+01:00,0.249037
2026-01-11T12:00:00+01:00,0.247452
2026-01-11T13:00:00+01:00,0.245071
2026-01-11T14:00:00+01:00,0.246556
2026-01-11T15:00:00+01:00,0.249279
2026-01-11T16:00:00+01:00,0.261161
2026-01-11T17:00:00+01:00,0.266990
2026-01-11T18:00:00+01:00,0.250074
2026-01-11T19:00:00+01:00,0.241244
2026-01-11T20:00:00+01:00,0.239786
2026-01-11T21:00:00+01:00,0.237814
2026-01-11T22:00:00+01:00,0.241178
2026-01-11T23:00:00+01:00,0.226437
2026-01-12T00:00:00+01:00,0.224295
2026-01-12T01:00:00+01:00,0.225188
2026-01-12T02:00:00+01:00,0.224849
2026-01-12T03:00:00+01:00,0.216887
2026-01-12T04:00:00+01:00,0.219086
2026-01-12T05:00:00+01:00,0.221449
2026-01-12T06:00:00+01:00,0.228936
2026-01-12T07:00:00+01:00,0.236613
2026-01-12T08:00:00+01:00,0.249563
2026-01-12T09:00:00+01:00,0.240791
2026-01-12T10:00:00+01:00,0.244021
2026-01-12T11:00:00+01:00,0.245782
2026-01-12T12:00:00+01:00,0.242672
2026-01-12T13:00:00+01:00,0.242155
2026-01-12T14:00:00+01:00,0.244554
2026-01-12T15:00:00+01:00,0.236764
2026-01-12T16:00:00+01:00,0.242170
2026-01-12T17:00:00+01:00,0.255423
2026-01-12T18:00:00+01:00,0.265072
2026-01-12T19:00:00+01:00,0.253919
2026-01-12T20:00:00+01:00,0.244200
2026-01-12T21:00:00+01:00,0.241632
2026-01-12T22:00:00+01:00,0.239747
2026-01-12T23:00:00+01:00,0.233201
2026-01-13T00:00:00+01:00,0.226561
2026-01-13T01:00:00+01:00,0.227992
2026-01-13T02:00:00+01:00,0.228255
2026-01-13T03:00:00+01:00,0.227109
2026-01-13T04:00:00+01:00,0.229045
2026-01-13T05:00:00+01:00,0.230693
2026-01-13T06:00:00+01:00,0.239750
2026-01-13T07:00:00+01:00,0.250773
2026-01-13T08:00:00+01:00,0.274879
2026-01-13T09:00:00+01:00,0.288613
2026-01-13T10:00:00+01:00,0.286296
2026-01-13T11:00:00+01:00,0.277417
2026-01-13T12:00:00+01:00,0.268596
2026-01-13T13:00:00+01:00,0.264824
2026-01-13T14:00:00+01:00,0.258938
2026-01-13T15:00:00+01:00,0.254061
2026-01-13T16:00:00+01:00,0.262135
2026-01-13T17:00:00+01:00,0.261119
2026-01-13T18:00:00+01:00,0.249306
2026-01-13T19:00:00+01:00,0.240104
2026-01-13T20:00:00+01:00,0.236910
2026-01-13T21:00:00+01:00,0.238712
2026-01-13T22:00:00+01:00,0.238897
2026-01-13T23:00:00+01:00,0.230560
2026-01-14T00:00:00+01:00,0.234381
2026-01-14T01:00:00+01:00,0.232847
2026-01-14T02:00:00+01:00,0.234768
2026-01-14T03:00:00+01:00,0.235116
2026-01-14T04:00:00+01:00,0.236900
2026-01-14T05:00:00+01:00,0.239333
2026-01-14T06:00:00+01:00,0.243640
2026-01-14T07:00:00+01:00,0.257477
2026-01-14T08:00:00+01:00,0.285573
2026-01-14T09:00:00+01:00,0.288504
2026-01-14T10:00:00+01:00,0.269855
2026-01-14T11:00:00+01:00,0.255879
2026-01-14T12:00:00+01:00,0.249427
2026-01-14T13:00:00+01:00,0.252192
2026-01-14T14:00:00+01:00,0.269050
2026-01-14T15:00:00+01:00,0.298229
2026-01-14T16:00:00+01:00,0.309752
2026-01-14T17:00:00+01:00,0.364628
2026-01-14T18:00:00+01:00,0.349809
2026-01-14T19:00:00+01:00,0.322115
2026-01-14T20:00:00+01:00,0.287654
2026-01-14T21:00:00+01:00,0.251608
2026-01-14T22:00:00+01:00,0.242663
2026-01-14T23:00:00+01:00,0.242170
2026-01-15T00:00:00+01:00,0.249360
2026-01-15T01:00:00+01:00,0.243350
2026-01-15T02:00:00+01:00,0.237248
2026-01-15T03:00:00+01:00,0.231026
2026-01-15T04:00:00+01:00,0.228243
2026-01-15T05:00:00+01:00,0.229084
2026-01-15T06:00:00+01:00,0.239547
2026-01-15T07:00:00+01:00,0.247666
2026-01-15T08:00:00+01:00,0.247007
2026-01-15T09:00:00+01:00,0.253353
2026-01-15T10:00:00+01:00,0.249530
2026-01-15T11:00:00+01:00,0.246620
2026-01-15T12:00:00+01:00,0.244714
2026-01-15T13:00:00+01:00,0.248786
2026-01-15T14:00:00+01:00,0.254582
2026-01-15T15:00:00+01:00,0.272919
2026-01-15T16:00:00+01:00,0.288737
2026-01-15T17:00:00+01:00,0.297612
2026-01-15T18:00:00+01:00,0.263983
2026-01-15T19:00:00+01:00,0.250637
2026-01-15T20:00:00+01:00,0.244294
2026-01-15T21:00:00+01:00,0.239792
2026-01-15T22:00:00+01:00,0.237557
2026-01-15T23:00:00+01:00,0.229048
2026-01-16T00:00:00+01:00,0.228806
2026-01-16T01:00:00+01:00,0.221600
2026-01-16T02:00:00+01:00,0.216179
2026-01-16T03:00:00+01:00,0.212198
2026-01-16T04:00:00+01:00,0.216527
2026-01-16T05:00:00+01:00,0.229147
2026-01-16T06:00:00+01:00,0.240624
2026-01-16T07:00:00+01:00,0.250156
2026-01-16T08:00:00+01:00,0.258142
2026-01-16T09:00:00+01:00,0.268115
2026-01-16T10:00:00+01:00,0.256920
2026-01-16T11:00:00+01:00,0.244170
2026-01-16T12:00:00+01:00,0.245404
2026-01-16T13:00:00+01:00,0.245231
2026-01-16T14:00:00+01:00,0.260081
2026-01-16T15:00:00+01:00,0.286529
2026-01-16T16:00:00+01:00,0.321343
2026-01-16T17:00:00+01:00,0.332708
2026-01-16T18:00:00+01:00,0.325793
2026-01-16T19:00:00+01:00,0.316234
2026-01-16T20:00:00+01:00,0.291780
2026-01-16T21:00:00+01:00,0.271924
2026-01-16T22:00:00+01:00,0.271271
2026-01-16T23:00:00+01:00,0.255023
2026-01-17T00:00:00+01:00,0.257298
2026-01-17T01:00:00+01:00,0.253356
2026-01-17T02:00:00+01:00,0.249608
2026-01-17T03:00:00+01:00,0.247010
2026-01-17T04:00:00+01:00,0.245485
2026-01-17T05:00:00+01:00,0.245041
2026-01-17T06:00:00+01:00,0.244893
2026-01-17T07:00:00+01:00,0.247300
2026-01-17T08:00:00+01:00,0.256993
2026-01-17T09:00:00+01:00,0.269174
2026-01-17T10:00:00+01:00,0.264265
2026-01-17T11:00:00+01:00,0.250117
2026-01-17T12:00:00+01:00,0.255305
2026-01-17T13:00:00+01:00,0.255144
2026-01-17T14:00:00+01:00,0.261010
2026-01-17T15:00:00+01:00,0.278963
2026-01-17T16:00:00+01:00,0.293093
2026-01-17T17:00:00+01:00,0.300477
2026-01-17T18:00:00+01:00,0.303695
2026-01-17T19:00:00+01:00,0.298541
2026-01-17T20:00:00+01:00,0.275506
2026-01-17T21:00:00+01:00,0.261076
2026-01-17T22:00:00+01:00,0.262731
2026-01-17T23:00:00+01:00,0.260347
2026-01-18T00:00:00+01:00,0.264815
2026-01-18T01:00:00+01:00,0.262970
2026-01-18T02:00:00+01:00,0.260792
2026-01-18T03:00:00+01:00,0.254923
2026-01-18T04:00:00+01:00,0.254554
2026-01-18T05:00:00+01:00,0.254367
2026-01-18T06:00:00+01:00,0.253117
2026-01-18T07:00:00+01:00,0.252240
2026-01-18T08:00:00+01:00,0.258426
2026-01-18T09:00:00+01:00,0.260813
2026-01-18T10:00:00+01:00,0.254161
2026-01-18T11:00:00+01:00,0.249965
2026-01-18T12:00:00+01:00,0.248045
2026-01-18T13:00:00+01:00,0.248175
2026-01-18T14:00:00+01:00,0.252797
2026-01-18T15:00:00+01:00,0.258100
2026-01-18T16:00:00+01:00,0.269026
2026-01-18T17:00:00+01:00,0.288431
2026-01-18T18:00:00+01:00,0.302083
2026-01-18T19:00:00+01:00,0.280630
2026-01-18T20:00:00+01:00,0.271113
2026-01-18T21:00:00+01:00,0.260305
2026-01-18T22:00:00+01:00,0.259942
2026-01-18T23:00:00+01:00,0.256400
2026-01-19T00:00:00+01:00,0.253242
2026-01-19T01:00:00+01:00,0.252382
2026-01-19T02:00:00+01:00,0.252857
2026-01-19T03:00:00+01:00,0.252379
2026-01-19T04:00:00+01:00,0.252013
2026-01-19T05:00:00+01:00,0.254206
2026-01-19T06:00:00+01:00,0.282856
2026-01-19T07:00:00+01:00,0.325418
2026-01-19T08:00:00+01:00,0.343517
2026-01-19T09:00:00+01:00,0.326794
2026-01-19T10:00:00+01:00,0.295374
2026-01-19T11:00:00+01:00,0.276050
2026-01-19T12:00:00+01:00,0.270980
2026-01-19T13:00:00+01:00,0.282103
2026-01-19T14:00:00+01:00,0.304824
2026-01-19T15:00:00+01:00,0.331910
2026-01-19T16:00:00+01:00,0.359419
2026-01-19T17:00:00+01:00,0.375566
2026-01-19T18:00:00+01:00,0.372088
2026-01-19T19:00:00+01:00,0.350090
2026-01-19T20:00:00+01:00,0.320360
2026-01-19T21:00:00+01:00,0.294288
2026-01-19T22:00:00+01:00,0.283779
2026-01-19T23:00:00+01:00,0.263950
2026-01-20T00:00:00+01:00,0.242600
2026-01-20T01:00:00+01:00,0.242823
2026-01-20T02:00:00+01:00,0.240246
2026-01-20T03:00:00+01:00,0.241202
2026-01-20T04:00:00+01:00,0.244726
2026-01-20T05:00:00+01:00,0.244832
2026-01-20T06:00:00+01:00,0.246807
2026-01-20T07:00:00+01:00,0.317027
2026-01-20T08:00:00+01:00,0.356709
2026-01-20T09:00:00+01:00,0.330070
2026-01-20T10:00:00+01:00,0.276395
2026-01-20T11:00:00+01:00,0.246335
2026-01-20T12:00:00+01:00,0.239266
2026-01-20T13:00:00+01:00,0.241492
2026-01-20T14:00:00+01:00,0.255625
2026-01-20T15:00:00+01:00,0.285573
2026-01-20T16:00:00+01:00,0.336550
2026-01-20T17:00:00+01:00,0.413887
2026-01-20T18:00:00+01:00,0.347443
2026-01-20T19:00:00+01:00,0.293338
2026-01-20T20:00:00+01:00,0.282100
2026-01-20T21:00:00+01:00,0.268669
2026-01-20T22:00:00+01:00,0.261309
2026-01-20T23:00:00+01:00,0.250310
2026-01-21T00:00:00+01:00,0.250903
2026-01-21T01:00:00+01:00,0.249385
2026-01-21T02:00:00+01:00,0.245044
2026-01-21T03:00:00+01:00,0.245740
2026-01-21T04:00:00+01:00,0.241544
2026-01-21T05:00:00+01:00,0.242917
2026-01-21T06:00:00+01:00,0.255114
2026-01-21T07:00:00+01:00,0.261503
2026-01-21T08:00:00+01:00,0.306303
2026-01-21T09:00:00+01:00,0.288344
2026-01-21T10:00:00+01:00,0.265466
2026-01-21T11:00:00+01:00,0.248341
2026-01-21T12:00:00+01:00,0.244294
2026-01-21T13:00:00+01:00,0.248048
2026-01-21T14:00:00+01:00,0.255589
2026-01-21T15:00:00+01:00,0.279756
2026-01-21T16:00:00+01:00,0.288755
2026-01-21T17:00:00+01:00,0.286976
2026-01-21T18:00:00+01:00,0.276171
2026-01-21T19:00:00+01:00,0.260247
2026-01-21T20:00:00+01:00,0.255922
2026-01-21T21:00:00+01:00,0.249772
2026-01-21T22:00:00+01:00,0.254754
2026-01-21T23:00:00+01:00,0.247167
2026-01-22T00:00:00+01:00,0.234638
2026-01-22T01:00:00+01:00,0.237372
2026-01-22T02:00:00+01:00,0.238183
2026-01-22T03:00:00+01:00,0.232602
2026-01-22T04:00:00+01:00,0.233243
2026-01-22T05:00:00+01:00,0.235070
2026-01-22T06:00:00+01:00,0.247793
2026-01-22T07:00:00+01:00,0.260229
2026-01-22T08:00:00+01:00,0.290975
2026-01-22T09:00:00+01:00,0.268723
2026-01-22T10:00:00+01:00,0.251935
2026-01-22T11:00:00+01:00,0.239336
2026-01-22T12:00:00+01:00,0.236770
2026-01-22T13:00:00+01:00,0.240031
2026-01-22T14:00:00+01:00,0.247651
2026-01-22T15:00:00+01:00,0.257846
2026-01-22T16:00:00+01:00,0.281428
2026-01-22T17:00:00+01:00,0.290319
2026-01-22T18:00:00+01:00,0.285488
2026-01-22T19:00:00+01:00,0.277299
2026-01-22T20:00:00+01:00,0.263484
2026-01-22T21:00:00+01:00,0.260214
2026-01-22T22:00:00+01:00,0.255531
2026-01-22T23:00:00+01:00,0.248565
2026-01-23T00:00:00+01:00,0.248656
2026-01-23T01:00:00+01:00,0.248722
2026-01-23T02:00:00+01:00,0.245640
2026-01-23T03:00:00+01:00,0.243150
2026-01-23T04:00:00+01:00,0.243380
2026-01-23T05:00:00+01:00,0.246689
2026-01-23T06:00:00+01:00,0.260441
2026-01-23T07:00:00+01:00,0.284629
2026-01-23T08:00:00+01:00,0.308650
2026-01-23T09:00:00+01:00,0.301094
2026-01-23T10:00:00+01:00,0.271204
2026-01-23T11:00:00+01:00,0.254978
2026-01-23T12:00:00+01:00,0.250921
2026-01-23T13:00:00+01:00,0.248169
2026-01-23T14:00:00+01:00,0.247996
2026-01-23T15:00:00+01:00,0.260559
2026-01-23T16:00:00+01:00,0.277088
2026-01-23T17:00:00+01:00,0.292237
2026-01-23T18:00:00+01:00,0.284541
2026-01-23T19:00:00+01:00,0.271449
2026-01-23T20:00:00+01:00,0.260550
2026-01-23T21:00:00+01:00,0.257374
2026-01-23T22:00:00+01:00,0.257709
2026-01-23T23:00:00+01:00,0.248308
2026-01-24T00:00:00+01:00,0.251699
2026-01-24T01:00:00+01:00,0.250664
2026-01-24T02:00:00+01:00,0.248780
2026-01-24T03:00:00+01:00,0.248946
2026-01-24T04:00:00+01:00,0.248320
2026-01-24T05:00:00+01:00,0.249832
2026-01-24T06:00:00+01:00,0.251221
2026-01-24T07:00:00+01:00,0.256499
2026-01-24T08:00:00+01:00,0.265466
2026-01-24T09:00:00+01:00,0.279465
2026-01-24T10:00:00+01:00,0.275696
2026-01-24T11:00:00+01:00,0.265003
2026-01-24T12:00:00+01:00,0.260202
2026-01-24T13:00:00+01:00,0.254288
2026-01-24T14:00:00+01:00,0.256893
2026-01-24T15:00:00+01:00,0.271821
2026-01-24T16:00:00+01:00,0.285564
2026-01-24T17:00:00+01:00,0.302507
2026-01-24T18:00:00+01:00,0.299923
2026-01-24T19:00:00+01:00,0.290494
2026-01-24T20:00:00+01:00,0.274226
2026-01-24T21:00:00+01:00,0.264377
2026-01-24T22:00:00+01:00,0.264132
2026-01-24T23:00:00+01:00,0.256660
2026-01-25T00:00:00+01:00,0.252612
2026-01-25T01:00:00+01:00,0.253411
2026-01-25T02:00:00+01:00,0.251563
2026-01-25T03:00:00+01:00,0.250126
2026-01-25T04:00:00+01:00,0.249503
2026-01-25T05:00:00+01:00,0.247536
2026-01-25T06:00:00+01:00,0.248504
2026-01-25T07:00:00+01:00,0.252733
2026-01-25T08:00:00+01:00,0.256206
2026-01-25T09:00:00+01:00,0.259881
2026-01-25T10:00:00+01:00,0.265348
2026-01-25T11:00:00+01:00,0.268575
2026-01-25T12:00:00+01:00,0.273067
2026-01-25T13:00:00+01:00,0.267444
2026-01-25T14:00:00+01:00,0.265635
2026-01-25T15:00:00+01:00,0.266071
2026-01-25T16:00:00+01:00,0.272299
2026-01-25T17:00:00+01:00,0.288286
2026-01-25T18:00:00+01:00,0.296817
2026-01-25T19:00:00+01:00,0.291266
2026-01-25T20:00:00+01:00,0.280733
2026-01-25T21:00:00+01:00,0.268817
2026-01-25T22:00:00+01:00,0.266300
2026-01-25T23:00:00+01:00,0.257283
2026-01-26T00:00:00+01:00,0.256599
2026-01-26T01:00:00+01:00,0.254875
2026-01-26T02:00:00+01:00,0.251251
2026-01-26T03:00:00+01:00,0.249252
2026-01-26T04:00:00+01:00,0.246819
2026-01-26T05:00:00+01:00,0.248320
2026-01-26T06:00:00+01:00,0.268835
2026-01-26T07:00:00+01:00,0.299848
2026-01-26T08:00:00+01:00,0.341333
2026-01-26T09:00:00+01:00,0.343005
2026-01-26T10:00:00+01:00,0.340395
2026-01-26T11:00:00+01:00,0.325004
2026-01-26T12:00:00+01:00,0.312628
2026-01-26T13:00:00+01:00,0.302585
2026-01-26T14:00:00+01:00,0.301136
2026-01-26T15:00:00+01:00,0.316646
2026-01-26T16:00:00+01:00,0.327714
2026-01-26T17:00:00+01:00,0.347074
2026-01-26T18:00:00+01:00,0.344373
2026-01-26T19:00:00+01:00,0.331997
2026-01-26T20:00:00+01:00,0.312722
2026-01-26T21:00:00+01:00,0.292815
2026-01-26T22:00:00+01:00,0.275639
2026-01-26T23:00:00+01:00,0.264446
2026-01-27T00:00:00+01:00,0.270136
2026-01-27T01:00:00+01:00,0.263372
2026-01-27T02:00:00+01:00,0.257779
2026-01-27T03:00:00+01:00,0.250640
2026-01-27T04:00:00+01:00,0.247902
2026-01-27T05:00:00+01:00,0.249999
2026-01-27T06:00:00+01:00,0.255553
2026-01-27T07:00:00+01:00,0.271434
2026-01-27T08:00:00+01:00,0.302652
2026-01-27T09:00:00+01:00,0.305320
2026-01-27T10:00:00+01:00,0.302065
2026-01-27T11:00:00+01:00,0.285149
2026-01-27T12:00:00+01:00,0.272901
2026-01-27T13:00:00+01:00,0.260320
2026-01-27T14:00:00+01:00,0.255477
2026-01-27T15:00:00+01:00,0.257359
2026-01-27T16:00:00+01:00,0.262135
2026-01-27T17:00:00+01:00,0.281616
2026-01-27T18:00:00+01:00,0.301206
2026-01-27T19:00:00+01:00,0.296856
2026-01-27T20:00:00+01:00,0.277971
2026-01-27T21:00:00+01:00,0.274417
2026-01-27T22:00:00+01:00,0.275312
2026-01-27T23:00:00+01:00,0.265175
2026-01-28T00:00:00+01:00,0.257743
2026-01-28T01:00:00+01:00,0.256914
2026-01-28T02:00:00+01:00,0.256787
2026-01-28T03:00:00+01:00,0.252981
2026-01-28T04:00:00+01:00,0.255386
2026-01-28T05:00:00+01:00,0.259219
2026-01-28T06:00:00+01:00,0.269800
2026-01-28T07:00:00+01:00,0.301363
2026-01-28T08:00:00+01:00,0.337763
2026-01-28T09:00:00+01:00,0.341157
2026-01-28T10:00:00+01:00,0.338238
2026-01-28T11:00:00+01:00,0.327387
2026-01-28T12:00:00+01:00,0.317456
2026-01-28T13:00:00+01:00,0.305504
2026-01-28T14:00:00+01:00,0.302186
2026-01-28T15:00:00+01:00,0.301094
2026-01-28T16:00:00+01:00,0.308874
2026-01-28T17:00:00+01:00,0.329018
2026-01-28T18:00:00+01:00,0.337064
2026-01-28T19:00:00+01:00,0.325932
2026-01-28T20:00:00+01:00,0.292899
2026-01-28T21:00:00+01:00,0.273672
2026-01-28T22:00:00+01:00,0.271491
2026-01-28T23:00:00+01:00,0.264939
2026-01-29T00:00:00+01:00,0.249996
2026-01-29T01:00:00+01:00,0.255904
2026-01-29T02:00:00+01:00,0.251947
2026-01-29T03:00:00+01:00,0.251103
2026-01-29T04:00:00+01:00,0.251793
2026-01-29T05:00:00+01:00,0.256757
2026-01-29T06:00:00+01:00,0.259760
2026-01-29T07:00:00+01:00,0.290561
2026-01-29T08:00:00+01:00,0.320923
2026-01-29T09:00:00+01:00,0.322689
2026-01-29T10:00:00+01:00,0.310157
2026-01-29T11:00:00+01:00,0.300186
2026-01-29T12:00:00+01:00,0.288755
2026-01-29T13:00:00+01:00,0.287766
2026-01-29T14:00:00+01:00,0.290643
2026-01-29T15:00:00+01:00,0.300193
2026-01-29T16:00:00+01:00,0.308245
2026-01-29T17:00:00+01:00,0.319062
2026-01-29T18:00:00+01:00,0.317768
2026-01-29T19:00:00+01:00,0.305641
2026-01-29T20:00:00+01:00,0.277959
2026-01-29T21:00:00+01:00,0.265523
2026-01-29T22:00:00+01:00,0.262779
2026-01-29T23:00:00+01:00,0.254942
2026-01-30T00:00:00+01:00,0.265239
2026-01-30T01:00:00+01:00,0.255858
2026-01-30T02:00:00+01:00,0.252458
2026-01-30T03:00:00+01:00,0.247863
2026-01-30T04:00:00+01:00,0.247167
2026-01-30T05:00:00+01:00,0.246341
2026-01-30T06:00:00+01:00,0.261119
2026-01-30T07:00:00+01:00,0.276053
2026-01-30T08:00:00+01:00,0.300398
2026-01-30T09:00:00+01:00,0.298015
2026-01-30T10:00:00+01:00,0.276053
2026-01-30T11:00:00+01:00,0.273149
2026-01-30T12:00:00+01:00,0.267423
2026-01-30T13:00:00+01:00,0.258057
2026-01-30T14:00:00+01:00,0.256064
2026-01-30T15:00:00+01:00,0.263947
2026-01-30T16:00:00+01:00,0.269924
2026-01-30T17:00:00+01:00,0.281870
2026-01-30T18:00:00+01:00,0.277838
2026-01-30T19:00:00+01:00,0.267686
2026-01-30T20:00:00+01:00,0.263436
2026-01-30T21:00:00+01:00,0.256530
2026-01-30T22:00:00+01:00,0.255480
2026-01-30T23:00:00+01:00,0.243462
2026-01-31T00:00:00+01:00,0.248535
2026-01-31T01:00:00+01:00,0.249584
2026-01-31T02:00:00+01:00,0.245894
2026-01-31T03:00:00+01:00,0.245676
2026-01-31T04:00:00+01:00,0.244862
2026-01-31T05:00:00+01:00,0.246768
2026-01-31T06:00:00+01:00,0.247890
2026-01-31T07:00:00+01:00,0.253021
2026-01-31T08:00:00+01:00,0.259125
2026-01-31T09:00:00+01:00,0.275155
2026-01-31T10:00:00+01:00,0.273630
2026-01-31T11:00:00+01:00,0.272033
2026-01-31T12:00:00+01:00,0.269283
2026-01-31T13:00:00+01:00,0.263847
2026-01-31T14:00:00+01:00,0.267420
2026-01-31T15:00:00+01:00,0.272193
2026-01-31T16:00:00+01:00,0.279102
2026-01-31T17:00:00+01:00,0.303829
2026-01-31T18:00:00+01:00,0.309567
2026-01-31T19:00:00+01:00,0.300686
2026-01-31T20:00:00+01:00,0.282899
2026-01-31T21:00:00+01:00,0.274840
2026-01-31T22:00:00+01:00,0.274002
2026-01-31T23:00:00+01:00,0.265278
2026-02-01T00:00:00+01:00,0.270959
2026-02-01T01:00:00+01:00,0.272390
2026-02-01T02:00:00+01:00,0.255465
2026-02-01T03:00:00+01:00,0.248338
2026-02-01T04:00:00+01:00,0.249808
2026-02-01T05:00:00+01:00,0.249699
2026-02-01T06:00:00+01:00,0.247506
2026-02-01T07:00:00+01:00,0.253057
2026-02-01T08:00:00+01:00,0.260619
2026-02-01T09:00:00+01:00,0.266403
2026-02-01T10:00:00+01:00,0.267150
2026-02-01T11:00:00+01:00,0.263720
2026-02-01T12:00:00+01:00,0.261418
2026-02-01T13:00:00+01:00,0.253003
2026-02-01T14:00:00+01:00,0.256738
2026-02-01T15:00:00+01:00,0.265481
2026-02-01T16:00:00+01:00,0.271736
2026-02-01T17:00:00+01:00,0.292754
2026-02-01T18:00:00+01:00,0.303771
2026-02-01T19:00:00+01:00,0.303339
2026-02-01T20:00:00+01:00,0.291837
2026-02-01T21:00:00+01:00,0.268596
2026-02-01T22:00:00+01:00,0.268563
2026-02-01T23:00:00+01:00,0.263584
2026-02-02T00:00:00+01:00,0.254669
2026-02-02T01:00:00+01:00,0.251230
2026-02-02T02:00:00+01:00,0.247322
2026-02-02T03:00:00+01:00,0.240791
2026-02-02T04:00:00+01:00,0.242209
2026-02-02T05:00:00+01:00,0.245464
2026-02-02T06:00:00+01:00,0.259812
2026-02-02T07:00:00+01:00,0.273228
2026-02-02T08:00:00+01:00,0.296578
2026-02-02T09:00:00+01:00,0.300477
2026-02-02T10:00:00+01:00,0.282472
2026-02-02T11:00:00+01:00,0.272496
2026-02-02T12:00:00+01:00,0.269331
2026-02-02T13:00:00+01:00,0.265384
2026-02-02T14:00:00+01:00,0.259479
2026-02-02T15:00:00+01:00,0.261978
2026-02-02T16:00:00+01:00,0.265269
2026-02-02T17:00:00+01:00,0.274429
2026-02-02T18:00:00+01:00,0.275953
2026-02-02T19:00:00+01:00,0.256587
2026-02-02T20:00:00+01:00,0.255916
2026-02-02T21:00:00+01:00,0.254382
2026-02-02T22:00:00+01:00,0.251941
2026-02-02T23:00:00+01:00,0.241108
2026-02-03T00:00:00+01:00,0.239148
2026-02-03T01:00:00+01:00,0.235914
2026-02-03T02:00:00+01:00,0.229299
2026-02-03T03:00:00+01:00,0.221149
2026-02-03T04:00:00+01:00,0.217967
2026-02-03T05:00:00+01:00,0.226210
2026-02-03T06:00:00+01:00,0.239448
2026-02-03T07:00:00+01:00,0.251169
2026-02-03T08:00:00+01:00,0.260589
2026-02-03T09:00:00+01:00,0.261929
2026-02-03T10:00:00+01:00,0.251726
2026-02-03T11:00:00+01:00,0.237705
2026-02-03T12:00:00+01:00,0.235385
2026-02-03T13:00:00+01:00,0.237859
2026-02-03T14:00:00+01:00,0.243138
2026-02-03T15:00:00+01:00,0.252162
2026-02-03T16:00:00+01:00,0.259186
2026-02-03T17:00:00+01:00,0.279550
2026-02-03T18:00:00+01:00,0.283077
2026-02-03T19:00:00+01:00,0.279961
2026-02-03T20:00:00+01:00,0.266491
2026-02-03T21:00:00+01:00,0.256046
2026-02-03T22:00:00+01:00,0.253338
2026-02-03T23:00:00+01:00,0.245679
2026-02-04T00:00:00+01:00,0.243979
2026-02-04T01:00:00+01:00,0.241677
2026-02-04T02:00:00+01:00,0.241989
2026-02-04T03:00:00+01:00,0.241868
2026-02-04T04:00:00+01:00,0.241105
2026-02-04T05:00:00+01:00,0.245035
2026-02-04T06:00:00+01:00,0.255202
2026-02-04T07:00:00+01:00,0.276537
2026-02-04T08:00:00+01:00,0.289817
2026-02-04T09:00:00+01:00,0.279145
2026-02-04T10:00:00+01:00,0.263306
2026-02-04T11:00:00+01:00,0.250818
2026-02-04T12:00:00+01:00,0.242603
2026-02-04T13:00:00+01:00,0.239747
2026-02-04T14:00:00+01:00,0.244415
2026-02-04T15:00:00+01:00,0.251732
2026-02-04T16:00:00+01:00,0.266733
2026-02-04T17:00:00+01:00,0.278025
2026-02-04T18:00:00+01:00,0.270000
2026-02-04T19:00:00+01:00,0.255205
2026-02-04T20:00:00+01:00,0.238570
2026-02-04T21:00:00+01:00,0.243776
2026-02-04T22:00:00+01:00,0.243335
2026-02-04T23:00:00+01:00,0.233782
2026-02-05T00:00:00+01:00,0.235382
2026-02-05T01:00:00+01:00,0.233531
2026-02-05T02:00:00+01:00,0.231050
2026-02-05T03:00:00+01:00,0.226343
2026-02-05T04:00:00+01:00,0.227211
2026-02-05T05:00:00+01:00,0.234223
2026-02-05T06:00:00+01:00,0.246272
2026-02-05T07:00:00+01:00,0.251838
2026-02-05T08:00:00+01:00,0.269389
2026-02-05T09:00:00+01:00,0.264443
2026-02-05T10:00:00+01:00,0.260604
2026-02-05T11:00:00+01:00,0.242122
2026-02-05T12:00:00+01:00,0.251324
2026-02-05T13:00:00+01:00,0.255017
2026-02-05T14:00:00+01:00,0.255178
2026-02-05T15:00:00+01:00,0.264906
2026-02-05T16:00:00+01:00,0.274649
2026-02-05T17:00:00+01:00,0.292736
2026-02-05T18:00:00+01:00,0.290921
2026-02-05T19:00:00+01:00,0.286380
2026-02-05T20:00:00+01:00,0.270239
2026-02-05T21:00:00+01:00,0.255553
2026-02-05T22:00:00+01:00,0.254999
2026-02-05T23:00:00+01:00,0.246877
2026-02-06T00:00:00+01:00,0.247672
2026-02-06T01:00:00+01:00,0.246093
2026-02-06T02:00:00+01:00,0.241713
2026-02-06T03:00:00+01:00,0.238467
2026-02-06T04:00:00+01:00,0.237711
2026-02-06T05:00:00+01:00,0.245818
2026-02-06T06:00:00+01:00,0.257216
2026-02-06T07:00:00+01:00,0.290165
2026-02-06T08:00:00+01:00,0.301049
2026-02-06T09:00:00+01:00,0.298910
2026-02-06T10:00:00+01:00,0.294409
2026-02-06T11:00:00+01:00,0.287648
2026-02-06T12:00:00+01:00,0.279798
2026-02-06T13:00:00+01:00,0.279523
2026-02-06T14:00:00+01:00,0.279172
2026-02-06T15:00:00+01:00,0.285055
2026-02-06T16:00:00+01:00,0.282929
2026-02-06T17:00:00+01:00,0.291266
2026-02-06T18:00:00+01:00,0.288970
2026-02-06T19:00:00+01:00,0.282823
2026-02-06T20:00:00+01:00,0.264071
2026-02-06T21:00:00+01:00,0.258030
2026-02-06T22:00:00+01:00,0.255879
2026-02-06T23:00:00+01:00,0.252349
2026-02-07T00:00:00+01:00,0.250174
2026-02-07T01:00:00+01:00,0.247669
2026-02-07T02:00:00+01:00,0.243362
2026-02-07T03:00:00+01:00,0.239768
2026-02-07T04:00:00+01:00,0.237696
2026-02-07T05:00:00+01:00,0.239330
2026-02-07T06:00:00+01:00,0.241774
2026-02-07T07:00:00+01:00,0.253160
2026-02-07T08:00:00+01:00,0.262534
2026-02-07T09:00:00+01:00,0.265880
2026-02-07T10:00:00+01:00,0.254191
2026-02-07T11:00:00+01:00,0.247170
2026-02-07T12:00:00+01:00,0.241922
2026-02-07T13:00:00+01:00,0.238694
2026-02-07T14:00:00+01:00,0.238210
2026-02-07T15:00:00+01:00,0.245800
2026-02-07T16:00:00+01:00,0.263454
2026-02-07T17:00:00+01:00,0.284221
2026-02-07T18:00:00+01:00,0.289738
2026-02-07T19:00:00+01:00,0.280696
2026-02-07T20:00:00+01:00,0.263191
2026-02-07T21:00:00+01:00,0.253850
2026-02-07T22:00:00+01:00,0.255837
2026-02-07T23:00:00+01:00,0.249427
2026-02-08T00:00:00+01:00,0.252119
2026-02-08T01:00:00+01:00,0.248450
2026-02-08T02:00:00+01:00,0.245074
2026-02-08T03:00:00+01:00,0.242315
2026-02-08T04:00:00+01:00,0.240307
2026-02-08T05:00:00+01:00,0.241423
2026-02-08T06:00:00+01:00,0.239572
2026-02-08T07:00:00+01:00,0.243779
2026-02-08T08:00:00+01:00,0.249814
2026-02-08T09:00:00+01:00,0.249823
2026-02-08T10:00:00+01:00,0.247881
2026-02-08T11:00:00+01:00,0.243940
2026-02-08T12:00:00+01:00,0.241166
2026-02-08T13:00:00+01:00,0.239696
2026-02-08T14:00:00+01:00,0.240863
2026-02-08T15:00:00+01:00,0.250014
2026-02-08T16:00:00+01:00,0.257646
2026-02-08T17:00:00+01:00,0.278080
2026-02-08T18:00:00+01:00,0.287917
2026-02-08T19:00:00+01:00,0.284399
2026-02-08T20:00:00+01:00,0.266700
2026-02-08T21:00:00+01:00,0.258339
2026-02-08T22:00:00+01:00,0.256457
2026-02-08T23:00:00+01:00,0.251239
2026-02-09T00:00:00+01:00,0.245485
2026-02-09T01:00:00+01:00,0.243558
2026-02-09T02:00:00+01:00,0.242167
2026-02-09T03:00:00+01:00,0.240049
2026-02-09T04:00:00+01:00,0.240458
2026-02-09T05:00:00+01:00,0.251735
2026-02-09T06:00:00+01:00,0.284145
2026-02-09T07:00:00+01:00,0.314162
2026-02-09T08:00:00+01:00,0.343822
2026-02-09T09:00:00+01:00,0.328573
2026-02-09T10:00:00+01:00,0.311207
2026-02-09T11:00:00+01:00,0.296671
2026-02-09T12:00:00+01:00,0.288679
2026-02-09T13:00:00+01:00,0.283077
2026-02-09T14:00:00+01:00,0.286450
2026-02-09T15:00:00+01:00,0.298196
2026-02-09T16:00:00+01:00,0.318548
2026-02-09T17:00:00+01:00,0.376416
2026-02-09T18:00:00+01:00,0.340725
2026-02-09T19:00:00+01:00,0.323412
2026-02-09T20:00:00+01:00,0.296720
2026-02-09T21:00:00+01:00,0.283156
2026-02-09T22:00:00+01:00,0.270732
2026-02-09T23:00:00+01:00,0.253853
2026-02-10T00:00:00+01:00,0.246208
2026-02-10T01:00:00+01:00,0.245292
2026-02-10T02:00:00+01:00,0.241211
2026-02-10T03:00:00+01:00,0.232490
2026-02-10T04:00:00+01:00,0.231047
2026-02-10T05:00:00+01:00,0.233700
2026-02-10T06:00:00+01:00,0.264322
2026-02-10T07:00:00+01:00,0.285403
2026-02-10T08:00:00+01:00,0.297972
2026-02-10T09:00:00+01:00,0.286680
2026-02-10T10:00:00+01:00,0.280246
2026-02-10T11:00:00+01:00,0.269135
2026-02-10T12:00:00+01:00,0.257210
2026-02-10T13:00:00+01:00,0.255178
2026-02-10T14:00:00+01:00,0.262882
2026-02-10T15:00:00+01:00,0.275614
2026-02-10T16:00:00+01:00,0.274141
2026-02-10T17:00:00+01:00,0.284175
2026-02-10T18:00:00+01:00,0.283737
2026-02-10T19:00:00+01:00,0.271249
2026-02-10T20:00:00+01:00,0.256448
2026-02-10T21:00:00+01:00,0.247648
2026-02-10T22:00:00+01:00,0.247757
2026-02-10T23:00:00+01:00,0.240095
2026-02-11T00:00:00+01:00,0.236326
2026-02-11T01:00:00+01:00,0.236426
2026-02-11T02:00:00+01:00,0.233842
2026-02-11T03:00:00+01:00,0.231129
2026-02-11T04:00:00+01:00,0.231289
2026-02-11T05:00:00+01:00,0.236495
2026-02-11T06:00:00+01:00,0.249678
2026-02-11T07:00:00+01:00,0.268672
2026-02-11T08:00:00+01:00,0.278047
2026-02-11T09:00:00+01:00,0.276368
2026-02-11T10:00:00+01:00,0.267740
2026-02-11T11:00:00+01:00,0.263357
2026-02-11T12:00:00+01:00,0.252797
2026-02-11T13:00:00+01:00,0.254052
2026-02-11T14:00:00+01:00,0.254004
2026-02-11T15:00:00+01:00,0.256490
2026-02-11T16:00:00+01:00,0.262888
2026-02-11T17:00:00+01:00,0.268769
2026-02-11T18:00:00+01:00,0.270390
2026-02-11T19:00:00+01:00,0.257634
2026-02-11T20:00:00+01:00,0.247155
2026-02-11T21:00:00+01:00,0.243516
2026-02-11T22:00:00+01:00,0.240736
2026-02-11T23:00:00+01:00,0.244566
2026-02-12T00:00:00+01:00,0.237415
2026-02-12T01:00:00+01:00,0.236801
2026-02-12T02:00:00+01:00,0.235288
2026-02-12T03:00:00+01:00,0.233482
2026-02-12T04:00:00+01:00,0.234825
2026-02-12T05:00:00+01:00,0.239009
2026-02-12T06:00:00+01:00,0.244781
2026-02-12T07:00:00+01:00,0.259512
2026-02-12T08:00:00+01:00,0.268330
2026-02-12T09:00:00+01:00,0.266872
2026-02-12T10:00:00+01:00,0.262743
2026-02-12T11:00:00+01:00,0.253798
2026-02-12T12:00:00+01:00,0.246063
2026-02-12T13:00:00+01:00,0.243038
2026-02-12T14:00:00+01:00,0.244605
2026-02-12T15:00:00+01:00,0.245867
2026-02-12T16:00:00+01:00,0.252679
2026-02-12T17:00:00+01:00,0.266055
2026-02-12T18:00:00+01:00,0.270783
2026-02-12T19:00:00+01:00,0.267991
2026-02-12T20:00:00+01:00,0.252068
2026-02-12T21:00:00+01:00,0.245370
2026-02-12T22:00:00+01:00,0.244968
2026-02-12T23:00:00+01:00,0.233700
2026-02-13T00:00:00+01:00,0.236559
2026-02-13T01:00:00+01:00,0.232257
2026-02-13T02:00:00+01:00,0.233733
2026-02-13T03:00:00+01:00,0.232200
2026-02-13T04:00:00+01:00,0.231903
2026-02-13T05:00:00+01:00,0.236513
2026-02-13T06:00:00+01:00,0.241940
2026-02-13T07:00:00+01:00,0.266158
2026-02-13T08:00:00+01:00,0.275862
2026-02-13T09:00:00+01:00,0.271872
2026-02-13T10:00:00+01:00,0.256442
2026-02-13T11:00:00+01:00,0.249784
2026-02-13T12:00:00+01:00,0.245888
2026-02-13T13:00:00+01:00,0.244496
2026-02-13T14:00:00+01:00,0.250498
2026-02-13T15:00:00+01:00,0.260970
2026-02-13T16:00:00+01:00,0.273488
2026-02-13T17:00:00+01:00,0.280860
2026-02-13T18:00:00+01:00,0.292110
2026-02-13T19:00:00+01:00,0.288486
2026-02-13T20:00:00+01:00,0.272898
2026-02-13T21:00:00+01:00,0.250631
2026-02-13T22:00:00+01:00,0.247866
2026-02-13T23:00:00+01:00,0.243462
2026-02-14T00:00:00+01:00,0.239012
2026-02-14T01:00:00+01:00,0.231595
2026-02-14T02:00:00+01:00,0.227650
2026-02-14T03:00:00+01:00,0.226924
2026-02-14T04:00:00+01:00,0.224794
2026-02-14T05:00:00+01:00,0.226174
2026-02-14T06:00:00+01:00,0.228061
2026-02-14T07:00:00+01:00,0.229961
2026-02-14T08:00:00+01:00,0.239798
2026-02-14T09:00:00+01:00,0.247385
2026-02-14T10:00:00+01:00,0.243574
2026-02-14T11:00:00+01:00,0.237729
2026-02-14T12:00:00+01:00,0.234003
2026-02-14T13:00:00+01:00,0.232744
2026-02-14T14:00:00+01:00,0.236471
2026-02-14T15:00:00+01:00,0.243658
2026-02-14T16:00:00+01:00,0.254887
2026-02-14T17:00:00+01:00,0.267507
2026-02-14T18:00:00+01:00,0.284665
2026-02-14T19:00:00+01:00,0.285996
2026-02-14T20:00:00+01:00,0.276389
2026-02-14T21:00:00+01:00,0.266648
2026-02-14T22:00:00+01:00,0.261639
2026-02-14T23:00:00+01:00,0.250773
2026-02-15T00:00:00+01:00,0.249176
2026-02-15T01:00:00+01:00,0.245558
2026-02-15T02:00:00+01:00,0.241553
2026-02-15T03:00:00+01:00,0.236120
2026-02-15T04:00:00+01:00,0.235697
2026-02-15T05:00:00+01:00,0.234801
2026-02-15T06:00:00+01:00,0.233301
2026-02-15T07:00:00+01:00,0.234692
2026-02-15T08:00:00+01:00,0.236640
2026-02-15T09:00:00+01:00,0.231099
2026-02-15T10:00:00+01:00,0.224226
2026-02-15T11:00:00+01:00,0.211714
2026-02-15T12:00:00+01:00,0.207818
2026-02-15T13:00:00+01:00,0.202930
2026-02-15T14:00:00+01:00,0.209343
2026-02-15T15:00:00+01:00,0.217910
2026-02-15T16:00:00+01:00,0.232744
2026-02-15T17:00:00+01:00,0.249793
2026-02-15T18:00:00+01:00,0.254597
2026-02-15T19:00:00+01:00,0.252032
2026-02-15T20:00:00+01:00,0.249249
2026-02-15T21:00:00+01:00,0.249817
2026-02-15T22:00:00+01:00,0.239629
2026-02-15T23:00:00+01:00,0.230276
2026-02-16T00:00:00+01:00,0.249309
2026-02-16T01:00:00+01:00,0.241045
2026-02-16T02:00:00+01:00,0.240779
2026-02-16T03:00:00+01:00,0.227650
2026-02-16T04:00:00+01:00,0.221709
2026-02-16T05:00:00+01:00,0.217135
2026-02-16T06:00:00+01:00,0.227239
2026-02-16T07:00:00+01:00,0.235636
2026-02-16T08:00:00+01:00,0.256509
2026-02-16T09:00:00+01:00,0.262498
2026-02-16T10:00:00+01:00,0.256557
2026-02-16T11:00:00+01:00,0.245510
2026-02-16T12:00:00+01:00,0.232006
2026-02-16T13:00:00+01:00,0.230784
2026-02-16T14:00:00+01:00,0.232526
2026-02-16T15:00:00+01:00,0.241311
2026-02-16T16:00:00+01:00,0.253484
2026-02-16T17:00:00+01:00,0.268681
2026-02-16T18:00:00+01:00,0.270774
2026-02-16T19:00:00+01:00,0.272965
2026-02-16T20:00:00+01:00,0.256242
2026-02-16T21:00:00+01:00,0.241674
2026-02-16T22:00:00+01:00,0.239484
2026-02-16T23:00:00+01:00,0.230106
2026-02-17T00:00:00+01:00,0.224558
2026-02-17T01:00:00+01:00,0.221022
2026-02-17T02:00:00+01:00,0.220756
2026-02-17T03:00:00+01:00,0.220844
2026-02-17T04:00:00+01:00,0.219616
2026-02-17T05:00:00+01:00,0.225067
2026-02-17T06:00:00+01:00,0.243189
2026-02-17T07:00:00+01:00,0.261067
2026-02-17T08:00:00+01:00,0.263167
2026-02-17T09:00:00+01:00,0.255099
2026-02-17T10:00:00+01:00,0.240863
2026-02-17T11:00:00+01:00,0.230832
2026-02-17T12:00:00+01:00,0.223947
2026-02-17T13:00:00+01:00,0.221116
2026-02-17T14:00:00+01:00,0.223309
2026-02-17T15:00:00+01:00,0.230218
2026-02-17T16:00:00+01:00,0.239750
2026-02-17T17:00:00+01:00,0.260898
2026-02-17T18:00:00+01:00,0.284544
2026-02-17T19:00:00+01:00,0.281689
2026-02-17T20:00:00+01:00,0.265753
2026-02-17T21:00:00+01:00,0.251793
2026-02-17T22:00:00+01:00,0.242348
2026-02-17T23:00:00+01:00,0.236359
2026-02-18T00:00:00+01:00,0.239224
2026-02-18T01:00:00+01:00,0.235261
2026-02-18T02:00:00+01:00,0.235394
2026-02-18T03:00:00+01:00,0.232423
2026-02-18T04:00:00+01:00,0.233927
2026-02-18T05:00:00+01:00,0.241320
2026-02-18T06:00:00+01:00,0.265181
2026-02-18T07:00:00+01:00,0.327257
2026-02-18T08:00:00+01:00,0.337569
2026-02-18T09:00:00+01:00,0.281265
2026-02-18T10:00:00+01:00,0.257849
2026-02-18T11:00:00+01:00,0.239629
2026-02-18T12:00:00+01:00,0.232269
2026-02-18T13:00:00+01:00,0.224105
2026-02-18T14:00:00+01:00,0.225230
2026-02-18T15:00:00+01:00,0.233174
2026-02-18T16:00:00+01:00,0.233618
2026-02-18T17:00:00+01:00,0.235403
2026-02-18T18:00:00+01:00,0.243005
2026-02-18T19:00:00+01:00,0.263275
2026-02-18T20:00:00+01:00,0.237448
2026-02-18T21:00:00+01:00,0.237103
2026-02-18T22:00:00+01:00,0.234429
2026-02-18T23:00:00+01:00,0.228028
2026-02-19T00:00:00+01:00,0.220266
2026-02-19T01:00:00+01:00,0.218173
2026-02-19T02:00:00+01:00,0.216745
2026-02-19T03:00:00+01:00,0.215828
2026-02-19T04:00:00+01:00,0.212921
2026-02-19T05:00:00+01:00,0.221567
2026-02-19T06:00:00+01:00,0.227006
2026-02-19T07:00:00+01:00,0.231105
2026-02-19T08:00:00+01:00,0.241166
2026-02-19T09:00:00+01:00,0.244651
2026-02-19T10:00:00+01:00,0.231280
2026-02-19T11:00:00+01:00,0.238552
2026-02-19T12:00:00+01:00,0.228506
2026-02-19T13:00:00+01:00,0.227650
2026-02-19T14:00:00+01:00,0.224743
2026-02-19T15:00:00+01:00,0.234226
2026-02-19T16:00:00+01:00,0.238791
2026-02-19T17:00:00+01:00,0.250446
2026-02-19T18:00:00+01:00,0.263711
2026-02-19T19:00:00+01:00,0.259110
2026-02-19T20:00:00+01:00,0.250232
2026-02-19T21:00:00+01:00,0.232711
2026-02-19T22:00:00+01:00,0.234181
2026-02-19T23:00:00+01:00,0.227227
2026-02-20T00:00:00+01:00,0.233041
2026-02-20T01:00:00+01:00,0.234974
2026-02-20T02:00:00+01:00,0.233951
2026-02-20T03:00:00+01:00,0.233555
2026-02-20T04:00:00+01:00,0.231704
2026-02-20T05:00:00+01:00,0.232420
2026-02-20T06:00:00+01:00,0.249494
2026-02-20T07:00:00+01:00,0.266772
2026-02-20T08:00:00+01:00,0.271909
2026-02-20T09:00:00+01:00,0.262138
2026-02-20T10:00:00+01:00,0.252891
2026-02-20T11:00:00+01:00,0.249769
2026-02-20T12:00:00+01:00,0.234789
2026-02-20T13:00:00+01:00,0.233697
2026-02-20T14:00:00+01:00,0.227653
2026-02-20T15:00:00+01:00,0.232590
2026-02-20T16:00:00+01:00,0.238029
2026-02-20T17:00:00+01:00,0.247978
2026-02-20T18:00:00+01:00,0.240285
2026-02-20T19:00:00+01:00,0.232880
2026-02-20T20:00:00+01:00,0.230336
2026-02-20T21:00:00+01:00,0.222613
2026-02-20T22:00:00+01:00,0.209500
2026-02-20T23:00:00+01:00,0.194687
2026-02-21T00:00:00+01:00,0.197521
2026-02-21T01:00:00+01:00,0.187290
2026-02-21T02:00:00+01:00,0.183434
2026-02-21T03:00:00+01:00,0.182109
2026-02-21T04:00:00+01:00,0.181670
2026-02-21T05:00:00+01:00,0.181216
2026-02-21T06:00:00+01:00,0.186513
2026-02-21T07:00:00+01:00,0.209080
2026-02-21T08:00:00+01:00,0.227850
2026-02-21T09:00:00+01:00,0.231988
2026-02-21T10:00:00+01:00,0.218484
2026-02-21T11:00:00+01:00,0.205698
2026-02-21T12:00:00+01:00,0.203450
2026-02-21T13:00:00+01:00,0.210395
2026-02-21T14:00:00+01:00,0.227402
2026-02-21T15:00:00+01:00,0.235128
2026-02-21T16:00:00+01:00,0.246405
2026-02-21T17:00:00+01:00,0.261651
2026-02-21T18:00:00+01:00,0.261796
2026-02-21T19:00:00+01:00,0.253477
2026-02-21T20:00:00+01:00,0.240225
2026-02-21T21:00:00+01:00,0.233071
2026-02-21T22:00:00+01:00,0.223527
2026-02-21T23:00:00+01:00,0.205976
2026-02-22T00:00:00+01:00,0.195800
2026-02-22T01:00:00+01:00,0.187995
2026-02-22T02:00:00+01:00,0.180463
2026-02-22T03:00:00+01:00,0.175417
2026-02-22T04:00:00+01:00,0.172858
2026-02-22T05:00:00+01:00,0.172244
2026-02-22T06:00:00+01:00,0.168354
2026-02-22T07:00:00+01:00,0.175653
2026-02-22T08:00:00+01:00,0.182048
2026-02-22T09:00:00+01:00,0.192342
2026-02-22T10:00:00+01:00,0.196916
2026-02-22T11:00:00+01:00,0.189181
2026-02-22T12:00:00+01:00,0.185300
2026-02-22T13:00:00+01:00,0.182880
2026-02-22T14:00:00+01:00,0.179250
2026-02-22T15:00:00+01:00,0.182816
2026-02-22T16:00:00+01:00,0.210383
2026-02-22T17:00:00+01:00,0.240234
2026-02-22T18:00:00+01:00,0.251853
2026-02-22T19:00:00+01:00,0.244823
2026-02-22T20:00:00+01:00,0.231092
2026-02-22T21:00:00+01:00,0.221887
2026-02-22T22:00:00+01:00,0.210671
2026-02-22T23:00:00+01:00,0.188758
2026-02-23T00:00:00+01:00,0.181110
2026-02-23T01:00:00+01:00,0.181325
2026-02-23T02:00:00+01:00,0.180230
2026-02-23T03:00:00+01:00,0.180266
2026-02-23T04:00:00+01:00,0.180527
2026-02-23T05:00:00+01:00,0.192993
2026-02-23T06:00:00+01:00,0.217628
2026-02-23T07:00:00+01:00,0.241550
2026-02-23T08:00:00+01:00,0.245201
2026-02-23T09:00:00+01:00,0.237808
2026-02-23T10:00:00+01:00,0.203447
2026-02-23T11:00:00+01:00,0.183004
2026-02-23T12:00:00+01:00,0.141377
2026-02-23T13:00:00+01:00,0.136498
2026-02-23T14:00:00+01:00,0.169379
2026-02-23T15:00:00+01:00,0.194018
2026-02-23T16:00:00+01:00,0.227841
2026-02-23T17:00:00+01:00,0.236187
2026-02-23T18:00:00+01:00,0.256463
2026-02-23T19:00:00+01:00,0.266536
2026-02-23T20:00:00+01:00,0.249451
2026-02-23T21:00:00+01:00,0.239916
2026-02-23T22:00:00+01:00,0.238628
2026-02-23T23:00:00+01:00,0.229063
2026-02-24T00:00:00+01:00,0.232369
2026-02-24T01:00:00+01:00,0.232166
2026-02-24T02:00:00+01:00,0.227774
2026-02-24T03:00:00+01:00,0.224195
2026-02-24T04:00:00+01:00,0.225469
2026-02-24T05:00:00+01:00,0.232048
2026-02-24T06:00:00+01:00,0.251272
2026-02-24T07:00:00+01:00,0.281825
2026-02-24T08:00:00+01:00,0.301805
2026-02-24T09:00:00+01:00,0.291665
2026-02-24T10:00:00+01:00,0.270054
2026-02-24T11:00:00+01:00,0.253060
2026-02-24T12:00:00+01:00,0.241196
2026-02-24T13:00:00+01:00,0.238135
2026-02-24T14:00:00+01:00,0.233900
2026-02-24T15:00:00+01:00,0.247349
2026-02-24T16:00:00+01:00,0.263191
2026-02-24T17:00:00+01:00,0.334054
2026-02-24T18:00:00+01:00,0.335307
2026-02-24T19:00:00+01:00,0.295132
2026-02-24T20:00:00+01:00,0.267438
2026-02-24T21:00:00+01:00,0.250132
2026-02-24T22:00:00+01:00,0.243794
2026-02-24T23:00:00+01:00,0.235448
2026-02-25T00:00:00+01:00,0.232853
2026-02-25T01:00:00+01:00,0.226622
2026-02-25T02:00:00+01:00,0.223270
2026-02-25T03:00:00+01:00,0.226428
2026-02-25T04:00:00+01:00,0.227118
2026-02-25T05:00:00+01:00,0.231643
2026-02-25T06:00:00+01:00,0.254548
2026-02-25T07:00:00+01:00,0.281265
2026-02-25T08:00:00+01:00,0.270508
2026-02-25T09:00:00+01:00,0.249478
2026-02-25T10:00:00+01:00,0.230106
2026-02-25T11:00:00+01:00,0.216530
2026-02-25T12:00:00+01:00,0.202373
2026-02-25T13:00:00+01:00,0.196166
2026-02-25T14:00:00+01:00,0.203523
2026-02-25T15:00:00+01:00,0.217401
2026-02-25T16:00:00+01:00,0.240960
2026-02-25T17:00:00+01:00,0.270085
2026-02-25T18:00:00+01:00,0.273763
2026-02-25T19:00:00+01:00,0.261917
2026-02-25T20:00:00+01:00,0.246139
2026-02-25T21:00:00+01:00,0.234329
2026-02-25T22:00:00+01:00,0.233918
2026-02-25T23:00:00+01:00,0.226585
2026-02-26T00:00:00+01:00,0.228993
2026-02-26T01:00:00+01:00,0.222483
2026-02-26T02:00:00+01:00,0.217764
2026-02-26T03:00:00+01:00,0.218781
2026-02-26T04:00:00+01:00,0.216639
2026-02-26T05:00:00+01:00,0.219616
2026-02-26T06:00:00+01:00,0.241795
2026-02-26T07:00:00+01:00,0.258868
2026-02-26T08:00:00+01:00,0.262159
2026-02-26T09:00:00+01:00,0.253641
2026-02-26T10:00:00+01:00,0.237887
2026-02-26T11:00:00+01:00,0.199760
2026-02-26T12:00:00+01:00,0.153622
2026-02-26T13:00:00+01:00,0.145733
2026-02-26T14:00:00+01:00,0.178149
2026-02-26T15:00:00+01:00,0.207165
2026-02-26T16:00:00+01:00,0.235600
2026-02-26T17:00:00+01:00,0.250265
2026-02-26T18:00:00+01:00,0.255468
2026-02-26T19:00:00+01:00,0.257489
2026-02-26T20:00:00+01:00,0.238419
2026-02-26T21:00:00+01:00,0.231449
2026-02-26T22:00:00+01:00,0.225496
2026-02-26T23:00:00+01:00,0.217946
2026-02-27T00:00:00+01:00,0.195706
2026-02-27T01:00:00+01:00,0.196565
2026-02-27T02:00:00+01:00,0.199239
2026-02-27T03:00:00+01:00,0.196747
2026-02-27T04:00:00+01:00,0.205628
2026-02-27T05:00:00+01:00,0.210698
2026-02-27T06:00:00+01:00,0.217631
2026-02-27T07:00:00+01:00,0.235031
2026-02-27T08:00:00+01:00,0.226839
2026-02-27T09:00:00+01:00,0.214401
2026-02-27T10:00:00+01:00,0.194557
2026-02-27T11:00:00+01:00,0.165299
2026-02-27T12:00:00+01:00,0.164585
2026-02-27T13:00:00+01:00,0.193661
2026-02-27T14:00:00+01:00,0.215550
2026-02-27T15:00:00+01:00,0.237560
2026-02-27T16:00:00+01:00,0.240101
2026-02-27T17:00:00+01:00,0.251451
2026-02-27T18:00:00+01:00,0.257767
2026-02-27T19:00:00+01:00,0.253205
2026-02-27T20:00:00+01:00,0.242182
2026-02-27T21:00:00+01:00,0.233845
2026-02-27T22:00:00+01:00,0.233761
2026-02-27T23:00:00+01:00,0.227650
2026-02-28T00:00:00+01:00,0.227674
2026-02-28T01:00:00+01:00,0.219894
2026-02-28T02:00:00+01:00,0.210529
2026-02-28T03:00:00+01:00,0.206729
2026-02-28T04:00:00+01:00,0.206923
2026-02-28T05:00:00+01:00,0.208351
2026-02-28T06:00:00+01:00,0.217220
2026-02-28T07:00:00+01:00,0.214933
2026-02-28T08:00:00+01:00,0.190902
2026-02-28T09:00:00+01:00,0.163520
2026-02-28T10:00:00+01:00,0.132060
2026-02-28T11:00:00+01:00,0.130850
2026-02-28T12:00:00+01:00,0.131612
2026-02-28T13:00:00+01:00,0.131503
2026-02-28T14:00:00+01:00,0.130862
2026-02-28T15:00:00+01:00,0.146895
2026-02-28T16:00:00+01:00,0.206850
2026-02-28T17:00:00+01:00,0.239714
2026-02-28T18:00:00+01:00,0.253968
2026-02-28T19:00:00+01:00,0.259413
2026-02-28T20:00:00+01:00,0.242848
2026-02-28T21:00:00+01:00,0.248849
2026-02-28T22:00:00+01:00,0.253544
2026-02-28T23:00:00+01:00,0.250108
2026-03-01T00:00:00+01:00,0.268790
2026-03-01T01:00:00+01:00,0.261591
2026-03-01T02:00:00+01:00,0.251850
2026-03-01T03:00:00+01:00,0.237415
2026-03-01T04:00:00+01:00,0.228884
2026-03-01T05:00:00+01:00,0.213977
2026-03-01T06:00:00+01:00,0.212731
2026-03-01T07:00:00+01:00,0.209500
2026-03-01T08:00:00+01:00,0.192124
2026-03-01T09:00:00+01:00,0.152436
2026-03-01T10:00:00+01:00,0.130850
2026-03-01T11:00:00+01:00,0.130814
2026-03-01T12:00:00+01:00,0.130402
2026-03-01T13:00:00+01:00,0.129894
2026-03-01T14:00:00+01:00,0.130838
2026-03-01T15:00:00+01:00,0.158099
2026-03-01T16:00:00+01:00,0.213856
2026-03-01T17:00:00+01:00,0.253060
2026-03-01T18:00:00+01:00,0.252915
2026-03-01T19:00:00+01:00,0.248752
2026-03-01T20:00:00+01:00,0.239944
2026-03-01T21:00:00+01:00,0.229247
2026-03-01T22:00:00+01:00,0.221092
2026-03-01T23:00:00+01:00,0.207080
2026-03-02T00:00:00+01:00,0.203450
2026-03-02T01:00:00+01:00,0.203450
2026-03-02T02:00:00+01:00,0.209754
2026-03-02T03:00:00+01:00,0.206935
2026-03-02T04:00:00+01:00,0.211291
2026-03-02T05:00:00+01:00,0.224274
2026-03-02T06:00:00+01:00,0.242412
2026-03-02T07:00:00+01:00,0.283443
2026-03-02T08:00:00+01:00,0.270121
2026-03-02T09:00:00+01:00,0.230324
2026-03-02T10:00:00+01:00,0.206584
2026-03-02T11:00:00+01:00,0.188337
2026-03-02T12:00:00+01:00,0.162709
2026-03-02T13:00:00+01:00,0.173200
2026-03-02T14:00:00+01:00,0.200328
2026-03-02T15:00:00+01:00,0.222205
2026-03-02T16:00:00+01:00,0.251487
2026-03-02T17:00:00+01:00,0.322066
2026-03-02T18:00:00+01:00,0.344923
2026-03-02T19:00:00+01:00,0.302767
2026-03-02T20:00:00+01:00,0.259824
2026-03-02T21:00:00+01:00,0.247579
2026-03-02T22:00:00+01:00,0.247978
2026-03-02T23:00:00+01:00,0.242460
2026-03-03T00:00:00+01:00,0.240174
2026-03-03T01:00:00+01:00,0.245183
2026-03-03T02:00:00+01:00,0.251850
2026-03-03T03:00:00+01:00,0.249067
2026-03-03T04:00:00+01:00,0.254246
2026-03-03T05:00:00+01:00,0.258856
2026-03-03T06:00:00+01:00,0.288501
2026-03-03T07:00:00+01:00,0.318170
2026-03-03T08:00:00+01:00,0.303323
2026-03-03T09:00:00+01:00,0.249926
2026-03-03T10:00:00+01:00,0.227650
2026-03-03T11:00:00+01:00,0.193117
2026-03-03T12:00:00+01:00,0.168675
2026-03-03T13:00:00+01:00,0.169171
2026-03-03T14:00:00+01:00,0.200389
2026-03-03T15:00:00+01:00,0.227989
2026-03-03T16:00:00+01:00,0.258396
2026-03-03T17:00:00+01:00,0.326713
2026-03-03T18:00:00+01:00,0.378138
2026-03-03T19:00:00+01:00,0.338292
2026-03-03T20:00:00+01:00,0.283613
2026-03-03T21:00:00+01:00,0.261772
2026-03-03T22:00:00+01:00,0.255323
2026-03-03T23:00:00+01:00,0.247409
2026-03-04T00:00:00+01:00,0.280947
2026-03-04T01:00:00+01:00,0.279438
2026-03-04T02:00:00+01:00,0.276561
2026-03-04T03:00:00+01:00,0.274870
2026-03-04T04:00:00+01:00,0.278376
2026-03-04T05:00:00+01:00,0.286036
2026-03-04T06:00:00+01:00,0.350268
2026-03-04T07:00:00+01:00,0.442679
2026-03-04T08:00:00+01:00,0.367487
2026-03-04T09:00:00+01:00,0.306736
2026-03-04T10:00:00+01:00,0.265417
2026-03-04T11:00:00+01:00,0.226522
2026-03-04T12:00:00+01:00,0.181670
2026-03-04T13:00:00+01:00,0.166666
2026-03-04T14:00:00+01:00,0.201257
2026-03-04T15:00:00+01:00,0.240827
2026-03-04T16:00:00+01:00,0.286837
2026-03-04T17:00:00+01:00,0.435773
2026-03-04T18:00:00+01:00,0.505442
2026-03-04T19:00:00+01:00,0.413467
2026-03-04T20:00:00+01:00,0.334889
2026-03-04T21:00:00+01:00,0.302966
2026-03-04T22:00:00+01:00,0.292467
2026-03-04T23:00:00+01:00,0.274843
2026-03-05T00:00:00+01:00,0.268527
2026-03-05T01:00:00+01:00,0.263868
2026-03-05T02:00:00+01:00,0.263058
2026-03-05T03:00:00+01:00,0.261364
2026-03-05T04:00:00+01:00,0.265024
2026-03-05T05:00:00+01:00,0.277575
2026-03-05T06:00:00+01:00,0.309528
2026-03-05T07:00:00+01:00,0.335951
2026-03-05T08:00:00+01:00,0.299527
2026-03-05T09:00:00+01:00,0.248456
2026-03-05T10:00:00+01:00,0.209340
2026-03-05T11:00:00+01:00,0.160531
2026-03-05T12:00:00+01:00,0.134099
2026-03-05T13:00:00+01:00,0.134326
2026-03-05T14:00:00+01:00,0.176939
2026-03-05T15:00:00+01:00,0.234018
2026-03-05T16:00:00+01:00,0.288280
2026-03-05T17:00:00+01:00,0.351339
2026-03-05T18:00:00+01:00,0.366044
2026-03-05T19:00:00+01:00,0.333649
2026-03-05T20:00:00+01:00,0.294236
2026-03-05T21:00:00+01:00,0.288864
2026-03-05T22:00:00+01:00,0.288322
2026-03-05T23:00:00+01:00,0.279807
2026-03-06T00:00:00+01:00,0.254500
2026-03-06T01:00:00+01:00,0.259582
2026-03-06T02:00:00+01:00,0.262159
2026-03-06T03:00:00+01:00,0.263381
2026-03-06T04:00:00+01:00,0.270605
2026-03-06T05:00:00+01:00,0.276437
2026-03-06T06:00:00+01:00,0.309700
2026-03-06T07:00:00+01:00,0.343084
2026-03-06T08:00:00+01:00,0.296535
2026-03-06T09:00:00+01:00,0.266842
2026-03-06T10:00:00+01:00,0.247615
2026-03-06T11:00:00+01:00,0.217280
2026-03-06T12:00:00+01:00,0.199772
2026-03-06T13:00:00+01:00,0.192657
2026-03-06T14:00:00+01:00,0.221225
2026-03-06T15:00:00+01:00,0.255855
2026-03-06T16:00:00+01:00,0.282015
2026-03-06T17:00:00+01:00,0.344415
2026-03-06T18:00:00+01:00,0.402471
2026-03-06T19:00:00+01:00,0.356672
2026-03-06T20:00:00+01:00,0.308478
2026-03-06T21:00:00+01:00,0.288695
2026-03-06T22:00:00+01:00,0.278918
2026-03-06T23:00:00+01:00,0.276050
2026-03-07T00:00:00+01:00,0.286565
2026-03-07T01:00:00+01:00,0.280031
2026-03-07T02:00:00+01:00,0.273678
2026-03-07T03:00:00+01:00,0.270702
2026-03-07T04:00:00+01:00,0.270641
2026-03-07T05:00:00+01:00,0.276098
2026-03-07T06:00:00+01:00,0.283407
2026-03-07T07:00:00+01:00,0.280152
2026-03-07T08:00:00+01:00,0.266527
2026-03-07T09:00:00+01:00,0.256799
2026-03-07T10:00:00+01:00,0.223609
2026-03-07T11:00:00+01:00,0.170659
2026-03-07T12:00:00+01:00,0.148504
2026-03-07T13:00:00+01:00,0.132762
2026-03-07T14:00:00+01:00,0.153235
2026-03-07T15:00:00+01:00,0.223887
2026-03-07T16:00:00+01:00,0.271379
2026-03-07T17:00:00+01:00,0.298036
2026-03-07T18:00:00+01:00,0.347682
2026-03-07T19:00:00+01:00,0.334372
2026-03-07T20:00:00+01:00,0.307728
2026-03-07T21:00:00+01:00,0.289820
2026-03-07T22:00:00+01:00,0.287351
2026-03-07T23:00:00+01:00,0.282995
2026-03-08T00:00:00+01:00,0.290933
2026-03-08T01:00:00+01:00,0.286154
2026-03-08T02:00:00+01:00,0.283600
2026-03-08T03:00:00+01:00,0.281531
2026-03-08T04:00:00+01:00,0.279958
2026-03-08T05:00:00+01:00,0.280781
2026-03-08T06:00:00+01:00,0.283867
2026-03-08T07:00:00+01:00,0.270194
2026-03-08T08:00:00+01:00,0.269879
2026-03-08T09:00:00+01:00,0.264954
2026-03-08T10:00:00+01:00,0.245606
2026-03-08T11:00:00+01:00,0.156877
2026-03-08T12:00:00+01:00,0.142684
2026-03-08T13:00:00+01:00,0.130862
2026-03-08T14:00:00+01:00,0.138763
2026-03-08T15:00:00+01:00,0.201575
2026-03-08T16:00:00+01:00,0.260393
2026-03-08T17:00:00+01:00,0.309761
2026-03-08T18:00:00+01:00,0.333985
2026-03-08T19:00:00+01:00,0.317251
2026-03-08T20:00:00+01:00,0.312362
2026-03-08T21:00:00+01:00,0.285887
2026-03-08T22:00:00+01:00,0.283613
2026-03-08T23:00:00+01:00,0.289372
2026-03-09T00:00:00+01:00,0.269691
2026-03-09T01:00:00+01:00,0.263781
2026-03-09T02:00:00+01:00,0.263170
2026-03-09T03:00:00+01:00,0.264543
2026-03-09T04:00:00+01:00,0.270865
2026-03-09T05:00:00+01:00,0.292200
2026-03-09T06:00:00+01:00,0.322907
2026-03-09T07:00:00+01:00,0.365218
2026-03-09T08:00:00+01:00,0.338217
2026-03-09T09:00:00+01:00,0.297476
2026-03-09T10:00:00+01:00,0.269610
2026-03-09T11:00:00+01:00,0.242094
2026-03-09T12:00:00+01:00,0.220520
2026-03-09T13:00:00+01:00,0.218548
2026-03-09T14:00:00+01:00,0.232197
2026-03-09T15:00:00+01:00,0.265272
2026-03-09T16:00:00+01:00,0.298075
2026-03-09T17:00:00+01:00,0.357150
2026-03-09T18:00:00+01:00,0.424348
2026-03-09T19:00:00+01:00,0.399894
2026-03-09T20:00:00+01:00,0.348650
2026-03-09T21:00:00+01:00,0.314794
2026-03-09T22:00:00+01:00,0.305193
2026-03-09T23:00:00+01:00,0.292757
2026-03-10T00:00:00+01:00,0.300147
2026-03-10T01:00:00+01:00,0.289275
2026-03-10T02:00:00+01:00,0.285567
2026-03-10T03:00:00+01:00,0.282880
2026-03-10T04:00:00+01:00,0.284429
2026-03-10T05:00:00+01:00,0.298492
2026-03-10T06:00:00+01:00,0.330821
2026-03-10T07:00:00+01:00,0.348242
2026-03-10T08:00:00+01:00,0.346584
2026-03-10T09:00:00+01:00,0.313863
2026-03-10T10:00:00+01:00,0.294179
2026-03-10T11:00:00+01:00,0.281274
2026-03-10T12:00:00+01:00,0.273279
2026-03-10T13:00:00+01:00,0.267462
2026-03-10T14:00:00+01:00,0.273001
2026-03-10T15:00:00+01:00,0.281462
2026-03-10T16:00:00+01:00,0.307256
2026-03-10T17:00:00+01:00,0.353145
2026-03-10T18:00:00+01:00,0.381320
2026-03-10T19:00:00+01:00,0.372741
2026-03-10T20:00:00+01:00,0.322072
2026-03-10T21:00:00+01:00,0.300625
2026-03-10T22:00:00+01:00,0.280890
2026-03-10T23:00:00+01:00,0.249339
2026-03-11T00:00:00+01:00,0.221721
2026-03-11T01:00:00+01:00,0.211376
2026-03-11T02:00:00+01:00,0.203426
2026-03-11T03:00:00+01:00,0.199397
2026-03-11T04:00:00+01:00,0.190334
2026-03-11T05:00:00+01:00,0.200667
2026-03-11T06:00:00+01:00,0.214945
2026-03-11T07:00:00+01:00,0.225170
2026-03-11T08:00:00+01:00,0.222495
2026-03-11T09:00:00+01:00,0.220293
2026-03-11T10:00:00+01:00,0.193891
2026-03-11T11:00:00+01:00,0.186159
2026-03-11T12:00:00+01:00,0.174434
2026-03-11T13:00:00+01:00,0.178500
2026-03-11T14:00:00+01:00,0.185966
2026-03-11T15:00:00+01:00,0.224855
2026-03-11T16:00:00+01:00,0.250882
2026-03-11T17:00:00+01:00,0.282584
2026-03-11T18:00:00+01:00,0.312290
2026-03-11T19:00:00+01:00,0.321195
2026-03-11T20:00:00+01:00,0.292083
2026-03-11T21:00:00+01:00,0.274840
2026-03-11T22:00:00+01:00,0.271597
2026-03-11T23:00:00+01:00,0.256859
2026-03-12T00:00:00+01:00,0.251753
2026-03-12T01:00:00+01:00,0.242811
2026-03-12T02:00:00+01:00,0.237875
2026-03-12T03:00:00+01:00,0.235769
2026-03-12T04:00:00+01:00,0.237754
2026-03-12T05:00:00+01:00,0.248789
2026-03-12T06:00:00+01:00,0.283709
2026-03-12T07:00:00+01:00,0.290981
2026-03-12T08:00:00+01:00,0.256968
2026-03-12T09:00:00+01:00,0.223403
2026-03-12T10:00:00+01:00,0.161729
2026-03-12T11:00:00+01:00,0.131770
2026-03-12T12:00:00+01:00,0.130523
2026-03-12T13:00:00+01:00,0.130838
2026-03-12T14:00:00+01:00,0.131939
2026-03-12T15:00:00+01:00,0.135956
2026-03-12T16:00:00+01:00,0.191350
2026-03-12T17:00:00+01:00,0.250035
2026-03-12T18:00:00+01:00,0.268028
2026-03-12T19:00:00+01:00,0.263950
2026-03-12T20:00:00+01:00,0.239242
2026-03-12T21:00:00+01:00,0.220547
2026-03-12T22:00:00+01:00,0.207891
2026-03-12T23:00:00+01:00,0.155111
2026-03-13T00:00:00+01:00,0.139750
2026-03-13T01:00:00+01:00,0.136824
2026-03-13T02:00:00+01:00,0.134891
2026-03-13T03:00:00+01:00,0.132414
2026-03-13T04:00:00+01:00,0.133231
2026-03-13T05:00:00+01:00,0.134368
2026-03-13T06:00:00+01:00,0.146792
2026-03-13T07:00:00+01:00,0.180460
2026-03-13T08:00:00+01:00,0.246472
2026-03-13T09:00:00+01:00,0.244469
2026-03-13T10:00:00+01:00,0.238573
2026-03-13T11:00:00+01:00,0.221963
2026-03-13T12:00:00+01:00,0.211923
2026-03-13T13:00:00+01:00,0.197400
2026-03-13T14:00:00+01:00,0.208774
2026-03-13T15:00:00+01:00,0.229907
2026-03-13T16:00:00+01:00,0.263744
2026-03-13T17:00:00+01:00,0.293002
2026-03-13T18:00:00+01:00,0.314882
2026-03-13T19:00:00+01:00,0.330019
2026-03-13T20:00:00+01:00,0.303006
2026-03-13T21:00:00+01:00,0.285043
2026-03-13T22:00:00+01:00,0.281090
2026-03-13T23:00:00+01:00,0.271062
2026-03-14T00:00:00+01:00,0.289000
2026-03-14T01:00:00+01:00,0.285125
2026-03-14T02:00:00+01:00,0.272589
2026-03-14T03:00:00+01:00,0.278482
2026-03-14T04:00:00+01:00,0.271349
2026-03-14T05:00:00+01:00,0.267217
2026-03-14T06:00:00+01:00,0.265989
2026-03-14T07:00:00+01:00,0.275572
2026-03-14T08:00:00+01:00,0.294273
2026-03-14T09:00:00+01:00,0.277136
2026-03-14T10:00:00+01:00,0.265287
2026-03-14T11:00:00+01:00,0.257422
2026-03-14T12:00:00+01:00,0.260260
2026-03-14T13:00:00+01:00,0.255253
2026-03-14T14:00:00+01:00,0.258351
2026-03-14T15:00:00+01:00,0.263856
2026-03-14T16:00:00+01:00,0.278285
2026-03-14T17:00:00+01:00,0.293283
2026-03-14T18:00:00+01:00,0.325781
2026-03-14T19:00:00+01:00,0.336350
2026-03-14T20:00:00+01:00,0.312671
2026-03-14T21:00:00+01:00,0.297168
2026-03-14T22:00:00+01:00,0.294487
2026-03-14T23:00:00+01:00,0.285784
2026-03-15T00:00:00+01:00,0.300758
2026-03-15T01:00:00+01:00,0.296254
2026-03-15T02:00:00+01:00,0.283246
2026-03-15T03:00:00+01:00,0.279148
2026-03-15T04:00:00+01:00,0.277227
2026-03-15T05:00:00+01:00,0.279015
2026-03-15T06:00:00+01:00,0.277541
2026-03-15T07:00:00+01:00,0.272154
2026-03-15T08:00:00+01:00,0.262613
2026-03-15T09:00:00+01:00,0.237554
2026-03-15T10:00:00+01:00,0.222262
2026-03-15T11:00:00+01:00,0.208018
2026-03-15T12:00:00+01:00,0.187490
2026-03-15T13:00:00+01:00,0.169395
2026-03-15T14:00:00+01:00,0.169682
2026-03-15T15:00:00+01:00,0.195854
2026-03-15T16:00:00+01:00,0.224682
2026-03-15T17:00:00+01:00,0.270408
2026-03-15T18:00:00+01:00,0.301288
2026-03-15T19:00:00+01:00,0.289121
2026-03-15T20:00:00+01:00,0.258000
2026-03-15T21:00:00+01:00,0.237548
2026-03-15T22:00:00+01:00,0.228930
2026-03-15T23:00:00+01:00,0.205858
2026-03-16T00:00:00+01:00,0.170946
2026-03-16T01:00:00+01:00,0.158747
2026-03-16T02:00:00+01:00,0.150942
2026-03-16T03:00:00+01:00,0.147500
2026-03-16T04:00:00+01:00,0.152999
2026-03-16T05:00:00+01:00,0.180121
2026-03-16T06:00:00+01:00,0.215550
2026-03-16T07:00:00+01:00,0.248734
2026-03-16T08:00:00+01:00,0.247228
2026-03-16T09:00:00+01:00,0.219189
2026-03-16T10:00:00+01:00,0.182275
2026-03-16T11:00:00+01:00,0.151853
2026-03-16T12:00:00+01:00,0.146453
2026-03-16T13:00:00+01:00,0.150213
2026-03-16T14:00:00+01:00,0.178445
2026-03-16T15:00:00+01:00,0.204451
2026-03-16T16:00:00+01:00,0.259830
2026-03-16T17:00:00+01:00,0.293792
2026-03-16T18:00:00+01:00,0.331395
2026-03-16T19:00:00+01:00,0.348580
2026-03-16T20:00:00+01:00,0.318182
2026-03-16T21:00:00+01:00,0.283035
2026-03-16T22:00:00+01:00,0.278470
2026-03-16T23:00:00+01:00,0.251194
2026-03-17T00:00:00+01:00,0.267852
2026-03-17T01:00:00+01:00,0.257658
2026-03-17T02:00:00+01:00,0.258148
2026-03-17T03:00:00+01:00,0.256781
2026-03-17T04:00:00+01:00,0.261917
2026-03-17T05:00:00+01:00,0.272287
2026-03-17T06:00:00+01:00,0.304313
2026-03-17T07:00:00+01:00,0.331904
2026-03-17T08:00:00+01:00,0.314350
2026-03-17T09:00:00+01:00,0.276879
2026-03-17T10:00:00+01:00,0.255205
2026-03-17T11:00:00+01:00,0.239154
2026-03-17T12:00:00+01:00,0.231020
2026-03-17T13:00:00+01:00,0.232390
2026-03-17T14:00:00+01:00,0.236171
2026-03-17T15:00:00+01:00,0.250619
2026-03-17T16:00:00+01:00,0.273397
2026-03-17T17:00:00+01:00,0.311597
2026-03-17T18:00:00+01:00,0.383713
2026-03-17T19:00:00+01:00,0.337055
2026-03-17T20:00:00+01:00,0.302667
2026-03-17T21:00:00+01:00,0.279184
2026-03-17T22:00:00+01:00,0.267701
2026-03-17T23:00:00+01:00,0.259815
2026-03-18T00:00:00+01:00,0.260172
2026-03-18T01:00:00+01:00,0.257292
2026-03-18T02:00:00+01:00,0.257519
2026-03-18T03:00:00+01:00,0.258662
2026-03-18T04:00:00+01:00,0.265644
2026-03-18T05:00:00+01:00,0.278591
2026-03-18T06:00:00+01:00,0.287140
2026-03-18T07:00:00+01:00,0.299866
2026-03-18T08:00:00+01:00,0.251774
2026-03-18T09:00:00+01:00,0.207020
2026-03-18T10:00:00+01:00,0.143283
2026-03-18T11:00:00+01:00,0.129492
2026-03-18T12:00:00+01:00,0.128672
2026-03-18T13:00:00+01:00,0.128811
2026-03-18T14:00:00+01:00,0.132765
2026-03-18T15:00:00+01:00,0.181724
2026-03-18T16:00:00+01:00,0.247161
2026-03-18T17:00:00+01:00,0.296302
2026-03-18T18:00:00+01:00,0.338259
2026-03-18T19:00:00+01:00,0.328736
2026-03-18T20:00:00+01:00,0.294091
2026-03-18T21:00:00+01:00,0.275551
2026-03-18T22:00:00+01:00,0.270000
2026-03-18T23:00:00+01:00,0.261103
2026-03-19T00:00:00+01:00,0.257422
2026-03-19T01:00:00+01:00,0.261427
2026-03-19T02:00:00+01:00,0.262513
2026-03-19T03:00:00+01:00,0.264135
2026-03-19T04:00:00+01:00,0.272680
2026-03-19T05:00:00+01:00,0.283782
2026-03-19T06:00:00+01:00,0.313388
2026-03-19T07:00:00+01:00,0.324883
2026-03-19T08:00:00+01:00,0.296677
2026-03-19T09:00:00+01:00,0.236020
2026-03-19T10:00:00+01:00,0.193132
2026-03-19T11:00:00+01:00,0.139320
2026-03-19T12:00:00+01:00,0.131289
2026-03-19T13:00:00+01:00,0.134816
2026-03-19T14:00:00+01:00,0.178560
2026-03-19T15:00:00+01:00,0.223839
2026-03-19T16:00:00+01:00,0.263457
2026-03-19T17:00:00+01:00,0.301194
2026-03-19T18:00:00+01:00,0.381169
2026-03-19T19:00:00+01:00,0.375500
2026-03-19T20:00:00+01:00,0.316249
2026-03-19T21:00:00+01:00,0.299327
2026-03-19T22:00:00+01:00,0.286305
2026-03-19T23:00:00+01:00,0.279949
2026-03-20T00:00:00+01:00,0.292442
2026-03-20T01:00:00+01:00,0.286526
2026-03-20T02:00:00+01:00,0.282466
2026-03-20T03:00:00+01:00,0.285621
2026-03-20T04:00:00+01:00,0.283216
2026-03-20T05:00:00+01:00,0.302259
2026-03-20T06:00:00+01:00,0.343756
2026-03-20T07:00:00+01:00,0.358935
2026-03-20T08:00:00+01:00,0.319084
2026-03-20T09:00:00+01:00,0.282330
2026-03-20T10:00:00+01:00,0.241498
2026-03-20T11:00:00+01:00,0.214437
2026-03-20T12:00:00+01:00,0.201045
2026-03-20T13:00:00+01:00,0.199832
2026-03-20T14:00:00+01:00,0.222970
2026-03-20T15:00:00+01:00,0.254990
2026-03-20T16:00:00+01:00,0.284901
2026-03-20T17:00:00+01:00,0.317662
2026-03-20T18:00:00+01:00,0.367130
2026-03-20T19:00:00+01:00,0.372278
2026-03-20T20:00:00+01:00,0.331825
2026-03-20T21:00:00+01:00,0.312181
2026-03-20T22:00:00+01:00,0.301378
2026-03-20T23:00:00+01:00,0.296575
2026-03-21T00:00:00+01:00,0.289375
2026-03-21T01:00:00+01:00,0.286940
2026-03-21T02:00:00+01:00,0.284871
2026-03-21T03:00:00+01:00,0.282784
2026-03-21T04:00:00+01:00,0.280418
2026-03-21T05:00:00+01:00,0.282793
2026-03-21T06:00:00+01:00,0.292325
2026-03-21T07:00:00+01:00,0.290724
2026-03-21T08:00:00+01:00,0.276238
2026-03-21T09:00:00+01:00,0.240573
2026-03-21T10:00:00+01:00,0.213175
2026-03-21T11:00:00+01:00,0.179891
2026-03-21T12:00:00+01:00,0.157116
2026-03-21T13:00:00+01:00,0.156687
2026-03-21T14:00:00+01:00,0.196692
2026-03-21T15:00:00+01:00,0.225868
2026-03-21T16:00:00+01:00,0.253556
2026-03-21T17:00:00+01:00,0.286565
2026-03-21T18:00:00+01:00,0.335001
2026-03-21T19:00:00+01:00,0.327672
2026-03-21T20:00:00+01:00,0.295676
2026-03-21T21:00:00+01:00,0.278410
2026-03-21T22:00:00+01:00,0.271089
2026-03-21T23:00:00+01:00,0.256841
2026-03-22T00:00:00+01:00,0.249672
2026-03-22T01:00:00+01:00,0.243292
2026-03-22T02:00:00+01:00,0.239629
2026-03-22T03:00:00+01:00,0.236716
2026-03-22T04:00:00+01:00,0.240049
2026-03-22T05:00:00+01:00,0.242100
2026-03-22T06:00:00+01:00,0.243504
2026-03-22T07:00:00+01:00,0.229441
2026-03-22T08:00:00+01:00,0.180396
2026-03-22T09:00:00+01:00,0.139099
2026-03-22T10:00:00+01:00,0.130378
2026-03-22T11:00:00+01:00,0.125892
2026-03-22T12:00:00+01:00,0.111820
2026-03-22T13:00:00+01:00,0.119884
2026-03-22T14:00:00+01:00,0.128938
2026-03-22T15:00:00+01:00,0.144142
2026-03-22T16:00:00+01:00,0.229556
2026-03-22T17:00:00+01:00,0.288643
2026-03-22T18:00:00+01:00,0.328083
2026-03-22T19:00:00+01:00,0.335407
2026-03-22T20:00:00+01:00,0.320651
2026-03-22T21:00:00+01:00,0.304615
2026-03-22T22:00:00+01:00,0.297031
2026-03-22T23:00:00+01:00,0.290969
2026-03-23T00:00:00+01:00,0.279081
2026-03-23T01:00:00+01:00,0.277060
2026-03-23T02:00:00+01:00,0.277224
2026-03-23T03:00:00+01:00,0.275636
2026-03-23T04:00:00+01:00,0.282614
2026-03-23T05:00:00+01:00,0.303296
2026-03-23T06:00:00+01:00,0.342388
2026-03-23T07:00:00+01:00,0.354385
2026-03-23T08:00:00+01:00,0.309739
2026-03-23T09:00:00+01:00,0.260093
2026-03-23T10:00:00+01:00,0.222756
2026-03-23T11:00:00+01:00,0.185545
2026-03-23T12:00:00+01:00,0.187363
2026-03-23T13:00:00+01:00,0.211155
2026-03-23T14:00:00+01:00,0.234196
2026-03-23T15:00:00+01:00,0.254270
2026-03-23T16:00:00+01:00,0.280237
2026-03-23T17:00:00+01:00,0.340056
2026-03-23T18:00:00+01:00,0.432745
2026-03-23T19:00:00+01:00,0.419922
2026-03-23T20:00:00+01:00,0.372239
2026-03-23T21:00:00+01:00,0.334233
2026-03-23T22:00:00+01:00,0.315000
2026-03-23T23:00:00+01:00,0.296690
2026-03-24T00:00:00+01:00,0.292769
2026-03-24T01:00:00+01:00,0.272977
2026-03-24T02:00:00+01:00,0.256173
2026-03-24T03:00:00+01:00,0.247025
2026-03-24T04:00:00+01:00,0.245603
2026-03-24T05:00:00+01:00,0.247110
2026-03-24T06:00:00+01:00,0.260296
2026-03-24T07:00:00+01:00,0.267737
2026-03-24T08:00:00+01:00,0.248997
2026-03-24T09:00:00+01:00,0.216660
2026-03-24T10:00:00+01:00,0.160495
2026-03-24T11:00:00+01:00,0.136861
2026-03-24T12:00:00+01:00,0.132450
2026-03-24T13:00:00+01:00,0.134286
2026-03-24T14:00:00+01:00,0.135173
2026-03-24T15:00:00+01:00,0.156442
2026-03-24T16:00:00+01:00,0.224543
2026-03-24T17:00:00+01:00,0.267441
2026-03-24T18:00:00+01:00,0.295268
2026-03-24T19:00:00+01:00,0.302337
2026-03-24T20:00:00+01:00,0.265287
2026-03-24T21:00:00+01:00,0.250676
2026-03-24T22:00:00+01:00,0.230890
2026-03-24T23:00:00+01:00,0.169446
2026-03-25T00:00:00+01:00,0.133040
2026-03-25T01:00:00+01:00,0.131295
2026-03-25T02:00:00+01:00,0.130847
2026-03-25T03:00:00+01:00,0.130838
2026-03-25T04:00:00+01:00,0.130844
2026-03-25T05:00:00+01:00,0.131461
2026-03-25T06:00:00+01:00,0.136628
2026-03-25T07:00:00+01:00,0.153922
2026-03-25T08:00:00+01:00,0.191347
2026-03-25T09:00:00+01:00,0.158874
2026-03-25T10:00:00+01:00,0.138627
2026-03-25T11:00:00+01:00,0.132003
2026-03-25T12:00:00+01:00,0.130950
2026-03-25T13:00:00+01:00,0.131349
2026-03-25T14:00:00+01:00,0.133603
2026-03-25T15:00:00+01:00,0.141320
2026-03-25T16:00:00+01:00,0.182142
2026-03-25T17:00:00+01:00,0.250504
2026-03-25T18:00:00+01:00,0.289042
2026-03-25T19:00:00+01:00,0.313348
2026-03-25T20:00:00+01:00,0.307156
2026-03-25T21:00:00+01:00,0.279707
2026-03-25T22:00:00+01:00,0.267202
2026-03-25T23:00:00+01:00,0.241123
2026-03-26T00:00:00+01:00,0.246432
2026-03-26T01:00:00+01:00,0.240884
2026-03-26T02:00:00+01:00,0.236604
2026-03-26T03:00:00+01:00,0.238331
2026-03-26T04:00:00+01:00,0.242049
2026-03-26T05:00:00+01:00,0.253907
2026-03-26T06:00:00+01:00,0.274441
2026-03-26T07:00:00+01:00,0.297467
2026-03-26T08:00:00+01:00,0.283192
2026-03-26T09:00:00+01:00,0.235361
2026-03-26T10:00:00+01:00,0.180121
2026-03-26T11:00:00+01:00,0.149720
2026-03-26T12:00:00+01:00,0.138730
2026-03-26T13:00:00+01:00,0.134988
2026-03-26T14:00:00+01:00,0.142333
2026-03-26T15:00:00+01:00,0.173539
2026-03-26T16:00:00+01:00,0.221600
2026-03-26T17:00:00+01:00,0.271113
2026-03-26T18:00:00+01:00,0.314891
2026-03-26T19:00:00+01:00,0.332376
2026-03-26T20:00:00+01:00,0.316413
2026-03-26T21:00:00+01:00,0.288634
2026-03-26T22:00:00+01:00,0.281568
2026-03-26T23:00:00+01:00,0.283640
2026-03-27T00:00:00+01:00,0.275493
2026-03-27T01:00:00+01:00,0.275639
2026-03-27T02:00:00+01:00,0.272831
2026-03-27T03:00:00+01:00,0.273424
2026-03-27T04:00:00+01:00,0.276353
2026-03-27T05:00:00+01:00,0.296003
2026-03-27T06:00:00+01:00,0.339611
2026-03-27T07:00:00+01:00,0.344173
2026-03-27T08:00:00+01:00,0.309664
2026-03-27T09:00:00+01:00,0.269480
2026-03-27T10:00:00+01:00,0.237754
2026-03-27T11:00:00+01:00,0.220838
2026-03-27T12:00:00+01:00,0.209282
2026-03-27T13:00:00+01:00,0.202724
2026-03-27T14:00:00+01:00,0.218067
2026-03-27T15:00:00+01:00,0.242678
2026-03-27T16:00:00+01:00,0.255371
2026-03-27T17:00:00+01:00,0.291586
2026-03-27T18:00:00+01:00,0.319283
2026-03-27T19:00:00+01:00,0.333828
2026-03-27T20:00:00+01:00,0.303275
2026-03-27T21:00:00+01:00,0.274489
2026-03-27T22:00:00+01:00,0.272009
2026-03-27T23:00:00+01:00,0.259122
2026-03-28T00:00:00+01:00,0.245969
2026-03-28T01:00:00+01:00,0.242981
2026-03-28T02:00:00+01:00,0.239206
2026-03-28T03:00:00+01:00,0.236435
2026-03-28T04:00:00+01:00,0.237475
2026-03-28T05:00:00+01:00,0.237475
2026-03-28T06:00:00+01:00,0.233252
2026-03-28T07:00:00+01:00,0.225230
2026-03-28T08:00:00+01:00,0.213493
2026-03-28T09:00:00+01:00,0.184985
2026-03-28T10:00:00+01:00,0.152122
2026-03-28T11:00:00+01:00,0.139477
2026-03-28T12:00:00+01:00,0.138909
2026-03-28T13:00:00+01:00,0.136900
2026-03-28T14:00:00+01:00,0.143216
2026-03-28T15:00:00+01:00,0.171990
2026-03-28T16:00:00+01:00,0.216929
2026-03-28T17:00:00+01:00,0.251306
2026-03-28T18:00:00+01:00,0.295047
2026-03-28T19:00:00+01:00,0.317275
2026-03-28T20:00:00+01:00,0.305030
2026-03-28T21:00:00+01:00,0.290074
2026-03-28T22:00:00+01:00,0.282499
2026-03-28T23:00:00+01:00,0.275542
2026-03-29T00:00:00+01:00,0.268787
2026-03-29T01:00:00+01:00,0.261113
2026-03-29T03:00:00+02:00,0.253260
2026-03-29T04:00:00+02:00,0.258172
2026-03-29T05:00:00+02:00,0.257422
2026-03-29T06:00:00+02:00,0.263654
2026-03-29T07:00:00+02:00,0.270051
2026-03-29T08:00:00+02:00,0.269803
2026-03-29T09:00:00+02:00,0.241220
2026-03-29T10:00:00+02:00,0.213106
2026-03-29T11:00:00+02:00,0.180040
2026-03-29T12:00:00+02:00,0.144354
2026-03-29T13:00:00+02:00,0.132477
2026-03-29T14:00:00+02:00,0.129413
2026-03-29T15:00:00+02:00,0.128385
2026-03-29T16:00:00+02:00,0.130699
2026-03-29T17:00:00+02:00,0.167713
2026-03-29T18:00:00+02:00,0.232009
2026-03-29T19:00:00+02:00,0.259349
2026-03-29T20:00:00+02:00,0.245861
2026-03-29T21:00:00+02:00,0.216954
2026-03-29T22:00:00+02:00,0.207625
2026-03-29T23:00:00+02:00,0.164524
2026-03-30T00:00:00+02:00,0.142472
2026-03-30T01:00:00+02:00,0.135617
2026-03-30T02:00:00+02:00,0.136349
2026-03-30T03:00:00+02:00,0.134652
2026-03-30T04:00:00+02:00,0.135194
2026-03-30T05:00:00+02:00,0.151347
2026-03-30T06:00:00+02:00,0.207712
2026-03-30T07:00:00+02:00,0.243371
2026-03-30T08:00:00+02:00,0.266370
2026-03-30T09:00:00+02:00,0.250459
2026-03-30T10:00:00+02:00,0.221700
2026-03-30T11:00:00+02:00,0.186507
2026-03-30T12:00:00+02:00,0.160350
2026-03-30T13:00:00+02:00,0.143721
2026-03-30T14:00:00+02:00,0.139989
2026-03-30T15:00:00+02:00,0.146504
2026-03-30T16:00:00+02:00,0.171612
2026-03-30T17:00:00+02:00,0.215381
2026-03-30T18:00:00+02:00,0.251850
2026-03-30T19:00:00+02:00,0.282185
2026-03-30T20:00:00+02:00,0.287566
2026-03-30T21:00:00+02:00,0.288029
2026-03-30T22:00:00+02:00,0.295138
2026-03-30T23:00:00+02:00,0.270911
2026-03-31T00:00:00+02:00,0.279278
2026-03-31T01:00:00+02:00,0.264776
2026-03-31T02:00:00+02:00,0.261533
2026-03-31T03:00:00+02:00,0.263160
2026-03-31T04:00:00+02:00,0.263953
2026-03-31T05:00:00+02:00,0.264352
2026-03-31T06:00:00+02:00,0.298335
2026-03-31T07:00:00+02:00,0.315859
2026-03-31T08:00:00+02:00,0.329783
2026-03-31T09:00:00+02:00,0.296556
2026-03-31T10:00:00+02:00,0.259110
2026-03-31T11:00:00+02:00,0.238095
2026-03-31T12:00:00+02:00,0.228164
2026-03-31T13:00:00+02:00,0.200567
2026-03-31T14:00:00+02:00,0.200011
2026-03-31T15:00:00+02:00,0.219585
2026-03-31T16:00:00+02:00,0.240945
2026-03-31T17:00:00+02:00,0.279099
2026-03-31T18:00:00+02:00,0.312665
2026-03-31T19:00:00+02:00,0.341708
2026-03-31T20:00:00+02:00,0.342627
2026-03-31T21:00:00+02:00,0.330878
2026-03-31T22:00:00+02:00,0.321531
2026-03-31T23:00:00+02:00,0.308496
2026-04-01T00:00:00+02:00,0.304954
2026-04-01T01:00:00+02:00,0.287255
2026-04-01T02:00:00+02:00,0.280675
2026-04-01T03:00:00+02:00,0.287457
2026-04-01T04:00:00+02:00,0.293637
2026-04-01T05:00:00+02:00,0.304588
2026-04-01T06:00:00+02:00,0.340159
2026-04-01T07:00:00+02:00,0.394966
2026-04-01T08:00:00+02:00,0.372823
2026-04-01T09:00:00+02:00,0.338383
2026-04-01T10:00:00+02:00,0.301043
2026-04-01T11:00:00+02:00,0.287013
2026-04-01T12:00:00+02:00,0.271228
2026-04-01T13:00:00+02:00,0.248308
2026-04-01T14:00:00+02:00,0.239242
2026-04-01T15:00:00+02:00,0.246868
2026-04-01T16:00:00+02:00,0.259422
2026-04-01T17:00:00+02:00,0.288453
2026-04-01T18:00:00+02:00,0.313738
2026-04-01T19:00:00+02:00,0.356712
2026-04-01T20:00:00+02:00,0.348015
2026-04-01T21:00:00+02:00,0.331383
2026-04-01T22:00:00+02:00,0.314694
2026-04-01T23:00:00+02:00,0.291644
2026-04-02T00:00:00+02:00,0.283706
2026-04-02T01:00:00+02:00,0.274834
2026-04-02T02:00:00+02:00,0.268947
2026-04-02T03:00:00+02:00,0.261309
2026-04-02T04:00:00+02:00,0.259827
2026-04-02T05:00:00+02:00,0.274879
2026-04-02T06:00:00+02:00,0.311733
2026-04-02T07:00:00+02:00,0.324459
2026-04-02T08:00:00+02:00,0.321607
2026-04-02T09:00:00+02:00,0.277847
2026-04-02T10:00:00+02:00,0.271543
2026-04-02T11:00:00+02:00,0.274843
2026-04-02T12:00:00+02:00,0.264316
2026-04-02T13:00:00+02:00,0.244865
2026-04-02T14:00:00+02:00,0.233576
2026-04-02T15:00:00+02:00,0.240694
2026-04-02T16:00:00+02:00,0.260683
2026-04-02T17:00:00+02:00,0.273285
2026-04-02T18:00:00+02:00,0.286940
2026-04-02T19:00:00+02:00,0.323095
2026-04-02T20:00:00+02:00,0.319906
2026-04-02T21:00:00+02:00,0.305598
2026-04-02T22:00:00+02:00,0.292669
2026-04-02T23:00:00+02:00,0.280397
2026-04-03T00:00:00+02:00,0.291060
2026-04-03T01:00:00+02:00,0.278455
2026-04-03T02:00:00+02:00,0.274855
2026-04-03T03:00:00+02:00,0.271673
2026-04-03T04:00:00+02:00,0.273518
2026-04-03T05:00:00+02:00,0.274232
2026-04-03T06:00:00+02:00,0.288943
2026-04-03T07:00:00+02:00,0.295483
2026-04-03T08:00:00+02:00,0.289421
2026-04-03T09:00:00+02:00,0.268040
2026-04-03T10:00:00+02:00,0.234750
2026-04-03T11:00:00+02:00,0.195050
2026-04-03T12:00:00+02:00,0.163695
2026-04-03T13:00:00+02:00,0.143153
2026-04-03T14:00:00+02:00,0.133385
2026-04-03T15:00:00+02:00,0.135466
2026-04-03T16:00:00+02:00,0.160026
2026-04-03T17:00:00+02:00,0.215078
2026-04-03T18:00:00+02:00,0.251850
2026-04-03T19:00:00+02:00,0.281737
2026-04-03T20:00:00+02:00,0.277941
2026-04-03T21:00:00+02:00,0.262982
2026-04-03T22:00:00+02:00,0.252576
2026-04-03T23:00:00+02:00,0.228618
2026-04-04T00:00:00+02:00,0.151656
2026-04-04T01:00:00+02:00,0.152669
2026-04-04T02:00:00+02:00,0.153604
2026-04-04T03:00:00+02:00,0.184580
2026-04-04T04:00:00+02:00,0.202409
2026-04-04T05:00:00+02:00,0.228930
2026-04-04T06:00:00+02:00,0.284342
2026-04-04T07:00:00+02:00,0.391000
2026-04-04T08:00:00+02:00,0.337878
2026-04-04T09:00:00+02:00,0.307510
2026-04-04T10:00:00+02:00,0.255843
2026-04-04T11:00:00+02:00,0.188216
2026-04-04T12:00:00+02:00,0.149312
2026-04-04T13:00:00+02:00,0.131004
2026-04-04T14:00:00+02:00,0.130974
2026-04-04T15:00:00+02:00,0.130883
2026-04-04T16:00:00+02:00,0.143204
2026-04-04T17:00:00+02:00,0.196856
2026-04-04T18:00:00+02:00,0.244847
2026-04-04T19:00:00+02:00,0.290440
2026-04-04T20:00:00+02:00,0.279462
2026-04-04T21:00:00+02:00,0.244094
2026-04-04T22:00:00+02:00,0.217822
2026-04-04T23:00:00+02:00,0.180617
2026-04-05T00:00:00+02:00,0.131162
2026-04-05T01:00:00+02:00,0.130777
2026-04-05T02:00:00+02:00,0.129755
2026-04-05T03:00:00+02:00,0.129171
2026-04-05T04:00:00+02:00,0.128917
2026-04-05T05:00:00+02:00,0.128448
2026-04-05T06:00:00+02:00,0.128421
2026-04-05T07:00:00+02:00,0.130000
2026-04-05T08:00:00+02:00,0.129879
2026-04-05T09:00:00+02:00,0.129174
2026-04-05T10:00:00+02:00,0.126010
2026-04-05T11:00:00+02:00,0.121170
2026-04-05T12:00:00+02:00,0.113311
2026-04-05T13:00:00+02:00,0.097938
2026-04-05T14:00:00+02:00,0.069830
2026-04-05T15:00:00+02:00,0.070411
2026-04-05T16:00:00+02:00,0.095152
2026-04-05T17:00:00+02:00,0.125208
2026-04-05T18:00:00+02:00,0.131773
2026-04-05T19:00:00+02:00,0.208357
2026-04-05T20:00:00+02:00,0.269032
2026-04-05T21:00:00+02:00,0.288150
2026-04-05T22:00:00+02:00,0.279931
2026-04-05T23:00:00+02:00,0.268318
2026-04-06T00:00:00+02:00,0.255429
2026-04-06T01:00:00+02:00,0.240664
2026-04-06T02:00:00+02:00,0.253266
2026-04-06T03:00:00+02:00,0.272589
2026-04-06T04:00:00+02:00,0.313987
2026-04-06T05:00:00+02:00,0.300540
2026-04-06T06:00:00+02:00,0.296620
2026-04-06T07:00:00+02:00,0.312353
2026-04-06T08:00:00+02:00,0.294330
2026-04-06T09:00:00+02:00,0.213436
2026-04-06T10:00:00+02:00,0.140730
2026-04-06T11:00:00+02:00,0.118750
2026-04-06T12:00:00+02:00,0.094550
2026-04-06T13:00:00+02:00,0.063916
2026-04-06T14:00:00+02:00,0.062062
2026-04-06T15:00:00+02:00,0.070350
2026-04-06T16:00:00+02:00,0.127831
2026-04-06T17:00:00+02:00,0.209500
2026-04-06T18:00:00+02:00,0.284798
2026-04-06T19:00:00+02:00,0.331904
2026-04-06T20:00:00+02:00,0.319843
2026-04-06T21:00:00+02:00,0.312347
2026-04-06T22:00:00+02:00,0.273028
2026-04-06T23:00:00+02:00,0.264071
2026-04-07T00:00:00+02:00,0.259594
2026-04-07T01:00:00+02:00,0.253193
2026-04-07T02:00:00+02:00,0.253423
2026-04-07T03:00:00+02:00,0.253544
2026-04-07T04:00:00+02:00,0.257295
2026-04-07T05:00:00+02:00,0.265559
2026-04-07T06:00:00+02:00,0.291320
2026-04-07T07:00:00+02:00,0.345419
2026-04-07T08:00:00+02:00,0.299560
2026-04-07T09:00:00+02:00,0.255214
2026-04-07T10:00:00+02:00,0.176080
2026-04-07T11:00:00+02:00,0.130838
2026-04-07T12:00:00+02:00,0.127208
2026-04-07T13:00:00+02:00,0.117359
2026-04-07T14:00:00+02:00,0.117516
2026-04-07T15:00:00+02:00,0.126010
2026-04-07T16:00:00+02:00,0.134964
2026-04-07T17:00:00+02:00,0.219664
2026-04-07T18:00:00+02:00,0.288876
2026-04-07T19:00:00+02:00,0.354615
2026-04-07T20:00:00+02:00,0.351748
2026-04-07T21:00:00+02:00,0.301859
2026-04-07T22:00:00+02:00,0.281592
2026-04-07T23:00:00+02:00,0.269165
2026-04-08T00:00:00+02:00,0.254923
2026-04-08T01:00:00+02:00,0.249212
2026-04-08T02:00:00+02:00,0.247736
2026-04-08T03:00:00+02:00,0.250011
2026-04-08T04:00:00+02:00,0.254573
2026-04-08T05:00:00+02:00,0.266539
2026-04-08T06:00:00+02:00,0.304824
2026-04-08T07:00:00+02:00,0.335098
2026-04-08T08:00:00+02:00,0.302428
2026-04-08T09:00:00+02:00,0.263224
2026-04-08T10:00:00+02:00,0.193576
2026-04-08T11:00:00+02:00,0.130790
2026-04-08T12:00:00+02:00,0.108380
2026-04-08T13:00:00+02:00,0.092312
2026-04-08T14:00:00+02:00,0.095917
2026-04-08T15:00:00+02:00,0.115531
2026-04-08T16:00:00+02:00,0.147500
2026-04-08T17:00:00+02:00,0.244554
2026-04-08T18:00:00+02:00,0.287618
2026-04-08T19:00:00+02:00,0.338123
2026-04-08T20:00:00+02:00,0.325950
2026-04-08T21:00:00+02:00,0.296971
2026-04-08T22:00:00+02:00,0.277901
2026-04-08T23:00:00+02:00,0.265947
2026-04-09T00:00:00+02:00,0.257646
2026-04-09T01:00:00+02:00,0.252395
2026-04-09T02:00:00+02:00,0.251003
2026-04-09T03:00:00+02:00,0.251354
2026-04-09T04:00:00+02:00,0.254089
2026-04-09T05:00:00+02:00,0.266636
2026-04-09T06:00:00+02:00,0.290691
2026-04-09T07:00:00+02:00,0.306772
2026-04-09T08:00:00+02:00,0.287969
2026-04-09T09:00:00+02:00,0.264458
2026-04-09T10:00:00+02:00,0.197194
2026-04-09T11:00:00+02:00,0.132254
2026-04-09T12:00:00+02:00,0.129616
2026-04-09T13:00:00+02:00,0.121460
2026-04-09T14:00:00+02:00,0.121170
2026-04-09T15:00:00+02:00,0.129338
2026-04-09T16:00:00+02:00,0.160229
2026-04-09T17:00:00+02:00,0.221612
2026-04-09T18:00:00+02:00,0.263708
2026-04-09T19:00:00+02:00,0.287956
2026-04-09T20:00:00+02:00,0.280249
2026-04-09T21:00:00+02:00,0.258904
2026-04-09T22:00:00+02:00,0.247071
2026-04-09T23:00:00+02:00,0.228195
2026-04-10T00:00:00+02:00,0.223500
2026-04-10T01:00:00+02:00,0.219652
2026-04-10T02:00:00+02:00,0.218841
2026-04-10T03:00:00+02:00,0.217994
2026-04-10T04:00:00+02:00,0.220426
2026-04-10T05:00:00+02:00,0.229731
2026-04-10T06:00:00+02:00,0.258541
2026-04-10T07:00:00+02:00,0.278990
2026-04-10T08:00:00+02:00,0.282209
2026-04-10T09:00:00+02:00,0.289215
2026-04-10T10:00:00+02:00,0.282850
2026-04-10T11:00:00+02:00,0.260562
2026-04-10T12:00:00+02:00,0.256279
2026-04-10T13:00:00+02:00,0.241432
2026-04-10T14:00:00+02:00,0.246320
2026-04-10T15:00:00+02:00,0.233168
2026-04-10T16:00:00+02:00,0.253375
2026-04-10T17:00:00+02:00,0.276921
2026-04-10T18:00:00+02:00,0.312834
2026-04-10T19:00:00+02:00,0.403100
2026-04-10T20:00:00+02:00,0.418999
2026-04-10T21:00:00+02:00,0.337312
2026-04-10T22:00:00+02:00,0.302767
2026-04-10T23:00:00+02:00,0.282971
2026-04-11T00:00:00+02:00,0.283225
2026-04-11T01:00:00+02:00,0.266431
2026-04-11T02:00:00+02:00,0.257380
2026-04-11T03:00:00+02:00,0.253121
2026-04-11T04:00:00+02:00,0.251487
2026-04-11T05:00:00+02:00,0.248087
2026-04-11T06:00:00+02:00,0.247470
2026-04-11T07:00:00+02:00,0.232998
2026-04-11T08:00:00+02:00,0.208351
2026-04-11T09:00:00+02:00,0.155982
2026-04-11T10:00:00+02:00,0.130717
2026-04-11T11:00:00+02:00,0.124994
2026-04-11T12:00:00+02:00,0.104557
2026-04-11T13:00:00+02:00,0.095796
2026-04-11T14:00:00+02:00,0.101387
2026-04-11T15:00:00+02:00,0.123893
2026-04-11T16:00:00+02:00,0.137832
2026-04-11T17:00:00+02:00,0.154203
2026-04-11T18:00:00+02:00,0.215550
2026-04-11T19:00:00+02:00,0.240851
2026-04-11T20:00:00+02:00,0.260598
2026-04-11T21:00:00+02:00,0.255444
2026-04-11T22:00:00+02:00,0.275929
2026-04-11T23:00:00+02:00,0.230542
2026-04-12T00:00:00+02:00,0.212791
2026-04-12T01:00:00+02:00,0.215175
2026-04-12T02:00:00+02:00,0.219422
2026-04-12T03:00:00+02:00,0.223875
2026-04-12T04:00:00+02:00,0.234523
2026-04-12T05:00:00+02:00,0.237911
2026-04-12T06:00:00+02:00,0.237766
2026-04-12T07:00:00+02:00,0.232696
2026-04-12T08:00:00+02:00,0.213590
2026-04-12T09:00:00+02:00,0.186740
2026-04-12T10:00:00+02:00,0.150162
2026-04-12T11:00:00+02:00,0.128345
2026-04-12T12:00:00+02:00,0.128406
2026-04-12T13:00:00+02:00,0.129483
2026-04-12T14:00:00+02:00,0.136392
2026-04-12T15:00:00+02:00,0.150113
2026-04-12T16:00:00+02:00,0.205398
2026-04-12T17:00:00+02:00,0.255081
2026-04-12T18:00:00+02:00,0.291018
2026-04-12T19:00:00+02:00,0.305114
2026-04-12T20:00:00+02:00,0.307220
2026-04-12T21:00:00+02:00,0.296293
2026-04-12T22:00:00+02:00,0.288888
2026-04-12T23:00:00+02:00,0.277272
2026-04-13T00:00:00+02:00,0.270932
2026-04-13T01:00:00+02:00,0.263708
2026-04-13T02:00:00+02:00,0.259364
2026-04-13T03:00:00+02:00,0.259364
2026-04-13T04:00:00+02:00,0.262801
2026-04-13T05:00:00+02:00,0.272420
2026-04-13T06:00:00+02:00,0.294115
2026-04-13T07:00:00+02:00,0.305501
2026-04-13T08:00:00+02:00,0.340628
2026-04-13T09:00:00+02:00,0.328758
2026-04-13T10:00:00+02:00,0.302561
2026-04-13T11:00:00+02:00,0.278373
2026-04-13T12:00:00+02:00,0.266164
2026-04-13T13:00:00+02:00,0.259618
2026-04-13T14:00:00+02:00,0.269105
2026-04-13T15:00:00+02:00,0.272347
2026-04-13T16:00:00+02:00,0.268391
2026-04-13T17:00:00+02:00,0.282669
2026-04-13T18:00:00+02:00,0.305852
2026-04-13T19:00:00+02:00,0.330440
2026-04-13T20:00:00+02:00,0.316912
2026-04-13T21:00:00+02:00,0.304219
2026-04-13T22:00:00+02:00,0.288997
2026-04-13T23:00:00+02:00,0.279353
2026-04-14T00:00:00+02:00,0.271815
2026-04-14T01:00:00+02:00,0.269068
2026-04-14T02:00:00+02:00,0.270617
2026-04-14T03:00:00+02:00,0.268258
2026-04-14T04:00:00+02:00,0.269577
2026-04-14T05:00:00+02:00,0.273691
2026-04-14T06:00:00+02:00,0.298181
2026-04-14T07:00:00+02:00,0.327657
2026-04-14T08:00:00+02:00,0.330839
2026-04-14T09:00:00+02:00,0.302210
2026-04-14T10:00:00+02:00,0.280091
2026-04-14T11:00:00+02:00,0.260066
2026-04-14T12:00:00+02:00,0.252431
2026-04-14T13:00:00+02:00,0.244590
2026-04-14T14:00:00+02:00,0.241759
2026-04-14T15:00:00+02:00,0.254766
2026-04-14T16:00:00+02:00,0.261627
2026-04-14T17:00:00+02:00,0.283976
2026-04-14T18:00:00+02:00,0.315702
2026-04-14T19:00:00+02:00,0.388157
2026-04-14T20:00:00+02:00,0.402289
2026-04-14T21:00:00+02:00,0.324438
2026-04-14T22:00:00+02:00,0.304788
2026-04-14T23:00:00+02:00,0.290292
2026-04-15T00:00:00+02:00,0.275421
2026-04-15T01:00:00+02:00,0.267955
2026-04-15T02:00:00+02:00,0.262150
2026-04-15T03:00:00+02:00,0.258895
2026-04-15T04:00:00+02:00,0.259863
2026-04-15T05:00:00+02:00,0.273170
2026-04-15T06:00:00+02:00,0.301254
2026-04-15T07:00:00+02:00,0.318291
2026-04-15T08:00:00+02:00,0.299161
2026-04-15T09:00:00+02:00,0.271207
2026-04-15T10:00:00+02:00,0.245513
2026-04-15T11:00:00+02:00,0.214264
2026-04-15T12:00:00+02:00,0.191350
2026-04-15T13:00:00+02:00,0.182151
2026-04-15T14:00:00+02:00,0.199763
2026-04-15T15:00:00+02:00,0.216225
2026-04-15T16:00:00+02:00,0.236940
2026-04-15T17:00:00+02:00,0.265290
2026-04-15T18:00:00+02:00,0.287727
2026-04-15T19:00:00+02:00,0.331441
2026-04-15T20:00:00+02:00,0.339817
2026-04-15T21:00:00+02:00,0.305895
2026-04-15T22:00:00+02:00,0.289015
2026-04-15T23:00:00+02:00,0.271969
2026-04-16T00:00:00+02:00,0.257833
2026-04-16T01:00:00+02:00,0.251974
2026-04-16T02:00:00+02:00,0.248904
2026-04-16T03:00:00+02:00,0.247784
2026-04-16T04:00:00+02:00,0.251088
2026-04-16T05:00:00+02:00,0.260786
2026-04-16T06:00:00+02:00,0.294079
2026-04-16T07:00:00+02:00,0.302458
2026-04-16T08:00:00+02:00,0.291072
2026-04-16T09:00:00+02:00,0.263478
2026-04-16T10:00:00+02:00,0.241178
2026-04-16T11:00:00+02:00,0.211085
2026-04-16T12:00:00+02:00,0.195842
2026-04-16T13:00:00+02:00,0.179253
2026-04-16T14:00:00+02:00,0.187009
2026-04-16T15:00:00+02:00,0.205643
2026-04-16T16:00:00+02:00,0.226440
2026-04-16T17:00:00+02:00,0.259158
2026-04-16T18:00:00+02:00,0.280890
2026-04-16T19:00:00+02:00,0.324135
2026-04-16T20:00:00+02:00,0.349452
2026-04-16T21:00:00+02:00,0.314404
2026-04-16T22:00:00+02:00,0.296935
2026-04-16T23:00:00+02:00,0.282905
2026-04-17T00:00:00+02:00,0.277926
2026-04-17T01:00:00+02:00,0.270541
2026-04-17T02:00:00+02:00,0.267014
2026-04-17T03:00:00+02:00,0.261802
2026-04-17T04:00:00+02:00,0.264764
2026-04-17T05:00:00+02:00,0.274761
2026-04-17T06:00:00+02:00,0.304648
2026-04-17T07:00:00+02:00,0.307489
2026-04-17T08:00:00+02:00,0.283204
2026-04-17T09:00:00+02:00,0.256747
2026-04-17T10:00:00+02:00,0.246381
2026-04-17T11:00:00+02:00,0.216464
2026-04-17T12:00:00+02:00,0.186017
2026-04-17T13:00:00+02:00,0.177925
2026-04-17T14:00:00+02:00,0.187672
2026-04-17T15:00:00+02:00,0.209627
2026-04-17T16:00:00+02:00,0.229456
2026-04-17T17:00:00+02:00,0.256109
2026-04-17T18:00:00+02:00,0.276365
2026-04-17T19:00:00+02:00,0.312967
2026-04-17T20:00:00+02:00,0.316316
2026-04-17T21:00:00+02:00,0.296420
2026-04-17T22:00:00+02:00,0.279190
2026-04-17T23:00:00+02:00,0.265723
2026-04-18T00:00:00+02:00,0.268518
2026-04-18T01:00:00+02:00,0.261917
2026-04-18T02:00:00+02:00,0.259464
2026-04-18T03:00:00+02:00,0.256409
2026-04-18T04:00:00+02:00,0.257295
2026-04-18T05:00:00+02:00,0.259757
2026-04-18T06:00:00+02:00,0.260417
2026-04-18T07:00:00+02:00,0.256672
2026-04-18T08:00:00+02:00,0.253862
2026-04-18T09:00:00+02:00,0.236035
2026-04-18T10:00:00+02:00,0.207165
2026-04-18T11:00:00+02:00,0.180421
2026-04-18T12:00:00+02:00,0.169691
2026-04-18T13:00:00+02:00,0.172038
2026-04-18T14:00:00+02:00,0.172907
2026-04-18T15:00:00+02:00,0.171473
2026-04-18T16:00:00+02:00,0.211073
2026-04-18T17:00:00+02:00,0.242415
2026-04-18T18:00:00+02:00,0.273137
2026-04-18T19:00:00+02:00,0.289551
2026-04-18T20:00:00+02:00,0.305305
2026-04-18T21:00:00+02:00,0.297509
2026-04-18T22:00:00+02:00,0.281710
2026-04-18T23:00:00+02:00,0.277823
2026-04-19T00:00:00+02:00,0.270596
2026-04-19T01:00:00+02:00,0.258169
2026-04-19T02:00:00+02:00,0.262979
2026-04-19T03:00:00+02:00,0.255779
2026-04-19T04:00:00+02:00,0.256040
2026-04-19T05:00:00+02:00,0.249370
2026-04-19T06:00:00+02:00,0.252706
2026-04-19T07:00:00+02:00,0.249348
2026-04-19T08:00:00+02:00,0.248526
2026-04-19T09:00:00+02:00,0.236919
2026-04-19T10:00:00+02:00,0.205044
2026-04-19T11:00:00+02:00,0.165111
2026-04-19T12:00:00+02:00,0.140597
2026-04-19T13:00:00+02:00,0.129825
2026-04-19T14:00:00+02:00,0.127214
2026-04-19T15:00:00+02:00,0.128121
2026-04-19T16:00:00+02:00,0.147161
2026-04-19T17:00:00+02:00,0.209899
2026-04-19T18:00:00+02:00,0.256515
2026-04-19T19:00:00+02:00,0.272187
2026-04-19T20:00:00+02:00,0.281667
2026-04-19T21:00:00+02:00,0.278639
2026-04-19T22:00:00+02:00,0.274916
2026-04-19T23:00:00+02:00,0.265523
2026-04-20T00:00:00+02:00,0.266893
2026-04-20T01:00:00+02:00,0.256817
2026-04-20T02:00:00+02:00,0.257180
2026-04-20T03:00:00+02:00,0.254554
2026-04-20T04:00:00+02:00,0.256106
2026-04-20T05:00:00+02:00,0.262075
2026-04-20T06:00:00+02:00,0.280890
2026-04-20T07:00:00+02:00,0.319943
2026-04-20T08:00:00+02:00,0.310759
2026-04-20T09:00:00+02:00,0.275424
2026-04-20T10:00:00+02:00,0.248374
2026-04-20T11:00:00+02:00,0.228424
2026-04-20T12:00:00+02:00,0.192781
2026-04-20T13:00:00+02:00,0.176627
2026-04-20T14:00:00+02:00,0.175448
2026-04-20T15:00:00+02:00,0.208136
2026-04-20T16:00:00+02:00,0.221642
2026-04-20T17:00:00+02:00,0.252658
2026-04-20T18:00:00+02:00,0.273328
2026-04-20T19:00:00+02:00,0.291586
2026-04-20T20:00:00+02:00,0.287370
2026-04-20T21:00:00+02:00,0.280079
2026-04-20T22:00:00+02:00,0.268503
2026-04-20T23:00:00+02:00,0.250770
2026-04-21T00:00:00+02:00,0.249333
2026-04-21T01:00:00+02:00,0.244741
2026-04-21T02:00:00+02:00,0.242808
2026-04-21T03:00:00+02:00,0.245628
2026-04-21T04:00:00+02:00,0.245827
2026-04-21T05:00:00+02:00,0.246217
2026-04-21T06:00:00+02:00,0.272432
2026-04-21T07:00:00+02:00,0.289935
2026-04-21T08:00:00+02:00,0.274776
2026-04-21T09:00:00+02:00,0.246795
2026-04-21T10:00:00+02:00,0.196323
2026-04-21T11:00:00+02:00,0.152563
2026-04-21T12:00:00+02:00,0.128917
2026-04-21T13:00:00+02:00,0.123251
2026-04-21T14:00:00+02:00,0.121022
2026-04-21T15:00:00+02:00,0.126851
2026-04-21T16:00:00+02:00,0.141008
2026-04-21T17:00:00+02:00,0.204848
2026-04-21T18:00:00+02:00,0.246565
2026-04-21T19:00:00+02:00,0.277696
2026-04-21T20:00:00+02:00,0.288873
2026-04-21T21:00:00+02:00,0.277224
2026-04-21T22:00:00+02:00,0.268363
2026-04-21T23:00:00+02:00,0.254125
2026-04-22T00:00:00+02:00,0.249345
2026-04-22T01:00:00+02:00,0.246798
2026-04-22T02:00:00+02:00,0.247361
2026-04-22T03:00:00+02:00,0.247754
2026-04-22T04:00:00+02:00,0.247512
2026-04-22T05:00:00+02:00,0.258741
2026-04-22T06:00:00+02:00,0.281032
2026-04-22T07:00:00+02:00,0.293598
2026-04-22T08:00:00+02:00,0.268276
2026-04-22T09:00:00+02:00,0.231740
2026-04-22T10:00:00+02:00,0.152815
2026-04-22T11:00:00+02:00,0.128896
2026-04-22T12:00:00+02:00,0.122970
2026-04-22T13:00:00+02:00,0.107137
2026-04-22T14:00:00+02:00,0.108840
2026-04-22T15:00:00+02:00,0.125487
2026-04-22T16:00:00+02:00,0.131089
2026-04-22T17:00:00+02:00,0.192339
2026-04-22T18:00:00+02:00,0.243664
2026-04-22T19:00:00+02:00,0.288162
2026-04-22T20:00:00+02:00,0.309776
2026-04-22T21:00:00+02:00,0.273237
2026-04-22T22:00:00+02:00,0.264192
2026-04-22T23:00:00+02:00,0.257994
2026-04-23T00:00:00+02:00,0.256690
2026-04-23T01:00:00+02:00,0.250056
2026-04-23T02:00:00+02:00,0.259352
2026-04-23T03:00:00+02:00,0.263605
2026-04-23T04:00:00+02:00,0.264942
2026-04-23T05:00:00+02:00,0.272747
2026-04-23T06:00:00+02:00,0.298931
2026-04-23T07:00:00+02:00,0.306772
2026-04-23T08:00:00+02:00,0.274619
2026-04-23T09:00:00+02:00,0.228509
2026-04-23T10:00:00+02:00,0.151396
2026-04-23T11:00:00+02:00,0.130850
2026-04-23T12:00:00+02:00,0.097279
2026-04-23T13:00:00+02:00,0.071118
2026-04-23T14:00:00+02:00,0.072089
2026-04-23T15:00:00+02:00,0.103459
2026-04-23T16:00:00+02:00,0.128503
2026-04-23T17:00:00+02:00,0.157455
2026-04-23T18:00:00+02:00,0.249430
2026-04-23T19:00:00+02:00,0.280004
2026-04-23T20:00:00+02:00,0.294152
2026-04-23T21:00:00+02:00,0.314710
2026-04-23T22:00:00+02:00,0.305332
2026-04-23T23:00:00+02:00,0.282947
2026-04-24T00:00:00+02:00,0.251989
2026-04-24T01:00:00+02:00,0.252007
2026-04-24T02:00:00+02:00,0.252709
2026-04-24T03:00:00+02:00,0.253895
2026-04-24T04:00:00+02:00,0.253644
2026-04-24T05:00:00+02:00,0.263527
2026-04-24T06:00:00+02:00,0.285730
2026-04-24T07:00:00+02:00,0.302870
2026-04-24T08:00:00+02:00,0.293535
2026-04-24T09:00:00+02:00,0.255093
2026-04-24T10:00:00+02:00,0.162216
2026-04-24T11:00:00+02:00,0.130808
2026-04-24T12:00:00+02:00,0.122492
2026-04-24T13:00:00+02:00,0.099260
2026-04-24T14:00:00+02:00,0.094620
2026-04-24T15:00:00+02:00,0.110843
2026-04-24T16:00:00+02:00,0.128920
2026-04-24T17:00:00+02:00,0.187091
2026-04-24T18:00:00+02:00,0.256657
2026-04-24T19:00:00+02:00,0.296097
2026-04-24T20:00:00+02:00,0.319190
2026-04-24T21:00:00+02:00,0.314658
2026-04-24T22:00:00+02:00,0.289793
2026-04-24T23:00:00+02:00,0.276050
2026-04-25T00:00:00+02:00,0.293069
2026-04-25T01:00:00+02:00,0.282581
2026-04-25T02:00:00+02:00,0.271458
2026-04-25T03:00:00+02:00,0.258230
2026-04-25T04:00:00+02:00,0.264011
2026-04-25T05:00:00+02:00,0.259155
2026-04-25T06:00:00+02:00,0.293232
2026-04-25T07:00:00+02:00,0.282100
2026-04-25T08:00:00+02:00,0.290857
2026-04-25T09:00:00+02:00,0.197403
2026-04-25T10:00:00+02:00,0.129253
2026-04-25T11:00:00+02:00,0.079894
2026-04-25T12:00:00+02:00,0.009472
2026-04-25T13:00:00+02:00,-0.082134
2026-04-25T14:00:00+02:00,-0.099461
2026-04-25T15:00:00+02:00,-0.030745
2026-04-25T16:00:00+02:00,0.065785
2026-04-25T17:00:00+02:00,0.129068
2026-04-25T18:00:00+02:00,0.233818
2026-04-25T19:00:00+02:00,0.284520
2026-04-25T20:00:00+02:00,0.314056
2026-04-25T21:00:00+02:00,0.319758
2026-04-25T22:00:00+02:00,0.305405
2026-04-25T23:00:00+02:00,0.299521
2026-04-26T00:00:00+02:00,0.276053
2026-04-26T01:00:00+02:00,0.251850
2026-04-26T02:00:00+02:00,0.249720
2026-04-26T03:00:00+02:00,0.266458
2026-04-26T04:00:00+02:00,0.274767
2026-04-26T05:00:00+02:00,0.267057
2026-04-26T06:00:00+02:00,0.276346
2026-04-26T07:00:00+02:00,0.271207
2026-04-26T08:00:00+02:00,0.227335
2026-04-26T09:00:00+02:00,0.131388
2026-04-26T10:00:00+02:00,0.096746
2026-04-26T11:00:00+02:00,-0.023068
2026-04-26T12:00:00+02:00,-0.183441
2026-04-26T13:00:00+02:00,-0.369291
2026-04-26T14:00:00+02:00,-0.368759
2026-04-26T15:00:00+02:00,-0.154096
2026-04-26T16:00:00+02:00,0.085774
2026-04-26T17:00:00+02:00,0.145064
2026-04-26T18:00:00+02:00,0.273793
2026-04-26T19:00:00+02:00,0.323128
2026-04-26T20:00:00+02:00,0.331362
2026-04-26T21:00:00+02:00,0.306364
2026-04-26T22:00:00+02:00,0.285228
2026-04-26T23:00:00+02:00,0.275369
2026-04-27T00:00:00+02:00,0.265720
2026-04-27T01:00:00+02:00,0.259367
2026-04-27T02:00:00+02:00,0.259040
2026-04-27T03:00:00+02:00,0.257132
2026-04-27T04:00:00+02:00,0.262383
2026-04-27T05:00:00+02:00,0.274882
2026-04-27T06:00:00+02:00,0.331187
2026-04-27T07:00:00+02:00,0.316815
2026-04-27T08:00:00+02:00,0.284460
2026-04-27T09:00:00+02:00,0.278098
2026-04-27T10:00:00+02:00,0.233700
2026-04-27T11:00:00+02:00,0.138083
2026-04-27T12:00:00+02:00,0.130732
2026-04-27T13:00:00+02:00,0.129846
2026-04-27T14:00:00+02:00,0.130653
2026-04-27T15:00:00+02:00,0.136791
2026-04-27T16:00:00+02:00,0.202304
2026-04-27T17:00:00+02:00,0.251151
2026-04-27T18:00:00+02:00,0.277762
2026-04-27T19:00:00+02:00,0.342385
2026-04-27T20:00:00+02:00,0.322995
2026-04-27T21:00:00+02:00,0.308865
2026-04-27T22:00:00+02:00,0.277088
2026-04-27T23:00:00+02:00,0.259794
2026-04-28T00:00:00+02:00,0.265012
2026-04-28T01:00:00+02:00,0.260202
2026-04-28T02:00:00+02:00,0.255456
2026-04-28T03:00:00+02:00,0.251853
2026-04-28T04:00:00+02:00,0.249418
2026-04-28T05:00:00+02:00,0.253732
2026-04-28T06:00:00+02:00,0.264026
2026-04-28T07:00:00+02:00,0.268094
2026-04-28T08:00:00+02:00,0.262625
2026-04-28T09:00:00+02:00,0.223687
2026-04-28T10:00:00+02:00,0.157518
2026-04-28T11:00:00+02:00,0.126134
2026-04-28T12:00:00+02:00,0.092133
2026-04-28T13:00:00+02:00,0.077849
2026-04-28T14:00:00+02:00,0.072770
2026-04-28T15:00:00+02:00,0.082562
2026-04-28T16:00:00+02:00,0.121557
2026-04-28T17:00:00+02:00,0.158244
2026-04-28T18:00:00+02:00,0.232263
2026-04-28T19:00:00+02:00,0.262791
2026-04-28T20:00:00+02:00,0.265611
2026-04-28T21:00:00+02:00,0.257779
2026-04-28T22:00:00+02:00,0.251850
2026-04-28T23:00:00+02:00,0.240960
2026-04-29T00:00:00+02:00,0.239590
2026-04-29T01:00:00+02:00,0.237403
2026-04-29T02:00:00+02:00,0.236462
2026-04-29T03:00:00+02:00,0.235503
2026-04-29T04:00:00+02:00,0.237133
2026-04-29T05:00:00+02:00,0.246048
2026-04-29T06:00:00+02:00,0.293604
2026-04-29T07:00:00+02:00,0.271576
2026-04-29T08:00:00+02:00,0.253420
2026-04-29T09:00:00+02:00,0.201305
2026-04-29T10:00:00+02:00,0.130835
2026-04-29T11:00:00+02:00,0.119110
2026-04-29T12:00:00+02:00,0.092115
2026-04-29T13:00:00+02:00,0.062173
2026-04-29T14:00:00+02:00,0.067428
2026-04-29T15:00:00+02:00,0.090493
2026-04-29T16:00:00+02:00,0.118115
2026-04-29T17:00:00+02:00,0.152597
2026-04-29T18:00:00+02:00,0.228878
2026-04-29T19:00:00+02:00,0.272429
2026-04-29T20:00:00+02:00,0.307074
2026-04-29T21:00:00+02:00,0.288138
2026-04-29T22:00:00+02:00,0.258617
2026-04-29T23:00:00+02:00,0.246224
2026-04-30T00:00:00+02:00,0.241024
2026-04-30T01:00:00+02:00,0.239674
2026-04-30T02:00:00+02:00,0.238222
2026-04-30T03:00:00+02:00,0.237082
2026-04-30T04:00:00+02:00,0.242533
2026-04-30T05:00:00+02:00,0.253444
2026-04-30T06:00:00+02:00,0.291124
2026-04-30T07:00:00+02:00,0.265611
2026-04-30T08:00:00+02:00,0.233757
2026-04-30T09:00:00+02:00,0.180463
2026-04-30T10:00:00+02:00,0.130832
2026-04-30T11:00:00+02:00,0.126642
2026-04-30T12:00:00+02:00,0.110649
2026-04-30T13:00:00+02:00,0.092675
2026-04-30T14:00:00+02:00,0.096976
2026-04-30T15:00:00+02:00,0.116766
2026-04-30T16:00:00+02:00,0.128445
2026-04-30T17:00:00+02:00,0.153858
2026-04-30T18:00:00+02:00,0.232947
2026-04-30T19:00:00+02:00,0.291644
2026-04-30T20:00:00+02:00,0.342243
2026-04-30T21:00:00+02:00,0.304243
2026-04-30T22:00:00+02:00,0.267967
2026-04-30T23:00:00+02:00,0.257715
2026-05-01T00:00:00+02:00,0.260595
2026-05-01T01:00:00+02:00,0.255583
2026-05-01T02:00:00+02:00,0.253526
2026-05-01T03:00:00+02:00,0.251030
2026-05-01T04:00:00+02:00,0.249167
2026-05-01T05:00:00+02:00,0.248819
2026-05-01T06:00:00+02:00,0.257873
2026-05-01T07:00:00+02:00,0.241263
2026-05-01T08:00:00+02:00,0.171872
2026-05-01T09:00:00+02:00,0.130817
2026-05-01T10:00:00+02:00,0.105328
2026-05-01T11:00:00+02:00,0.000246
2026-05-01T12:00:00+02:00,-0.253104
2026-05-01T13:00:00+02:00,-0.472265
2026-05-01T14:00:00+02:00,-0.442657
2026-05-01T15:00:00+02:00,-0.117478
2026-05-01T16:00:00+02:00,0.099196
2026-05-01T17:00:00+02:00,0.137015
2026-05-01T18:00:00+02:00,0.249739
2026-05-01T19:00:00+02:00,0.324453
2026-05-01T20:00:00+02:00,0.346061
2026-05-01T21:00:00+02:00,0.303820
2026-05-01T22:00:00+02:00,0.293023
2026-05-01T23:00:00+02:00,0.282551
2026-05-02T00:00:00+02:00,0.280137
2026-05-02T01:00:00+02:00,0.270142
2026-05-02T02:00:00+02:00,0.275929
2026-05-02T03:00:00+02:00,0.262389
2026-05-02T04:00:00+02:00,0.262014
2026-05-02T05:00:00+02:00,0.261034
2026-05-02T06:00:00+02:00,0.260668
2026-05-02T07:00:00+02:00,0.253181
2026-05-02T08:00:00+02:00,0.219685
2026-05-02T09:00:00+02:00,0.137892
2026-05-02T10:00:00+02:00,0.130221
2026-05-02T11:00:00+02:00,0.119688
2026-05-02T12:00:00+02:00,0.108610
2026-05-02T13:00:00+02:00,0.058937
2026-05-02T14:00:00+02:00,0.082438
2026-05-02T15:00:00+02:00,0.120205
2026-05-02T16:00:00+02:00,0.130923
2026-05-02T17:00:00+02:00,0.219767
2026-05-02T18:00:00+02:00,0.298072
2026-05-02T19:00:00+02:00,0.335534
2026-05-02T20:00:00+02:00,0.377279
2026-05-02T21:00:00+02:00,0.325854
2026-05-02T22:00:00+02:00,0.303021
2026-05-02T23:00:00+02:00,0.277641
2026-05-03T00:00:00+02:00,0.276204
2026-05-03T01:00:00+02:00,0.271249
2026-05-03T02:00:00+02:00,0.268860
2026-05-03T03:00:00+02:00,0.264873
2026-05-03T04:00:00+02:00,0.259564
2026-05-03T05:00:00+02:00,0.260474
2026-05-03T06:00:00+02:00,0.255731
2026-05-03T07:00:00+02:00,0.246508
2026-05-03T08:00:00+02:00,0.228491
2026-05-03T09:00:00+02:00,0.188298
2026-05-03T10:00:00+02:00,0.161097
2026-05-03T11:00:00+02:00,0.160141
2026-05-03T12:00:00+02:00,0.165411
2026-05-03T13:00:00+02:00,0.170958
2026-05-03T14:00:00+02:00,0.179247
2026-05-03T15:00:00+02:00,0.185309
2026-05-03T16:00:00+02:00,0.209806
2026-05-03T17:00:00+02:00,0.258659
2026-05-03T18:00:00+02:00,0.273367
2026-05-03T19:00:00+02:00,0.298986
2026-05-03T20:00:00+02:00,0.306445
2026-05-03T21:00:00+02:00,0.295824
2026-05-03T22:00:00+02:00,0.287775
2026-05-03T23:00:00+02:00,0.275360
2026-05-04T00:00:00+02:00,0.272635
2026-05-04T01:00:00+02:00,0.262065
2026-05-04T02:00:00+02:00,0.264588
2026-05-04T03:00:00+02:00,0.259530
2026-05-04T04:00:00+02:00,0.262332
2026-05-04T05:00:00+02:00,0.284384
2026-05-04T06:00:00+02:00,0.310834
2026-05-04T07:00:00+02:00,0.315454
2026-05-04T08:00:00+02:00,0.294732
2026-05-04T09:00:00+02:00,0.273805
2026-05-04T10:00:00+02:00,0.262310
2026-05-04T11:00:00+02:00,0.253889
2026-05-04T12:00:00+02:00,0.238192
2026-05-04T13:00:00+02:00,0.230354
2026-05-04T14:00:00+02:00,0.244959
2026-05-04T15:00:00+02:00,0.253226
2026-05-04T16:00:00+02:00,0.260048
2026-05-04T17:00:00+02:00,0.279456
2026-05-04T18:00:00+02:00,0.282224
2026-05-04T19:00:00+02:00,0.379339
2026-05-04T20:00:00+02:00,0.397486
2026-05-04T21:00:00+02:00,0.355789
2026-05-04T22:00:00+02:00,0.314180
2026-05-04T23:00:00+02:00,0.294757
2026-05-05T00:00:00+02:00,0.286819
2026-05-05T01:00:00+02:00,0.280303
2026-05-05T02:00:00+02:00,0.274241
2026-05-05T03:00:00+02:00,0.274054
2026-05-05T04:00:00+02:00,0.276135
2026-05-05T05:00:00+02:00,0.287554
2026-05-05T06:00:00+02:00,0.314779
2026-05-05T07:00:00+02:00,0.321709
2026-05-05T08:00:00+02:00,0.304040
2026-05-05T09:00:00+02:00,0.286568
2026-05-05T10:00:00+02:00,0.269325
2026-05-05T11:00:00+02:00,0.263285
2026-05-05T12:00:00+02:00,0.253181
2026-05-05T13:00:00+02:00,0.250846
2026-05-05T14:00:00+02:00,0.251151
2026-05-05T15:00:00+02:00,0.255462
2026-05-05T16:00:00+02:00,0.257564
2026-05-05T17:00:00+02:00,0.271900
2026-05-05T18:00:00+02:00,0.283259
2026-05-05T19:00:00+02:00,0.297225
2026-05-05T20:00:00+02:00,0.305014
2026-05-05T21:00:00+02:00,0.301176
2026-05-05T22:00:00+02:00,0.281976
2026-05-05T23:00:00+02:00,0.265072
2026-05-06T00:00:00+02:00,0.275729
2026-05-06T01:00:00+02:00,0.268515
2026-05-06T02:00:00+02:00,0.266246
2026-05-06T03:00:00+02:00,0.265922
2026-05-06T04:00:00+02:00,0.265865
2026-05-06T05:00:00+02:00,0.270738
2026-05-06T06:00:00+02:00,0.287690
2026-05-06T07:00:00+02:00,0.300589
2026-05-06T08:00:00+02:00,0.299966
2026-05-06T09:00:00+02:00,0.278101
2026-05-06T10:00:00+02:00,0.264192
2026-05-06T11:00:00+02:00,0.258950
2026-05-06T12:00:00+02:00,0.254954
2026-05-06T13:00:00+02:00,0.242113
2026-05-06T14:00:00+02:00,0.241722
2026-05-06T15:00:00+02:00,0.255919
2026-05-06T16:00:00+02:00,0.263947
2026-05-06T17:00:00+02:00,0.276228
2026-05-06T18:00:00+02:00,0.294853
2026-05-06T19:00:00+02:00,0.315980
2026-05-06T20:00:00+02:00,0.320094
2026-05-06T21:00:00+02:00,0.317928
2026-05-06T22:00:00+02:00,0.304379
2026-05-06T23:00:00+02:00,0.286250
2026-05-07T00:00:00+02:00,0.282306
2026-05-07T01:00:00+02:00,0.271818
2026-05-07T02:00:00+02:00,0.270103
2026-05-07T03:00:00+02:00,0.270693
2026-05-07T04:00:00+02:00,0.272459
2026-05-07T05:00:00+02:00,0.281371
2026-05-07T06:00:00+02:00,0.308986
2026-05-07T07:00:00+02:00,0.327750
2026-05-07T08:00:00+02:00,0.317496
2026-05-07T09:00:00+02:00,0.280621
2026-05-07T10:00:00+02:00,0.260350
2026-05-07T11:00:00+02:00,0.248622
2026-05-07T12:00:00+02:00,0.247942
2026-05-07T13:00:00+02:00,0.245848
2026-05-07T14:00:00+02:00,0.246895
2026-05-07T15:00:00+02:00,0.252942
2026-05-07T16:00:00+02:00,0.263046
2026-05-07T17:00:00+02:00,0.280270
2026-05-07T18:00:00+02:00,0.303130
2026-05-07T19:00:00+02:00,0.347370
2026-05-07T20:00:00+02:00,0.387533
2026-05-07T21:00:00+02:00,0.345909
2026-05-07T22:00:00+02:00,0.316174
2026-05-07T23:00:00+02:00,0.300919
2026-05-08T00:00:00+02:00,0.285452
2026-05-08T01:00:00+02:00,0.274471
2026-05-08T02:00:00+02:00,0.271162
2026-05-08T03:00:00+02:00,0.266424
2026-05-08T04:00:00+02:00,0.265556
2026-05-08T05:00:00+02:00,0.274274
2026-05-08T06:00:00+02:00,0.297851
2026-05-08T07:00:00+02:00,0.298229
2026-05-08T08:00:00+02:00,0.286414
2026-05-08T09:00:00+02:00,0.266273
2026-05-08T10:00:00+02:00,0.241184
2026-05-08T11:00:00+02:00,0.216412
2026-05-08T12:00:00+02:00,0.202633
2026-05-08T13:00:00+02:00,0.196042
2026-05-08T14:00:00+02:00,0.203172
2026-05-08T15:00:00+02:00,0.222774
2026-05-08T16:00:00+02:00,0.242705
2026-05-08T17:00:00+02:00,0.261140
2026-05-08T18:00:00+02:00,0.275893
2026-05-08T19:00:00+02:00,0.297213
2026-05-08T20:00:00+02:00,0.308496
2026-05-08T21:00:00+02:00,0.294152
2026-05-08T22:00:00+02:00,0.282100
2026-05-08T23:00:00+02:00,0.269577
2026-05-09T00:00:00+02:00,0.276053
2026-05-09T01:00:00+02:00,0.272190
2026-05-09T02:00:00+02:00,0.268660
2026-05-09T03:00:00+02:00,0.267504
2026-05-09T04:00:00+02:00,0.268593
2026-05-09T05:00:00+02:00,0.272611
2026-05-09T06:00:00+02:00,0.273896
2026-05-09T07:00:00+02:00,0.265320
2026-05-09T08:00:00+02:00,0.253272
2026-05-09T09:00:00+02:00,0.207071
2026-05-09T10:00:00+02:00,0.142868
2026-05-09T11:00:00+02:00,0.130835
2026-05-09T12:00:00+02:00,0.130790
2026-05-09T13:00:00+02:00,0.130741
2026-05-09T14:00:00+02:00,0.130835
2026-05-09T15:00:00+02:00,0.130853
2026-05-09T16:00:00+02:00,0.160229
2026-05-09T17:00:00+02:00,0.229873
2026-05-09T18:00:00+02:00,0.269274
2026-05-09T19:00:00+02:00,0.286517
2026-05-09T20:00:00+02:00,0.301427
2026-05-09T21:00:00+02:00,0.295477
2026-05-09T22:00:00+02:00,0.288102
2026-05-09T23:00:00+02:00,0.277030
2026-05-10T00:00:00+02:00,0.276280
2026-05-10T01:00:00+02:00,0.273098
2026-05-10T02:00:00+02:00,0.269994
2026-05-10T03:00:00+02:00,0.267296
2026-05-10T04:00:00+02:00,0.264882
2026-05-10T05:00:00+02:00,0.264401
2026-05-10T06:00:00+02:00,0.259546
2026-05-10T07:00:00+02:00,0.244575
2026-05-10T08:00:00+02:00,0.207857
2026-05-10T09:00:00+02:00,0.144378
2026-05-10T10:00:00+02:00,0.130838
2026-05-10T11:00:00+02:00,0.128923
2026-05-10T12:00:00+02:00,0.126010
2026-05-10T13:00:00+02:00,0.126010
2026-05-10T14:00:00+02:00,0.127958
2026-05-10T15:00:00+02:00,0.130544
2026-05-10T16:00:00+02:00,0.133324
2026-05-10T17:00:00+02:00,0.204612
2026-05-10T18:00:00+02:00,0.251109
2026-05-10T19:00:00+02:00,0.264749
2026-05-10T20:00:00+02:00,0.280636
2026-05-10T21:00:00+02:00,0.280164
2026-05-10T22:00:00+02:00,0.275490
2026-05-10T23:00:00+02:00,0.267798
2026-05-11T00:00:00+02:00,0.262431
2026-05-11T01:00:00+02:00,0.254905
2026-05-11T02:00:00+02:00,0.253096
2026-05-11T03:00:00+02:00,0.257380
2026-05-11T04:00:00+02:00,0.259582
2026-05-11T05:00:00+02:00,0.274314
2026-05-11T06:00:00+02:00,0.298613
2026-05-11T07:00:00+02:00,0.331559
2026-05-11T08:00:00+02:00,0.320645
2026-05-11T09:00:00+02:00,0.288344
2026-05-11T10:00:00+02:00,0.272184
2026-05-11T11:00:00+02:00,0.256197
2026-05-11T12:00:00+02:00,0.246590
2026-05-11T13:00:00+02:00,0.238782
2026-05-11T14:00:00+02:00,0.229099
2026-05-11T15:00:00+02:00,0.215550
2026-05-11T16:00:00+02:00,0.204690
2026-05-11T17:00:00+02:00,0.249312
2026-05-11T18:00:00+02:00,0.267359
2026-05-11T19:00:00+02:00,0.282351
2026-05-11T20:00:00+02:00,0.288465
2026-05-11T21:00:00+02:00,0.284904
2026-05-11T22:00:00+02:00,0.277024
2026-05-11T23:00:00+02:00,0.262779
2026-05-12T00:00:00+02:00,0.250846
2026-05-12T01:00:00+02:00,0.245228
2026-05-12T02:00:00+02:00,0.239036
2026-05-12T03:00:00+02:00,0.237572
2026-05-12T04:00:00+02:00,0.240416
2026-05-12T05:00:00+02:00,0.244327
2026-05-12T06:00:00+02:00,0.265602
2026-05-12T07:00:00+02:00,0.279217
2026-05-12T08:00:00+02:00,0.266545
2026-05-12T09:00:00+02:00,0.244681
2026-05-12T10:00:00+02:00,0.224537
2026-05-12T11:00:00+02:00,0.204914
2026-05-12T12:00:00+02:00,0.184105
2026-05-12T13:00:00+02:00,0.163919
2026-05-12T14:00:00+02:00,0.161705
2026-05-12T15:00:00+02:00,0.185143
2026-05-12T16:00:00+02:00,0.217220
2026-05-12T17:00:00+02:00,0.247010
2026-05-12T18:00:00+02:00,0.269855
2026-05-12T19:00:00+02:00,0.294339
2026-05-12T20:00:00+02:00,0.303732
2026-05-12T21:00:00+02:00,0.303568
2026-05-12T22:00:00+02:00,0.289632
2026-05-12T23:00:00+02:00,0.274047
2026-05-13T00:00:00+02:00,0.263572
2026-05-13T01:00:00+02:00,0.256339
2026-05-13T02:00:00+02:00,0.251036
2026-05-13T03:00:00+02:00,0.251850
2026-05-13T04:00:00+02:00,0.257755
2026-05-13T05:00:00+02:00,0.267383
2026-05-13T06:00:00+02:00,0.284036
2026-05-13T07:00:00+02:00,0.292684
2026-05-13T08:00:00+02:00,0.277296
2026-05-13T09:00:00+02:00,0.242672
2026-05-13T10:00:00+02:00,0.223218
2026-05-13T11:00:00+02:00,0.220320
2026-05-13T12:00:00+02:00,0.211206
2026-05-13T13:00:00+02:00,0.207930
2026-05-13T14:00:00+02:00,0.205667
2026-05-13T15:00:00+02:00,0.218469
2026-05-13T16:00:00+02:00,0.229060
2026-05-13T17:00:00+02:00,0.248172
2026-05-13T18:00:00+02:00,0.274864
2026-05-13T19:00:00+02:00,0.301112
2026-05-13T20:00:00+02:00,0.326416
2026-05-13T21:00:00+02:00,0.312662
2026-05-13T22:00:00+02:00,0.293123
2026-05-13T23:00:00+02:00,0.275043
2026-05-14T00:00:00+02:00,0.274541
2026-05-14T01:00:00+02:00,0.267244
2026-05-14T02:00:00+02:00,0.262604
2026-05-14T03:00:00+02:00,0.260964
2026-05-14T04:00:00+02:00,0.258209
2026-05-14T05:00:00+02:00,0.257504
2026-05-14T06:00:00+02:00,0.254158
2026-05-14T07:00:00+02:00,0.256130
2026-05-14T08:00:00+02:00,0.244530
2026-05-14T09:00:00+02:00,0.228842
2026-05-14T10:00:00+02:00,0.196347
2026-05-14T11:00:00+02:00,0.169516
2026-05-14T12:00:00+02:00,0.153622
2026-05-14T13:00:00+02:00,0.139843
2026-05-14T14:00:00+02:00,0.135986
2026-05-14T15:00:00+02:00,0.150025
2026-05-14T16:00:00+02:00,0.202337
2026-05-14T17:00:00+02:00,0.233146
2026-05-14T18:00:00+02:00,0.271876
2026-05-14T19:00:00+02:00,0.294336
2026-05-14T20:00:00+02:00,0.320191
2026-05-14T21:00:00+02:00,0.315402
2026-05-14T22:00:00+02:00,0.304954
2026-05-14T23:00:00+02:00,0.288474
2026-05-15T00:00:00+02:00,0.288743
2026-05-15T01:00:00+02:00,0.280754
2026-05-15T02:00:00+02:00,0.274392
2026-05-15T03:00:00+02:00,0.267513
2026-05-15T04:00:00+02:00,0.268185
2026-05-15T05:00:00+02:00,0.272366
2026-05-15T06:00:00+02:00,0.284514
2026-05-15T07:00:00+02:00,0.282109
2026-05-15T08:00:00+02:00,0.270777
2026-05-15T09:00:00+02:00,0.248498
2026-05-15T10:00:00+02:00,0.219667
2026-05-15T11:00:00+02:00,0.201847
2026-05-15T12:00:00+02:00,0.189910
2026-05-15T13:00:00+02:00,0.173614
2026-05-15T14:00:00+02:00,0.173663
2026-05-15T15:00:00+02:00,0.184604
2026-05-15T16:00:00+02:00,0.211781
2026-05-15T17:00:00+02:00,0.244142
2026-05-15T18:00:00+02:00,0.268376
2026-05-15T19:00:00+02:00,0.291774
2026-05-15T20:00:00+02:00,0.305931
2026-05-15T21:00:00+02:00,0.306052
2026-05-15T22:00:00+02:00,0.299591
2026-05-15T23:00:00+02:00,0.288930
2026-05-16T00:00:00+02:00,0.283310
2026-05-16T01:00:00+02:00,0.272998
2026-05-16T02:00:00+02:00,0.271815
2026-05-16T03:00:00+02:00,0.271213
2026-05-16T04:00:00+02:00,0.268814
2026-05-16T05:00:00+02:00,0.263154
2026-05-16T06:00:00+02:00,0.258756
2026-05-16T07:00:00+02:00,0.251904
2026-05-16T08:00:00+02:00,0.232547
2026-05-16T09:00:00+02:00,0.180460
2026-05-16T10:00:00+02:00,0.135850
2026-05-16T11:00:00+02:00,0.131261
2026-05-16T12:00:00+02:00,0.130169
2026-05-16T13:00:00+02:00,0.129114
2026-05-16T14:00:00+02:00,0.129334
2026-05-16T15:00:00+02:00,0.130054
2026-05-16T16:00:00+02:00,0.136141
2026-05-16T17:00:00+02:00,0.198274
2026-05-16T18:00:00+02:00,0.249327
2026-05-16T19:00:00+02:00,0.279099
2026-05-16T20:00:00+02:00,0.300162
2026-05-16T21:00:00+02:00,0.301890
2026-05-16T22:00:00+02:00,0.294493
2026-05-16T23:00:00+02:00,0.281749
2026-05-17T00:00:00+02:00,0.280107
2026-05-17T01:00:00+02:00,0.271488
2026-05-17T02:00:00+02:00,0.266394
2026-05-17T03:00:00+02:00,0.263847
2026-05-17T04:00:00+02:00,0.258653
2026-05-17T05:00:00+02:00,0.254863
2026-05-17T06:00:00+02:00,0.247397
2026-05-17T07:00:00+02:00,0.226370
2026-05-17T08:00:00+02:00,0.194795
2026-05-17T09:00:00+02:00,0.154152
2026-05-17T10:00:00+02:00,0.135073
2026-05-17T11:00:00+02:00,0.131534
2026-05-17T12:00:00+02:00,0.132798
2026-05-17T13:00:00+02:00,0.130850
2026-05-17T14:00:00+02:00,0.132626
2026-05-17T15:00:00+02:00,0.151372
2026-05-17T16:00:00+02:00,0.198126
2026-05-17T17:00:00+02:00,0.252882
2026-05-17T18:00:00+02:00,0.287491
2026-05-17T19:00:00+02:00,0.303962
2026-05-17T20:00:00+02:00,0.313566
2026-05-17T21:00:00+02:00,0.316031
2026-05-17T22:00:00+02:00,0.310411
2026-05-17T23:00:00+02:00,0.299872
2026-05-18T00:00:00+02:00,0.288449
2026-05-18T01:00:00+02:00,0.278948
2026-05-18T02:00:00+02:00,0.278679
2026-05-18T03:00:00+02:00,0.278769
2026-05-18T04:00:00+02:00,0.282309
2026-05-18T05:00:00+02:00,0.291169
2026-05-18T06:00:00+02:00,0.309809
2026-05-18T07:00:00+02:00,0.325969
2026-05-18T08:00:00+02:00,0.338728
2026-05-18T09:00:00+02:00,0.300253
2026-05-18T10:00:00+02:00,0.278597
2026-05-18T11:00:00+02:00,0.259107
2026-05-18T12:00:00+02:00,0.250029
2026-05-18T13:00:00+02:00,0.240443
2026-05-18T14:00:00+02:00,0.241843
2026-05-18T15:00:00+02:00,0.250168
2026-05-18T16:00:00+02:00,0.258206
2026-05-18T17:00:00+02:00,0.282409
2026-05-18T18:00:00+02:00,0.303892
2026-05-18T19:00:00+02:00,0.348420
2026-05-18T20:00:00+02:00,0.408436
2026-05-18T21:00:00+02:00,0.374837
2026-05-18T22:00:00+02:00,0.319126
2026-05-18T23:00:00+02:00,0.303880
2026-05-19T00:00:00+02:00,0.301729
2026-05-19T01:00:00+02:00,0.292125
2026-05-19T02:00:00+02:00,0.287899
2026-05-19T03:00:00+02:00,0.286262
2026-05-19T04:00:00+02:00,0.287678
2026-05-19T05:00:00+02:00,0.294723
2026-05-19T06:00:00+02:00,0.312958
2026-05-19T07:00:00+02:00,0.303898
2026-05-19T08:00:00+02:00,0.281571
2026-05-19T09:00:00+02:00,0.258738
2026-05-19T10:00:00+02:00,0.236716
2026-05-19T11:00:00+02:00,0.221204
2026-05-19T12:00:00+02:00,0.210193
2026-05-19T13:00:00+02:00,0.211823
2026-05-19T14:00:00+02:00,0.213941
2026-05-19T15:00:00+02:00,0.225626
2026-05-19T16:00:00+02:00,0.239423
2026-05-19T17:00:00+02:00,0.267928
2026-05-19T18:00:00+02:00,0.287370
2026-05-19T19:00:00+02:00,0.319913
2026-05-19T20:00:00+02:00,0.333292
2026-05-19T21:00:00+02:00,0.312653
2026-05-19T22:00:00+02:00,0.297894
2026-05-19T23:00:00+02:00,0.282563
2026-05-20T00:00:00+02:00,0.271851
2026-05-20T01:00:00+02:00,0.262925
2026-05-20T02:00:00+02:00,0.253559
2026-05-20T03:00:00+02:00,0.249811
2026-05-20T04:00:00+02:00,0.248671
2026-05-20T05:00:00+02:00,0.260414
2026-05-20T06:00:00+02:00,0.280091
2026-05-20T07:00:00+02:00,0.286883
2026-05-20T08:00:00+02:00,0.275805
2026-05-20T09:00:00+02:00,0.250794
2026-05-20T10:00:00+02:00,0.223929
2026-05-20T11:00:00+02:00,0.208217
2026-05-20T12:00:00+02:00,0.196311
2026-05-20T13:00:00+02:00,0.176824
2026-05-20T14:00:00+02:00,0.165278
2026-05-20T15:00:00+02:00,0.177738
2026-05-20T16:00:00+02:00,0.197621
2026-05-20T17:00:00+02:00,0.233500
2026-05-20T18:00:00+02:00,0.270188
2026-05-20T19:00:00+02:00,0.298362
2026-05-20T20:00:00+02:00,0.324020
2026-05-20T21:00:00+02:00,0.326226
2026-05-20T22:00:00+02:00,0.310251
2026-05-20T23:00:00+02:00,0.295229
2026-05-21T00:00:00+02:00,0.288389
2026-05-21T01:00:00+02:00,0.274876
2026-05-21T02:00:00+02:00,0.267925
2026-05-21T03:00:00+02:00,0.265466
2026-05-21T04:00:00+02:00,0.267698
2026-05-21T05:00:00+02:00,0.281320
2026-05-21T06:00:00+02:00,0.298601
2026-05-21T07:00:00+02:00,0.301460
2026-05-21T08:00:00+02:00,0.292213
2026-05-21T09:00:00+02:00,0.267568
2026-05-21T10:00:00+02:00,0.226328
2026-05-21T11:00:00+02:00,0.177771
2026-05-21T12:00:00+02:00,0.143776
2026-05-21T13:00:00+02:00,0.138543
2026-05-21T14:00:00+02:00,0.139880
2026-05-21T15:00:00+02:00,0.168097
2026-05-21T16:00:00+02:00,0.209385
2026-05-21T17:00:00+02:00,0.259715
2026-05-21T18:00:00+02:00,0.288685
2026-05-21T19:00:00+02:00,0.320021
2026-05-21T20:00:00+02:00,0.366014
2026-05-21T21:00:00+02:00,0.351276
2026-05-21T22:00:00+02:00,0.326589
2026-05-21T23:00:00+02:00,0.304778
2026-05-22T00:00:00+02:00,0.302192
2026-05-22T01:00:00+02:00,0.291707
2026-05-22T02:00:00+02:00,0.284335
2026-05-22T03:00:00+02:00,0.281038
2026-05-22T04:00:00+02:00,0.281622
2026-05-22T05:00:00+02:00,0.288758
2026-05-22T06:00:00+02:00,0.298922
2026-05-22T07:00:00+02:00,0.293607
2026-05-22T08:00:00+02:00,0.277405
2026-05-22T09:00:00+02:00,0.236295
2026-05-22T10:00:00+02:00,0.175490
2026-05-22T11:00:00+02:00,0.134961
2026-05-22T12:00:00+02:00,0.130853
2026-05-22T13:00:00+02:00,0.130850
2026-05-22T14:00:00+02:00,0.131875
2026-05-22T15:00:00+02:00,0.151744
2026-05-22T16:00:00+02:00,0.203734
2026-05-22T17:00:00+02:00,0.244965
2026-05-22T18:00:00+02:00,0.283485
2026-05-22T19:00:00+02:00,0.318890
2026-05-22T20:00:00+02:00,0.382037
2026-05-22T21:00:00+02:00,0.358847
2026-05-22T22:00:00+02:00,0.313572
2026-05-22T23:00:00+02:00,0.296206
2026-05-23T00:00:00+02:00,0.291033
2026-05-23T01:00:00+02:00,0.282136
2026-05-23T02:00:00+02:00,0.276295
2026-05-23T03:00:00+02:00,0.274229
2026-05-23T04:00:00+02:00,0.270502
2026-05-23T05:00:00+02:00,0.267441
2026-05-23T06:00:00+02:00,0.267054
2026-05-23T07:00:00+02:00,0.246487
2026-05-23T08:00:00+02:00,0.187974
2026-05-23T09:00:00+02:00,0.132786
2026-05-23T10:00:00+02:00,0.130448
2026-05-23T11:00:00+02:00,0.126143
2026-05-23T12:00:00+02:00,0.115897
2026-05-23T13:00:00+02:00,0.092460
2026-05-23T14:00:00+02:00,0.108622
2026-05-23T15:00:00+02:00,0.126010
2026-05-23T16:00:00+02:00,0.130502
2026-05-23T17:00:00+02:00,0.179537
2026-05-23T18:00:00+02:00,0.265175
2026-05-23T19:00:00+02:00,0.298840
2026-05-23T20:00:00+02:00,0.328171
2026-05-23T21:00:00+02:00,0.339608
2026-05-23T22:00:00+02:00,0.313866
2026-05-23T23:00:00+02:00,0.298063
2026-05-24T00:00:00+02:00,0.295773
2026-05-24T01:00:00+02:00,0.291777
2026-05-24T02:00:00+02:00,0.285951
2026-05-24T03:00:00+02:00,0.281677
2026-05-24T04:00:00+02:00,0.279368
2026-05-24T05:00:00+02:00,0.274050
2026-05-24T06:00:00+02:00,0.272099
2026-05-24T07:00:00+02:00,0.249705
2026-05-24T08:00:00+02:00,0.157316
2026-05-24T09:00:00+02:00,0.130817
2026-05-24T10:00:00+02:00,0.127822
2026-05-24T11:00:00+02:00,0.114143
2026-05-24T12:00:00+02:00,0.085442
2026-05-24T13:00:00+02:00,0.039196
2026-05-24T14:00:00+02:00,0.056317
2026-05-24T15:00:00+02:00,0.102488
2026-05-24T16:00:00+02:00,0.128481
2026-05-24T17:00:00+02:00,0.146105
2026-05-24T18:00:00+02:00,0.239045
2026-05-24T19:00:00+02:00,0.292043
2026-05-24T20:00:00+02:00,0.315402
2026-05-24T21:00:00+02:00,0.314767
2026-05-24T22:00:00+02:00,0.300129
2026-05-24T23:00:00+02:00,0.288695
2026-05-25T00:00:00+02:00,0.282418
2026-05-25T01:00:00+02:00,0.273076
2026-05-25T02:00:00+02:00,0.271150
2026-05-25T03:00:00+02:00,0.271888
2026-05-25T04:00:00+02:00,0.275757
2026-05-25T05:00:00+02:00,0.279030
2026-05-25T06:00:00+02:00,0.278685
2026-05-25T07:00:00+02:00,0.268781
2026-05-25T08:00:00+02:00,0.218230
2026-05-25T09:00:00+02:00,0.136900
2026-05-25T10:00:00+02:00,0.130659
2026-05-25T11:00:00+02:00,0.124525
2026-05-25T12:00:00+02:00,0.104375
2026-05-25T13:00:00+02:00,0.080030
2026-05-25T14:00:00+02:00,0.096135
2026-05-25T15:00:00+02:00,0.118771
2026-05-25T16:00:00+02:00,0.128811
2026-05-25T17:00:00+02:00,0.167707
2026-05-25T18:00:00+02:00,0.262277
2026-05-25T19:00:00+02:00,0.302216
2026-05-25T20:00:00+02:00,0.327995
2026-05-25T21:00:00+02:00,0.335340
2026-05-25T22:00:00+02:00,0.316549
2026-05-25T23:00:00+02:00,0.295767
2026-05-26T00:00:00+02:00,0.291281
2026-05-26T01:00:00+02:00,0.278942
2026-05-26T02:00:00+02:00,0.272027
2026-05-26T03:00:00+02:00,0.272341
2026-05-26T04:00:00+02:00,0.271210
2026-05-26T05:00:00+02:00,0.282291
2026-05-26T06:00:00+02:00,0.299836
2026-05-26T07:00:00+02:00,0.298335
2026-05-26T08:00:00+02:00,0.275472
2026-05-26T09:00:00+02:00,0.219558
2026-05-26T10:00:00+02:00,0.138113
2026-05-26T11:00:00+02:00,0.130841
2026-05-26T12:00:00+02:00,0.125922
2026-05-26T13:00:00+02:00,0.124746
2026-05-26T14:00:00+02:00,0.129471
2026-05-26T15:00:00+02:00,0.130832
2026-05-26T16:00:00+02:00,0.146395
2026-05-26T17:00:00+02:00,0.232938
2026-05-26T18:00:00+02:00,0.289644
2026-05-26T19:00:00+02:00,0.346399
2026-05-26T20:00:00+02:00,0.383468
2026-05-26T21:00:00+02:00,0.349730
2026-05-26T22:00:00+02:00,0.317293
2026-05-26T23:00:00+02:00,0.290337
2026-05-27T00:00:00+02:00,0.294206
2026-05-27T01:00:00+02:00,0.286063
2026-05-27T02:00:00+02:00,0.276504
2026-05-27T03:00:00+02:00,0.272589
2026-05-27T04:00:00+02:00,0.272369
2026-05-27T05:00:00+02:00,0.276050
2026-05-27T06:00:00+02:00,0.290800
2026-05-27T07:00:00+02:00,0.288574
2026-05-27T08:00:00+02:00,0.259273
2026-05-27T09:00:00+02:00,0.189357
2026-05-27T10:00:00+02:00,0.135285
2026-05-27T11:00:00+02:00,0.130874
2026-05-27T12:00:00+02:00,0.129879
2026-05-27T13:00:00+02:00,0.128999
2026-05-27T14:00:00+02:00,0.129583
2026-05-27T15:00:00+02:00,0.129918
2026-05-27T16:00:00+02:00,0.133621
2026-05-27T17:00:00+02:00,0.171473
2026-05-27T18:00:00+02:00,0.246653
2026-05-27T19:00:00+02:00,0.293928
2026-05-27T20:00:00+02:00,0.315799
2026-05-27T21:00:00+02:00,0.318905
2026-05-27T22:00:00+02:00,0.303998
2026-05-27T23:00:00+02:00,0.290458
2026-05-28T00:00:00+02:00,0.288434
2026-05-28T01:00:00+02:00,0.284408
2026-05-28T02:00:00+02:00,0.280376
2026-05-28T03:00:00+02:00,0.279042
2026-05-28T04:00:00+02:00,0.284069
2026-05-28T05:00:00+02:00,0.291744
2026-05-28T06:00:00+02:00,0.307295
2026-05-28T07:00:00+02:00,0.296215
2026-05-28T08:00:00+02:00,0.278410
2026-05-28T09:00:00+02:00,0.235025
2026-05-28T10:00:00+02:00,0.154620
2026-05-28T11:00:00+02:00,0.131537
2026-05-28T12:00:00+02:00,0.130838
2026-05-28T13:00:00+02:00,0.130814
2026-05-28T14:00:00+02:00,0.130838
2026-05-28T15:00:00+02:00,0.132420
2026-05-28T16:00:00+02:00,0.176146
2026-05-28T17:00:00+02:00,0.247143
2026-05-28T18:00:00+02:00,0.295540
2026-05-28T19:00:00+02:00,0.389000
2026-05-28T20:00:00+02:00,0.584969
2026-05-28T21:00:00+02:00,0.562629
2026-05-28T22:00:00+02:00,0.390613
2026-05-28T23:00:00+02:00,0.321555
2026-05-29T00:00:00+02:00,0.304098
2026-05-29T01:00:00+02:00,0.291850
2026-05-29T02:00:00+02:00,0.284653
2026-05-29T03:00:00+02:00,0.281855
2026-05-29T04:00:00+02:00,0.280415
2026-05-29T05:00:00+02:00,0.281613
2026-05-29T06:00:00+02:00,0.289644
2026-05-29T07:00:00+02:00,0.283304
2026-05-29T08:00:00+02:00,0.270021
2026-05-29T09:00:00+02:00,0.227880
2026-05-29T10:00:00+02:00,0.155050
2026-05-29T11:00:00+02:00,0.131806
2026-05-29T12:00:00+02:00,0.130844
2026-05-29T13:00:00+02:00,0.130898
2026-05-29T14:00:00+02:00,0.131168
2026-05-29T15:00:00+02:00,0.148540
2026-05-29T16:00:00+02:00,0.210668
2026-05-29T17:00:00+02:00,0.255961
2026-05-29T18:00:00+02:00,0.292654
2026-05-29T19:00:00+02:00,0.337984
2026-05-29T20:00:00+02:00,0.403750
2026-05-29T21:00:00+02:00,0.369126
2026-05-29T22:00:00+02:00,0.325300
2026-05-29T23:00:00+02:00,0.306058
2026-05-30T00:00:00+02:00,0.294820
2026-05-30T01:00:00+02:00,0.284614
2026-05-30T02:00:00+02:00,0.278146
2026-05-30T03:00:00+02:00,0.274102
2026-05-30T04:00:00+02:00,0.278264
2026-05-30T05:00:00+02:00,0.278410
2026-05-30T06:00:00+02:00,0.272284
2026-05-30T07:00:00+02:00,0.260883
2026-05-30T08:00:00+02:00,0.237623
2026-05-30T09:00:00+02:00,0.174507
2026-05-30T10:00:00+02:00,0.134432
2026-05-30T11:00:00+02:00,0.130844
2026-05-30T12:00:00+02:00,0.130714
2026-05-30T13:00:00+02:00,0.126694
2026-05-30T14:00:00+02:00,0.128896
2026-05-30T15:00:00+02:00,0.130838
2026-05-30T16:00:00+02:00,0.134489
2026-05-30T17:00:00+02:00,0.199750
2026-05-30T18:00:00+02:00,0.255308
2026-05-30T19:00:00+02:00,0.293728
2026-05-30T20:00:00+02:00,0.317508
2026-05-30T21:00:00+02:00,0.331247
2026-05-30T22:00:00+02:00,0.319916
2026-05-30T23:00:00+02:00,0.298955
2026-05-31T00:00:00+02:00,0.291701
2026-05-31T01:00:00+02:00,0.283201
2026-05-31T02:00:00+02:00,0.276776
2026-05-31T03:00:00+02:00,0.273079
2026-05-31T04:00:00+02:00,0.274338
2026-05-31T05:00:00+02:00,0.270944
2026-05-31T06:00:00+02:00,0.267550
2026-05-31T07:00:00+02:00,0.252528
2026-05-31T08:00:00+02:00,0.234024
2026-05-31T09:00:00+02:00,0.193162
2026-05-31T10:00:00+02:00,0.139093
2026-05-31T11:00:00+02:00,0.130850
2026-05-31T12:00:00+02:00,0.130844
2026-05-31T13:00:00+02:00,0.130838
2026-05-31T14:00:00+02:00,0.130838
2026-05-31T15:00:00+02:00,0.130850
2026-05-31T16:00:00+02:00,0.182090
2026-05-31T17:00:00+02:00,0.233918
2026-05-31T18:00:00+02:00,0.271107
2026-05-31T19:00:00+02:00,0.289705
2026-05-31T20:00:00+02:00,0.303260
2026-05-31T21:00:00+02:00,0.312226
2026-05-31T22:00:00+02:00,0.310242
2026-05-31T23:00:00+02:00,0.301021
2026-06-01T00:00:00+02:00,0.298556
2026-06-01T01:00:00+02:00,0.279435
2026-06-01T02:00:00+02:00,0.272880
2026-06-01T03:00:00+02:00,0.269259
2026-06-01T04:00:00+02:00,0.274792
2026-06-01T05:00:00+02:00,0.287215
2026-06-01T06:00:00+02:00,0.323845
2026-06-01T07:00:00+02:00,0.318721
2026-06-01T08:00:00+02:00,0.309125
2026-06-01T09:00:00+02:00,0.280382
2026-06-01T10:00:00+02:00,0.262395
2026-06-01T11:00:00+02:00,0.248132
2026-06-01T12:00:00+02:00,0.231843
2026-06-01T13:00:00+02:00,0.227239
2026-06-01T14:00:00+02:00,0.244611
2026-06-01T15:00:00+02:00,0.250295
2026-06-01T16:00:00+02:00,0.259113
2026-06-01T17:00:00+02:00,0.275118
2026-06-01T18:00:00+02:00,0.297168
2026-06-01T19:00:00+02:00,0.391935
2026-06-01T20:00:00+02:00,0.519333
2026-06-01T21:00:00+02:00,0.496343
2026-06-01T22:00:00+02:00,0.387803
2026-06-01T23:00:00+02:00,0.324450
2026-06-02T00:00:00+02:00,0.300462
2026-06-02T01:00:00+02:00,0.284577
2026-06-02T02:00:00+02:00,0.274435
2026-06-02T03:00:00+02:00,0.269017
2026-06-02T04:00:00+02:00,0.268602
2026-06-02T05:00:00+02:00,0.271782
2026-06-02T06:00:00+02:00,0.280597
2026-06-02T07:00:00+02:00,0.287131
2026-06-02T08:00:00+02:00,0.288816
2026-06-02T09:00:00+02:00,0.283062
2026-06-02T10:00:00+02:00,0.268766
2026-06-02T11:00:00+02:00,0.256557
2026-06-02T12:00:00+02:00,0.250226
2026-06-02T13:00:00+02:00,0.243441
2026-06-02T14:00:00+02:00,0.247736
2026-06-02T15:00:00+02:00,0.253638
2026-06-02T16:00:00+02:00,0.263481
2026-06-02T17:00:00+02:00,0.281144
2026-06-02T18:00:00+02:00,0.295709
2026-06-02T19:00:00+02:00,0.321740
2026-06-02T20:00:00+02:00,0.324163
2026-06-02T21:00:00+02:00,0.311775
2026-06-02T22:00:00+02:00,0.295809
2026-06-02T23:00:00+02:00,0.273361
2026-06-03T00:00:00+02:00,0.261379
2026-06-03T01:00:00+02:00,0.262256
2026-06-03T02:00:00+02:00,0.253030
2026-06-03T03:00:00+02:00,0.254309
2026-06-03T04:00:00+02:00,0.253347
2026-06-03T05:00:00+02:00,0.259906
2026-06-03T06:00:00+02:00,0.281979
2026-06-03T07:00:00+02:00,0.293792
2026-06-03T08:00:00+02:00,0.286831
2026-06-03T09:00:00+02:00,0.255516
2026-06-03T10:00:00+02:00,0.231894
2026-06-03T11:00:00+02:00,0.214328
2026-06-03T12:00:00+02:00,0.191704
2026-06-03T13:00:00+02:00,0.171161
2026-06-03T14:00:00+02:00,0.170913
2026-06-03T15:00:00+02:00,0.180929
2026-06-03T16:00:00+02:00,0.211388
2026-06-03T17:00:00+02:00,0.236344
2026-06-03T18:00:00+02:00,0.261376
2026-06-03T19:00:00+02:00,0.279910
2026-06-03T20:00:00+02:00,0.286468
2026-06-03T21:00:00+02:00,0.270841
2026-06-03T22:00:00+02:00,0.261606
2026-06-03T23:00:00+02:00,0.237046
2026-06-04T00:00:00+02:00,0.224353
2026-06-04T01:00:00+02:00,0.213082
2026-06-04T02:00:00+02:00,0.203450
2026-06-04T03:00:00+02:00,0.203399
2026-06-04T04:00:00+02:00,0.203450
2026-06-04T05:00:00+02:00,0.205921
2026-06-04T06:00:00+02:00,0.211984
2026-06-04T07:00:00+02:00,0.225327
2026-06-04T08:00:00+02:00,0.217559
2026-06-04T09:00:00+02:00,0.174008
2026-06-04T10:00:00+02:00,0.136141
2026-06-04T11:00:00+02:00,0.130853
2026-06-04T12:00:00+02:00,0.130832
2026-06-04T13:00:00+02:00,0.130811
2026-06-04T14:00:00+02:00,0.130829
2026-06-04T15:00:00+02:00,0.132529
2026-06-04T16:00:00+02:00,0.160471
2026-06-04T17:00:00+02:00,0.204100
2026-06-04T18:00:00+02:00,0.238470
2026-06-04T19:00:00+02:00,0.252316
2026-06-04T20:00:00+02:00,0.258021
2026-06-04T21:00:00+02:00,0.259222
2026-06-04T22:00:00+02:00,0.255465
2026-06-04T23:00:00+02:00,0.245791
2026-06-05T00:00:00+02:00,0.219855
2026-06-05T01:00:00+02:00,0.218481
2026-06-05T02:00:00+02:00,0.221291
2026-06-05T03:00:00+02:00,0.221830
2026-06-05T04:00:00+02:00,0.226349
2026-06-05T05:00:00+02:00,0.236362
2026-06-05T06:00:00+02:00,0.255256
2026-06-05T07:00:00+02:00,0.266627
2026-06-05T08:00:00+02:00,0.271700
2026-06-05T09:00:00+02:00,0.259210
2026-06-05T10:00:00+02:00,0.237309
2026-06-05T11:00:00+02:00,0.229532
2026-06-05T12:00:00+02:00,0.198395
2026-06-05T13:00:00+02:00,0.172205
2026-06-05T14:00:00+02:00,0.161097
2026-06-05T15:00:00+02:00,0.173200
2026-06-05T16:00:00+02:00,0.210686
2026-06-05T17:00:00+02:00,0.247285
2026-06-05T18:00:00+02:00,0.277085
2026-06-05T19:00:00+02:00,0.307165
2026-06-05T20:00:00+02:00,0.347482
2026-06-05T21:00:00+02:00,0.360036
2026-06-05T22:00:00+02:00,0.336299
2026-06-05T23:00:00+02:00,0.316391
2026-06-06T00:00:00+02:00,0.309225
2026-06-06T01:00:00+02:00,0.292796
2026-06-06T02:00:00+02:00,0.287125
2026-06-06T03:00:00+02:00,0.275009
2026-06-06T04:00:00+02:00,0.277629
2026-06-06T05:00:00+02:00,0.276298
2026-06-06T06:00:00+02:00,0.273219
2026-06-06T07:00:00+02:00,0.259679
2026-06-06T08:00:00+02:00,0.237605
2026-06-06T09:00:00+02:00,0.206941
2026-06-06T10:00:00+02:00,0.163354
2026-06-06T11:00:00+02:00,0.130983
2026-06-06T12:00:00+02:00,0.130838
2026-06-06T13:00:00+02:00,0.130838
2026-06-06T14:00:00+02:00,0.130959
2026-06-06T15:00:00+02:00,0.148997
2026-06-06T16:00:00+02:00,0.181858
2026-06-06T17:00:00+02:00,0.244805
2026-06-06T18:00:00+02:00,0.274961
2026-06-06T19:00:00+02:00,0.288307
2026-06-06T20:00:00+02:00,0.309422
2026-06-06T21:00:00+02:00,0.302960
2026-06-06T22:00:00+02:00,0.283867
2026-06-06T23:00:00+02:00,0.263285
2026-06-07T00:00:00+02:00,0.249548
2026-06-07T01:00:00+02:00,0.238247
2026-06-07T02:00:00+02:00,0.230203
2026-06-07T03:00:00+02:00,0.217949
2026-06-07T04:00:00+02:00,0.202279
2026-06-07T05:00:00+02:00,0.173282
2026-06-07T06:00:00+02:00,0.136979
2026-06-07T07:00:00+02:00,0.131407
2026-06-07T08:00:00+02:00,0.130181
2026-06-07T09:00:00+02:00,0.124746
2026-06-07T10:00:00+02:00,0.121170
2026-06-07T11:00:00+02:00,0.113850
2026-06-07T12:00:00+02:00,0.108752
2026-06-07T13:00:00+02:00,0.087390
2026-06-07T14:00:00+02:00,0.076748
2026-06-07T15:00:00+02:00,0.086785
2026-06-07T16:00:00+02:00,0.111554
2026-06-07T17:00:00+02:00,0.129510
2026-06-07T18:00:00+02:00,0.190001
2026-06-07T19:00:00+02:00,0.254899
2026-06-07T20:00:00+02:00,0.287832
2026-06-07T21:00:00+02:00,0.297694
2026-06-07T22:00:00+02:00,0.303081
2026-06-07T23:00:00+02:00,0.302277
2026-06-08T00:00:00+02:00,0.297845
2026-06-08T01:00:00+02:00,0.289638
2026-06-08T02:00:00+02:00,0.289375
2026-06-08T03:00:00+02:00,0.283104
2026-06-08T04:00:00+02:00,0.288150
2026-06-08T05:00:00+02:00,0.300949
2026-06-08T06:00:00+02:00,0.318721
2026-06-08T07:00:00+02:00,0.312202
2026-06-08T08:00:00+02:00,0.286616
2026-06-08T09:00:00+02:00,0.272680
2026-06-08T10:00:00+02:00,0.259210
2026-06-08T11:00:00+02:00,0.223923
2026-06-08T12:00:00+02:00,0.225348
2026-06-08T13:00:00+02:00,0.226900
2026-06-08T14:00:00+02:00,0.231086
2026-06-08T15:00:00+02:00,0.245316
2026-06-08T16:00:00+02:00,0.254509
2026-06-08T17:00:00+02:00,0.281912
2026-06-08T18:00:00+02:00,0.305816
2026-06-08T19:00:00+02:00,0.359576
2026-06-08T20:00:00+02:00,0.380875
2026-06-08T21:00:00+02:00,0.356799
2026-06-08T22:00:00+02:00,0.319268
2026-06-08T23:00:00+02:00,0.279538
2026-06-09T00:00:00+02:00,0.277487
2026-06-09T01:00:00+02:00,0.269389
2026-06-09T02:00:00+02:00,0.260495
2026-06-09T03:00:00+02:00,0.255459
2026-06-09T04:00:00+02:00,0.253674
2026-06-09T05:00:00+02:00,0.259809
2026-06-09T06:00:00+02:00,0.278267
2026-06-09T07:00:00+02:00,0.285558
2026-06-09T08:00:00+02:00,0.274525
2026-06-09T09:00:00+02:00,0.246514
2026-06-09T10:00:00+02:00,0.215822
2026-06-09T11:00:00+02:00,0.193126
2026-06-09T12:00:00+02:00,0.156868
2026-06-09T13:00:00+02:00,0.134547
2026-06-09T14:00:00+02:00,0.130838
2026-06-09T15:00:00+02:00,0.131546
2026-06-09T16:00:00+02:00,0.161106
2026-06-09T17:00:00+02:00,0.209449
2026-06-09T18:00:00+02:00,0.256336
2026-06-09T19:00:00+02:00,0.282085
2026-06-09T20:00:00+02:00,0.309189
2026-06-09T21:00:00+02:00,0.316582
2026-06-09T22:00:00+02:00,0.305695
2026-06-09T23:00:00+02:00,0.285061
2026-06-10T00:00:00+02:00,0.273984
2026-06-10T01:00:00+02:00,0.265822
2026-06-10T02:00:00+02:00,0.256983
2026-06-10T03:00:00+02:00,0.253886
2026-06-10T04:00:00+02:00,0.255580
2026-06-10T05:00:00+02:00,0.265081
2026-06-10T06:00:00+02:00,0.281072
2026-06-10T07:00:00+02:00,0.288035
2026-06-10T08:00:00+02:00,0.274305
2026-06-10T09:00:00+02:00,0.245761
2026-06-10T10:00:00+02:00,0.225472
2026-06-10T11:00:00+02:00,0.207912
2026-06-10T12:00:00+02:00,0.202576
2026-06-10T13:00:00+02:00,0.205779
2026-06-10T14:00:00+02:00,0.213762
2026-06-10T15:00:00+02:00,0.225300
2026-06-10T16:00:00+02:00,0.243519
2026-06-10T17:00:00+02:00,0.268330
2026-06-10T18:00:00+02:00,0.284829
2026-06-10T19:00:00+02:00,0.323007
2026-06-10T20:00:00+02:00,0.372351
2026-06-10T21:00:00+02:00,0.377330
2026-06-10T22:00:00+02:00,0.336620
2026-06-10T23:00:00+02:00,0.313245
2026-06-11T00:00:00+02:00,0.305344
2026-06-11T01:00:00+02:00,0.291335
2026-06-11T02:00:00+02:00,0.281456
2026-06-11T03:00:00+02:00,0.279105
2026-06-11T04:00:00+02:00,0.279365
2026-06-11T05:00:00+02:00,0.281931
2026-06-11T06:00:00+02:00,0.300828
2026-06-11T07:00:00+02:00,0.304101
2026-06-11T08:00:00+02:00,0.289091
2026-06-11T09:00:00+02:00,0.267822
2026-06-11T10:00:00+02:00,0.243888
2026-06-11T11:00:00+02:00,0.221909
2026-06-11T12:00:00+02:00,0.208366
2026-06-11T13:00:00+02:00,0.198864
2026-06-11T14:00:00+02:00,0.188797
2026-06-11T15:00:00+02:00,0.212707
2026-06-11T16:00:00+02:00,0.227726
2026-06-11T17:00:00+02:00,0.254370
2026-06-11T18:00:00+02:00,0.283918
2026-06-11T19:00:00+02:00,0.300949
2026-06-11T20:00:00+02:00,0.319332
2026-06-11T21:00:00+02:00,0.308490
2026-06-11T22:00:00+02:00,0.280318
2026-06-11T23:00:00+02:00,0.258877
2026-06-12T00:00:00+02:00,0.263003
2026-06-12T01:00:00+02:00,0.247173
2026-06-12T02:00:00+02:00,0.237363
2026-06-12T03:00:00+02:00,0.230403
2026-06-12T04:00:00+02:00,0.231083
2026-06-12T05:00:00+02:00,0.234843
2026-06-12T06:00:00+02:00,0.259500
2026-06-12T07:00:00+02:00,0.268893
2026-06-12T08:00:00+02:00,0.273878
2026-06-12T09:00:00+02:00,0.266125
2026-06-12T10:00:00+02:00,0.244799
2026-06-12T11:00:00+02:00,0.230890
2026-06-12T12:00:00+02:00,0.220408
2026-06-12T13:00:00+02:00,0.205205
2026-06-12T14:00:00+02:00,0.179592
2026-06-12T15:00:00+02:00,0.189033
2026-06-12T16:00:00+02:00,0.202996
2026-06-12T17:00:00+02:00,0.213935
2026-06-12T18:00:00+02:00,0.241199
2026-06-12T19:00:00+02:00,0.258423
2026-06-12T20:00:00+02:00,0.260132
2026-06-12T21:00:00+02:00,0.263233
2026-06-12T22:00:00+02:00,0.265317
2026-06-12T23:00:00+02:00,0.252824
2026-06-13T00:00:00+02:00,0.235019
2026-06-13T01:00:00+02:00,0.220266
2026-06-13T02:00:00+02:00,0.207815
2026-06-13T03:00:00+02:00,0.203707
2026-06-13T04:00:00+02:00,0.205577
2026-06-13T05:00:00+02:00,0.192953
2026-06-13T06:00:00+02:00,0.167800
2026-06-13T07:00:00+02:00,0.147373
2026-06-13T08:00:00+02:00,0.131246
2026-06-13T09:00:00+02:00,0.129510
2026-06-13T10:00:00+02:00,0.124900
2026-06-13T11:00:00+02:00,0.111874
2026-06-13T12:00:00+02:00,0.097669
2026-06-13T13:00:00+02:00,0.075350
2026-06-13T14:00:00+02:00,0.076403
2026-06-13T15:00:00+02:00,0.092711
2026-06-13T16:00:00+02:00,0.107827
2026-06-13T17:00:00+02:00,0.125913
2026-06-13T18:00:00+02:00,0.131640
2026-06-13T19:00:00+02:00,0.173406
2026-06-13T20:00:00+02:00,0.241408
2026-06-13T21:00:00+02:00,0.261433
2026-06-13T22:00:00+02:00,0.271500
2026-06-13T23:00:00+02:00,0.261712
2026-06-14T00:00:00+02:00,0.226013
2026-06-14T01:00:00+02:00,0.192672
2026-06-14T02:00:00+02:00,0.173466
2026-06-14T03:00:00+02:00,0.166158
2026-06-14T04:00:00+02:00,0.164189
2026-06-14T05:00:00+02:00,0.157095
2026-06-14T06:00:00+02:00,0.140234
2026-06-14T07:00:00+02:00,0.131407
2026-06-14T08:00:00+02:00,0.130430
2026-06-14T09:00:00+02:00,0.127423
2026-06-14T10:00:00+02:00,0.123142
2026-06-14T11:00:00+02:00,0.119612
2026-06-14T12:00:00+02:00,0.112709
2026-06-14T13:00:00+02:00,0.102509
2026-06-14T14:00:00+02:00,0.100651
2026-06-14T15:00:00+02:00,0.106913
2026-06-14T16:00:00+02:00,0.119854
2026-06-14T17:00:00+02:00,0.128823
2026-06-14T18:00:00+02:00,0.137717
2026-06-14T19:00:00+02:00,0.215423
2026-06-14T20:00:00+02:00,0.286665
2026-06-14T21:00:00+02:00,0.289995
2026-06-14T22:00:00+02:00,0.284608
2026-06-14T23:00:00+02:00,0.275143
2026-06-15T00:00:00+02:00,0.260508
2026-06-15T01:00:00+02:00,0.246647
2026-06-15T02:00:00+02:00,0.239206
2026-06-15T03:00:00+02:00,0.242043
2026-06-15T04:00:00+02:00,0.239027
2026-06-15T05:00:00+02:00,0.245800
2026-06-15T06:00:00+02:00,0.264485
2026-06-15T07:00:00+02:00,0.272907
2026-06-15T08:00:00+02:00,0.279281
2026-06-15T09:00:00+02:00,0.256146
2026-06-15T10:00:00+02:00,0.183291
2026-06-15T11:00:00+02:00,0.137472
2026-06-15T12:00:00+02:00,0.131582
2026-06-15T13:00:00+02:00,0.129818
2026-06-15T14:00:00+02:00,0.128914
2026-06-15T15:00:00+02:00,0.130405
2026-06-15T16:00:00+02:00,0.136247
2026-06-15T17:00:00+02:00,0.187675
2026-06-15T18:00:00+02:00,0.248976
2026-06-15T19:00:00+02:00,0.289968
2026-06-15T20:00:00+02:00,0.311727
2026-06-15T21:00:00+02:00,0.320569
2026-06-15T22:00:00+02:00,0.316939
2026-06-15T23:00:00+02:00,0.294091
2026-06-16T00:00:00+02:00,0.281477
2026-06-16T01:00:00+02:00,0.273476
2026-06-16T02:00:00+02:00,0.268615
2026-06-16T03:00:00+02:00,0.264295
2026-06-16T04:00:00+02:00,0.263493
2026-06-16T05:00:00+02:00,0.269486
2026-06-16T06:00:00+02:00,0.285721
2026-06-16T07:00:00+02:00,0.290201
2026-06-16T08:00:00+02:00,0.297863
2026-06-16T09:00:00+02:00,0.279916
2026-06-16T10:00:00+02:00,0.271724
2026-06-16T11:00:00+02:00,0.252198
2026-06-16T12:00:00+02:00,0.227069
2026-06-16T13:00:00+02:00,0.213233
2026-06-16T14:00:00+02:00,0.207186
2026-06-16T15:00:00+02:00,0.219782
2026-06-16T16:00:00+02:00,0.237052
2026-06-16T17:00:00+02:00,0.260459
2026-06-16T18:00:00+02:00,0.282772
2026-06-16T19:00:00+02:00,0.309634
2026-06-16T20:00:00+02:00,0.343362
2026-06-16T21:00:00+02:00,0.353151
2026-06-16T22:00:00+02:00,0.330261
2026-06-16T23:00:00+02:00,0.304509
2026-06-17T00:00:00+02:00,0.301030
2026-06-17T01:00:00+02:00,0.293888
2026-06-17T02:00:00+02:00,0.286432
2026-06-17T03:00:00+02:00,0.284000
2026-06-17T04:00:00+02:00,0.283346
2026-06-17T05:00:00+02:00,0.284683
2026-06-17T06:00:00+02:00,0.296381
2026-06-17T07:00:00+02:00,0.293066
2026-06-17T08:00:00+02:00,0.276573
2026-06-17T09:00:00+02:00,0.263551
2026-06-17T10:00:00+02:00,0.254491
2026-06-17T11:00:00+02:00,0.242742
2026-06-17T12:00:00+02:00,0.236283
2026-06-17T13:00:00+02:00,0.238117
2026-06-17T14:00:00+02:00,0.222178
2026-06-17T15:00:00+02:00,0.226643
2026-06-17T16:00:00+02:00,0.234205
2026-06-17T17:00:00+02:00,0.256360
2026-06-17T18:00:00+02:00,0.273258
2026-06-17T19:00:00+02:00,0.301832
2026-06-17T20:00:00+02:00,0.323730
2026-06-17T21:00:00+02:00,0.327306
2026-06-17T22:00:00+02:00,0.322142
2026-06-17T23:00:00+02:00,0.302791
2026-06-18T00:00:00+02:00,0.292076
2026-06-18T01:00:00+02:00,0.281413
2026-06-18T02:00:00+02:00,0.277082
2026-06-18T03:00:00+02:00,0.273872
2026-06-18T04:00:00+02:00,0.273370
2026-06-18T05:00:00+02:00,0.282681
2026-06-18T06:00:00+02:00,0.294040
2026-06-18T07:00:00+02:00,0.293613
2026-06-18T08:00:00+02:00,0.274413
2026-06-18T09:00:00+02:00,0.258348
2026-06-18T10:00:00+02:00,0.230221
2026-06-18T11:00:00+02:00,0.196093
2026-06-18T12:00:00+02:00,0.165029
2026-06-18T13:00:00+02:00,0.153710
2026-06-18T14:00:00+02:00,0.162189
2026-06-18T15:00:00+02:00,0.189048
2026-06-18T16:00:00+02:00,0.231667
2026-06-18T17:00:00+02:00,0.261899
2026-06-18T18:00:00+02:00,0.293882
2026-06-18T19:00:00+02:00,0.449504
2026-06-18T20:00:00+02:00,0.686488
2026-06-18T21:00:00+02:00,0.696238
2026-06-18T22:00:00+02:00,0.463397
2026-06-18T23:00:00+02:00,0.331229
2026-06-19T00:00:00+02:00,0.310853
2026-06-19T01:00:00+02:00,0.292415
2026-06-19T02:00:00+02:00,0.280185
2026-06-19T03:00:00+02:00,0.275239
2026-06-19T04:00:00+02:00,0.271328
2026-06-19T05:00:00+02:00,0.275106
2026-06-19T06:00:00+02:00,0.300026
2026-06-19T07:00:00+02:00,0.285564
2026-06-19T08:00:00+02:00,0.270508
2026-06-19T09:00:00+02:00,0.258000
2026-06-19T10:00:00+02:00,0.232968
2026-06-19T11:00:00+02:00,0.172628
2026-06-19T12:00:00+02:00,0.149000
2026-06-19T13:00:00+02:00,0.147109
2026-06-19T14:00:00+02:00,0.153060
2026-06-19T15:00:00+02:00,0.197569
2026-06-19T16:00:00+02:00,0.246130
2026-06-19T17:00:00+02:00,0.266370
2026-06-19T18:00:00+02:00,0.285497
2026-06-19T19:00:00+02:00,0.331952
2026-06-19T20:00:00+02:00,0.384000
2026-06-19T21:00:00+02:00,0.363170
2026-06-19T22:00:00+02:00,0.323361
2026-06-19T23:00:00+02:00,0.297343
2026-06-20T00:00:00+02:00,0.287863
2026-06-20T01:00:00+02:00,0.277378
2026-06-20T02:00:00+02:00,0.274356
2026-06-20T03:00:00+02:00,0.271482
2026-06-20T04:00:00+02:00,0.269250
2026-06-20T05:00:00+02:00,0.267949
2026-06-20T06:00:00+02:00,0.263390
2026-06-20T07:00:00+02:00,0.255722
2026-06-20T08:00:00+02:00,0.251227
2026-06-20T09:00:00+02:00,0.192560
2026-06-20T10:00:00+02:00,0.135841
2026-06-20T11:00:00+02:00,0.130847
2026-06-20T12:00:00+02:00,0.130832
2026-06-20T13:00:00+02:00,0.130829
2026-06-20T14:00:00+02:00,0.130826
2026-06-20T15:00:00+02:00,0.131153
2026-06-20T16:00:00+02:00,0.152473
2026-06-20T17:00:00+02:00,0.230161
2026-06-20T18:00:00+02:00,0.274807
2026-06-20T19:00:00+02:00,0.304455
2026-06-20T20:00:00+02:00,0.342881
2026-06-20T21:00:00+02:00,0.355919
2026-06-20T22:00:00+02:00,0.334523
2026-06-20T23:00:00+02:00,0.306878
2026-06-21T00:00:00+02:00,0.298946
2026-06-21T01:00:00+02:00,0.285149
2026-06-21T02:00:00+02:00,0.282161
2026-06-21T03:00:00+02:00,0.277947
2026-06-21T04:00:00+02:00,0.275363
2026-06-21T05:00:00+02:00,0.270735
2026-06-21T06:00:00+02:00,0.271150
2026-06-21T07:00:00+02:00,0.266049
2026-06-21T08:00:00+02:00,0.244312
2026-06-21T09:00:00+02:00,0.190131
2026-06-21T10:00:00+02:00,0.132499
2026-06-21T11:00:00+02:00,0.130847
2026-06-21T12:00:00+02:00,0.130841
2026-06-21T13:00:00+02:00,0.130838
2026-06-21T14:00:00+02:00,0.130844
2026-06-21T15:00:00+02:00,0.130859
2026-06-21T16:00:00+02:00,0.145848
2026-06-21T17:00:00+02:00,0.220088
2026-06-21T18:00:00+02:00,0.268745
2026-06-21T19:00:00+02:00,0.290791
2026-06-21T20:00:00+02:00,0.309797
2026-06-21T21:00:00+02:00,0.312701
2026-06-21T22:00:00+02:00,0.306993
2026-06-21T23:00:00+02:00,0.292125
2026-06-22T00:00:00+02:00,0.284378
2026-06-22T01:00:00+02:00,0.275475
2026-06-22T02:00:00+02:00,0.266733
2026-06-22T03:00:00+02:00,0.265611
2026-06-22T04:00:00+02:00,0.268097
2026-06-22T05:00:00+02:00,0.277345
2026-06-22T06:00:00+02:00,0.297062
2026-06-22T07:00:00+02:00,0.306112
2026-06-22T08:00:00+02:00,0.285902
2026-06-22T09:00:00+02:00,0.265211
2026-06-22T10:00:00+02:00,0.236779
2026-06-22T11:00:00+02:00,0.200186
2026-06-22T12:00:00+02:00,0.178666
2026-06-22T13:00:00+02:00,0.169939
2026-06-22T14:00:00+02:00,0.169473
2026-06-22T15:00:00+02:00,0.206660
2026-06-22T16:00:00+02:00,0.240824
2026-06-22T17:00:00+02:00,0.268530
2026-06-22T18:00:00+02:00,0.305017
2026-06-22T19:00:00+02:00,0.368113
2026-06-22T20:00:00+02:00,0.454815
2026-06-22T21:00:00+02:00,0.444176
2026-06-22T22:00:00+02:00,0.362846
2026-06-22T23:00:00+02:00,0.324583
2026-06-23T00:00:00+02:00,0.307162
2026-06-23T01:00:00+02:00,0.297639
2026-06-23T02:00:00+02:00,0.293202
2026-06-23T03:00:00+02:00,0.293550
2026-06-23T04:00:00+02:00,0.296369
2026-06-23T05:00:00+02:00,0.301505
2026-06-23T06:00:00+02:00,0.339983
2026-06-23T07:00:00+02:00,0.332509
2026-06-23T08:00:00+02:00,0.299760
2026-06-23T09:00:00+02:00,0.267341
2026-06-23T10:00:00+02:00,0.247651
2026-06-23T11:00:00+02:00,0.223097
2026-06-23T12:00:00+02:00,0.202899
2026-06-23T13:00:00+02:00,0.183521
2026-06-23T14:00:00+02:00,0.180711
2026-06-23T15:00:00+02:00,0.197276
2026-06-23T16:00:00+02:00,0.251423
2026-06-23T17:00:00+02:00,0.278419
2026-06-23T18:00:00+02:00,0.336284
2026-06-23T19:00:00+02:00,0.538753
2026-06-23T20:00:00+02:00,0.830765
2026-06-23T21:00:00+02:00,0.812564
2026-06-23T22:00:00+02:00,0.554350
2026-06-23T23:00:00+02:00,0.383546
2026-06-24T00:00:00+02:00,0.360550
2026-06-24T01:00:00+02:00,0.338489
2026-06-24T02:00:00+02:00,0.313859
2026-06-24T03:00:00+02:00,0.312035
2026-06-24T04:00:00+02:00,0.318291
2026-06-24T05:00:00+02:00,0.325524
2026-06-24T06:00:00+02:00,0.359522
2026-06-24T07:00:00+02:00,0.353560
2026-06-24T08:00:00+02:00,0.316500
2026-06-24T09:00:00+02:00,0.276918
2026-06-24T10:00:00+02:00,0.257313
2026-06-24T11:00:00+02:00,0.230917
2026-06-24T12:00:00+02:00,0.212846
2026-06-24T13:00:00+02:00,0.211360
2026-06-24T14:00:00+02:00,0.206342
2026-06-24T15:00:00+02:00,0.210347
2026-06-24T16:00:00+02:00,0.262873
2026-06-24T17:00:00+02:00,0.287884
2026-06-24T18:00:00+02:00,0.370769
2026-06-24T19:00:00+02:00,0.743282
2026-06-24T20:00:00+02:00,1.079490
2026-06-24T21:00:00+02:00,1.098070
2026-06-24T22:00:00+02:00,0.817994
2026-06-24T23:00:00+02:00,0.496494
2026-06-25T00:00:00+02:00,0.335528
2026-06-25T01:00:00+02:00,0.315889
2026-06-25T02:00:00+02:00,0.302304
2026-06-25T03:00:00+02:00,0.299618
2026-06-25T04:00:00+02:00,0.298450
2026-06-25T05:00:00+02:00,0.300834
2026-06-25T06:00:00+02:00,0.325966
2026-06-25T07:00:00+02:00,0.308315
2026-06-25T08:00:00+02:00,0.275509
2026-06-25T09:00:00+02:00,0.257909
2026-06-25T10:00:00+02:00,0.235043
2026-06-25T11:00:00+02:00,0.193105
2026-06-25T12:00:00+02:00,0.157119
2026-06-25T13:00:00+02:00,0.144084
2026-06-25T14:00:00+02:00,0.145013
2026-06-25T15:00:00+02:00,0.197412
2026-06-25T16:00:00+02:00,0.235775
2026-06-25T17:00:00+02:00,0.257676
2026-06-25T18:00:00+02:00,0.293852
2026-06-25T19:00:00+02:00,0.378322
2026-06-25T20:00:00+02:00,0.491469
2026-06-25T21:00:00+02:00,0.435340
2026-06-25T22:00:00+02:00,0.359782
2026-06-25T23:00:00+02:00,0.324329
2026-06-26T00:00:00+02:00,0.304107
2026-06-26T01:00:00+02:00,0.287418
2026-06-26T02:00:00+02:00,0.276779
2026-06-26T03:00:00+02:00,0.276050
2026-06-26T04:00:00+02:00,0.277783
2026-06-26T05:00:00+02:00,0.286411
2026-06-26T06:00:00+02:00,0.309131
2026-06-26T07:00:00+02:00,0.297295
2026-06-26T08:00:00+02:00,0.273579
2026-06-26T09:00:00+02:00,0.258626
2026-06-26T10:00:00+02:00,0.244027
2026-06-26T11:00:00+02:00,0.214633
2026-06-26T12:00:00+02:00,0.165586
2026-06-26T13:00:00+02:00,0.142950
2026-06-26T14:00:00+02:00,0.172060
2026-06-26T15:00:00+02:00,0.218345
2026-06-26T16:00:00+02:00,0.244157
2026-06-26T17:00:00+02:00,0.266061
2026-06-26T18:00:00+02:00,0.313000
2026-06-26T19:00:00+02:00,0.427224
2026-06-26T20:00:00+02:00,0.561610
2026-06-26T21:00:00+02:00,0.493145
2026-06-26T22:00:00+02:00,0.376108
2026-06-26T23:00:00+02:00,0.318231
2026-06-27T00:00:00+02:00,0.290939
2026-06-27T01:00:00+02:00,0.281595
2026-06-27T02:00:00+02:00,0.273715
2026-06-27T03:00:00+02:00,0.271004
2026-06-27T04:00:00+02:00,0.270393
2026-06-27T05:00:00+02:00,0.268790
2026-06-27T06:00:00+02:00,0.267247
2026-06-27T07:00:00+02:00,0.263070
2026-06-27T08:00:00+02:00,0.258965
2026-06-27T09:00:00+02:00,0.222196
2026-06-27T10:00:00+02:00,0.174440
2026-06-27T11:00:00+02:00,0.145730
2026-06-27T12:00:00+02:00,0.133285
2026-06-27T13:00:00+02:00,0.130892
2026-06-27T14:00:00+02:00,0.134955
2026-06-27T15:00:00+02:00,0.146299
2026-06-27T16:00:00+02:00,0.190845
2026-06-27T17:00:00+02:00,0.249926
2026-06-27T18:00:00+02:00,0.282073
2026-06-27T19:00:00+02:00,0.340540
2026-06-27T20:00:00+02:00,0.412239
2026-06-27T21:00:00+02:00,0.418733
2026-06-27T22:00:00+02:00,0.347936
2026-06-27T23:00:00+02:00,0.309516
2026-06-28T00:00:00+02:00,0.296765
2026-06-28T01:00:00+02:00,0.285158
2026-06-28T02:00:00+02:00,0.275666
2026-06-28T03:00:00+02:00,0.270832
2026-06-28T04:00:00+02:00,0.269679
2026-06-28T05:00:00+02:00,0.270148
2026-06-28T06:00:00+02:00,0.266446
2026-06-28T07:00:00+02:00,0.257210
2026-06-28T08:00:00+02:00,0.223639
2026-06-28T09:00:00+02:00,0.170553
2026-06-28T10:00:00+02:00,0.136979
2026-06-28T11:00:00+02:00,0.130653
2026-06-28T12:00:00+02:00,0.130759
2026-06-28T13:00:00+02:00,0.128379
2026-06-28T14:00:00+02:00,0.130768
2026-06-28T15:00:00+02:00,0.132810
2026-06-28T16:00:00+02:00,0.160891
2026-06-28T17:00:00+02:00,0.229414
2026-06-28T18:00:00+02:00,0.268279
2026-06-28T19:00:00+02:00,0.284553
2026-06-28T20:00:00+02:00,0.309749
2026-06-28T21:00:00+02:00,0.322242
2026-06-28T22:00:00+02:00,0.318899
2026-06-28T23:00:00+02:00,0.303444
2026-06-29T00:00:00+02:00,0.279822
2026-06-29T01:00:00+02:00,0.268385
2026-06-29T02:00:00+02:00,0.267541
2026-06-29T03:00:00+02:00,0.263402
2026-06-29T04:00:00+02:00,0.268303
2026-06-29T05:00:00+02:00,0.282617
2026-06-29T06:00:00+02:00,0.311067
2026-06-29T07:00:00+02:00,0.317375
2026-06-29T08:00:00+02:00,0.303931
2026-06-29T09:00:00+02:00,0.277196
2026-06-29T10:00:00+02:00,0.260229
2026-06-29T11:00:00+02:00,0.250761
2026-06-29T12:00:00+02:00,0.239154
2026-06-29T13:00:00+02:00,0.230103
2026-06-29T14:00:00+02:00,0.235376
2026-06-29T15:00:00+02:00,0.247990
2026-06-29T16:00:00+02:00,0.256191
2026-06-29T17:00:00+02:00,0.269301
2026-06-29T18:00:00+02:00,0.299494
2026-06-29T19:00:00+02:00,0.377369
2026-06-29T20:00:00+02:00,0.524457
2026-06-29T21:00:00+02:00,0.555884
2026-06-29T22:00:00+02:00,0.432025
2026-06-29T23:00:00+02:00,0.350507
2026-06-30T00:00:00+02:00,0.349352
2026-06-30T01:00:00+02:00,0.321963
2026-06-30T02:00:00+02:00,0.313608
2026-06-30T03:00:00+02:00,0.315417
2026-06-30T04:00:00+02:00,0.315850
2026-06-30T05:00:00+02:00,0.331671
2026-06-30T06:00:00+02:00,0.367880
2026-06-30T07:00:00+02:00,0.367039
2026-06-30T08:00:00+02:00,0.325805
2026-06-30T09:00:00+02:00,0.283243
2026-06-30T10:00:00+02:00,0.262640
2026-06-30T11:00:00+02:00,0.253477
2026-06-30T12:00:00+02:00,0.250341
2026-06-30T13:00:00+02:00,0.252074
2026-06-30T14:00:00+02:00,0.258638
2026-06-30T15:00:00+02:00,0.270121
2026-06-30T16:00:00+02:00,0.284118
2026-06-30T17:00:00+02:00,0.343314
2026-06-30T18:00:00+02:00,0.453152
2026-06-30T19:00:00+02:00,0.722256
2026-06-30T20:00:00+02:00,0.800597
2026-06-30T21:00:00+02:00,0.648606
2026-06-30T22:00:00+02:00,0.491016
2026-06-30T23:00:00+02:00,0.377282
2026-07-01T00:00:00+02:00,0.326447
2026-07-01T01:00:00+02:00,0.311733
2026-07-01T02:00:00+02:00,0.305129
2026-07-01T03:00:00+02:00,0.306845
2026-07-01T04:00:00+02:00,0.311406
2026-07-01T05:00:00+02:00,0.319138
2026-07-01T06:00:00+02:00,0.358254
2026-07-01T07:00:00+02:00,0.370037
2026-07-01T08:00:00+02:00,0.341608
2026-07-01T09:00:00+02:00,0.305849
2026-07-01T10:00:00+02:00,0.280297
2026-07-01T11:00:00+02:00,0.271615
2026-07-01T12:00:00+02:00,0.266921
2026-07-01T13:00:00+02:00,0.254579
2026-07-01T14:00:00+02:00,0.247397
2026-07-01T15:00:00+02:00,0.241955
2026-07-01T16:00:00+02:00,0.242920
2026-07-01T17:00:00+02:00,0.256660
2026-07-01T18:00:00+02:00,0.277563
2026-07-01T19:00:00+02:00,0.332981
2026-07-01T20:00:00+02:00,0.406403
2026-07-01T21:00:00+02:00,0.426187
2026-07-01T22:00:00+02:00,0.371495
2026-07-01T23:00:00+02:00,0.321313
2026-07-02T00:00:00+02:00,0.322396
2026-07-02T01:00:00+02:00,0.302773
2026-07-02T02:00:00+02:00,0.292167
2026-07-02T03:00:00+02:00,0.272105
2026-07-02T04:00:00+02:00,0.262513
2026-07-02T05:00:00+02:00,0.264377
2026-07-02T06:00:00+02:00,0.271558
2026-07-02T07:00:00+02:00,0.264407
2026-07-02T08:00:00+02:00,0.235137
2026-07-02T09:00:00+02:00,0.181095
2026-07-02T10:00:00+02:00,0.138074
2026-07-02T11:00:00+02:00,0.138319
2026-07-02T12:00:00+02:00,0.138434
2026-07-02T13:00:00+02:00,0.138473
2026-07-02T14:00:00+02:00,0.133548
2026-07-02T15:00:00+02:00,0.130572
2026-07-02T16:00:00+02:00,0.132045
2026-07-02T17:00:00+02:00,0.136903
2026-07-02T18:00:00+02:00,0.192058
2026-07-02T19:00:00+02:00,0.241819
2026-07-02T20:00:00+02:00,0.273754
2026-07-02T21:00:00+02:00,0.288843
2026-07-02T22:00:00+02:00,0.302259
2026-07-02T23:00:00+02:00,0.290506
2026-07-03T00:00:00+02:00,0.275802
2026-07-03T01:00:00+02:00,0.265807
2026-07-03T02:00:00+02:00,0.259618
2026-07-03T03:00:00+02:00,0.251242
2026-07-03T04:00:00+02:00,0.249022
2026-07-03T05:00:00+02:00,0.247597
2026-07-03T06:00:00+02:00,0.265472
2026-07-03T07:00:00+02:00,0.264954
2026-07-03T08:00:00+02:00,0.259171
2026-07-03T09:00:00+02:00,0.173587
2026-07-03T10:00:00+02:00,0.131243
2026-07-03T11:00:00+02:00,0.130209
2026-07-03T12:00:00+02:00,0.129108
2026-07-03T13:00:00+02:00,0.127383
2026-07-03T14:00:00+02:00,0.126195
2026-07-03T15:00:00+02:00,0.127544
2026-07-03T16:00:00+02:00,0.130378
2026-07-03T17:00:00+02:00,0.136827
2026-07-03T18:00:00+02:00,0.187726
2026-07-03T19:00:00+02:00,0.263036
2026-07-03T20:00:00+02:00,0.286181
2026-07-03T21:00:00+02:00,0.295573
2026-07-03T22:00:00+02:00,0.297340
2026-07-03T23:00:00+02:00,0.285606
2026-07-04T00:00:00+02:00,0.285446
2026-07-04T01:00:00+02:00,0.276262
2026-07-04T02:00:00+02:00,0.269144
2026-07-04T03:00:00+02:00,0.263505
2026-07-04T04:00:00+02:00,0.254636
2026-07-04T05:00:00+02:00,0.249025
2026-07-04T06:00:00+02:00,0.240113
2026-07-04T07:00:00+02:00,0.215287
2026-07-04T08:00:00+02:00,0.164948
2026-07-04T09:00:00+02:00,0.131954
2026-07-04T10:00:00+02:00,0.130835
2026-07-04T11:00:00+02:00,0.129958
2026-07-04T12:00:00+02:00,0.127398
2026-07-04T13:00:00+02:00,0.121642
2026-07-04T14:00:00+02:00,0.119285
2026-07-04T15:00:00+02:00,0.126049
2026-07-04T16:00:00+02:00,0.130490
2026-07-04T17:00:00+02:00,0.136301
2026-07-04T18:00:00+02:00,0.193785
2026-07-04T19:00:00+02:00,0.254802
2026-07-04T20:00:00+02:00,0.279359
2026-07-04T21:00:00+02:00,0.288903
2026-07-04T22:00:00+02:00,0.286922
2026-07-04T23:00:00+02:00,0.278748
2026-07-05T00:00:00+02:00,0.289856
2026-07-05T01:00:00+02:00,0.272598
2026-07-05T02:00:00+02:00,0.270015
2026-07-05T03:00:00+02:00,0.259594
2026-07-05T04:00:00+02:00,0.255280
2026-07-05T05:00:00+02:00,0.250047
2026-07-05T06:00:00+02:00,0.236253
2026-07-05T07:00:00+02:00,0.199844
2026-07-05T08:00:00+02:00,0.155888
2026-07-05T09:00:00+02:00,0.133210
2026-07-05T10:00:00+02:00,0.130859
2026-07-05T11:00:00+02:00,0.130850
2026-07-05T12:00:00+02:00,0.130729
2026-07-05T13:00:00+02:00,0.130130
2026-07-05T14:00:00+02:00,0.129489
2026-07-05T15:00:00+02:00,0.129652
2026-07-05T16:00:00+02:00,0.131022
2026-07-05T17:00:00+02:00,0.144892
2026-07-05T18:00:00+02:00,0.232814
2026-07-05T19:00:00+02:00,0.280321
2026-07-05T20:00:00+02:00,0.294569
2026-07-05T21:00:00+02:00,0.304555
2026-07-05T22:00:00+02:00,0.308033
2026-07-05T23:00:00+02:00,0.290346
2026-07-06T00:00:00+02:00,0.301578
2026-07-06T01:00:00+02:00,0.282826
2026-07-06T02:00:00+02:00,0.273969
2026-07-06T03:00:00+02:00,0.267876
2026-07-06T04:00:00+02:00,0.267934
2026-07-06T05:00:00+02:00,0.275926
2026-07-06T06:00:00+02:00,0.294772
2026-07-06T07:00:00+02:00,0.312695
2026-07-06T08:00:00+02:00,0.306249
2026-07-06T09:00:00+02:00,0.277762
2026-07-06T10:00:00+02:00,0.259379
2026-07-06T11:00:00+02:00,0.230360
2026-07-06T12:00:00+02:00,0.183742
2026-07-06T13:00:00+02:00,0.155758
2026-07-06T14:00:00+02:00,0.143325
2026-07-06T15:00:00+02:00,0.138900
2026-07-06T16:00:00+02:00,0.166348
2026-07-06T17:00:00+02:00,0.220998
2026-07-06T18:00:00+02:00,0.259615
2026-07-06T19:00:00+02:00,0.276489
2026-07-06T20:00:00+02:00,0.300428
2026-07-06T21:00:00+02:00,0.318482
2026-07-06T22:00:00+02:00,0.313878
2026-07-06T23:00:00+02:00,0.298989
2026-07-07T00:00:00+02:00,0.278945
2026-07-07T01:00:00+02:00,0.271174
2026-07-07T02:00:00+02:00,0.264361
2026-07-07T03:00:00+02:00,0.257501
2026-07-07T04:00:00+02:00,0.255773
2026-07-07T05:00:00+02:00,0.262096
2026-07-07T06:00:00+02:00,0.279356
2026-07-07T07:00:00+02:00,0.279232
2026-07-07T08:00:00+02:00,0.273512
2026-07-07T09:00:00+02:00,0.259183
2026-07-07T10:00:00+02:00,0.200576
2026-07-07T11:00:00+02:00,0.141211
2026-07-07T12:00:00+02:00,0.132272
2026-07-07T13:00:00+02:00,0.129292
2026-07-07T14:00:00+02:00,0.128252
2026-07-07T15:00:00+02:00,0.132471
2026-07-07T16:00:00+02:00,0.142312
2026-07-07T17:00:00+02:00,0.211887
2026-07-07T18:00:00+02:00,0.271649
2026-07-07T19:00:00+02:00,0.277163
2026-07-07T20:00:00+02:00,0.301971
2026-07-07T21:00:00+02:00,0.312271
2026-07-07T22:00:00+02:00,0.310462
2026-07-07T23:00:00+02:00,0.299739
2026-07-08T00:00:00+02:00,0.282218
2026-07-08T01:00:00+02:00,0.275288
2026-07-08T02:00:00+02:00,0.269888
2026-07-08T03:00:00+02:00,0.266921
2026-07-08T04:00:00+02:00,0.276053
2026-07-08T05:00:00+02:00,0.280890
2026-07-08T06:00:00+02:00,0.297289
2026-07-08T07:00:00+02:00,0.295830
2026-07-08T08:00:00+02:00,0.295688
2026-07-08T09:00:00+02:00,0.271712
2026-07-08T10:00:00+02:00,0.252410
2026-07-08T11:00:00+02:00,0.241577
2026-07-08T12:00:00+02:00,0.214712
2026-07-08T13:00:00+02:00,0.199711
2026-07-08T14:00:00+02:00,0.202240
2026-07-08T15:00:00+02:00,0.198489
2026-07-08T16:00:00+02:00,0.217646
2026-07-08T17:00:00+02:00,0.234617
2026-07-08T18:00:00+02:00,0.261179
2026-07-08T19:00:00+02:00,0.296847
2026-07-08T20:00:00+02:00,0.316942
2026-07-08T21:00:00+02:00,0.327097
2026-07-08T22:00:00+02:00,0.323549
2026-07-08T23:00:00+02:00,0.306953
2026-07-09T00:00:00+02:00,0.301956
2026-07-09T01:00:00+02:00,0.293038
2026-07-09T02:00:00+02:00,0.285428
2026-07-09T03:00:00+02:00,0.281014
2026-07-09T04:00:00+02:00,0.281513
2026-07-09T05:00:00+02:00,0.292914
2026-07-09T06:00:00+02:00,0.318627
2026-07-09T07:00:00+02:00,0.311367
2026-07-09T08:00:00+02:00,0.298580
2026-07-09T09:00:00+02:00,0.281078
2026-07-09T10:00:00+02:00,0.266739
2026-07-09T11:00:00+02:00,0.254863
2026-07-09T12:00:00+02:00,0.228564
2026-07-09T13:00:00+02:00,0.194968
2026-07-09T14:00:00+02:00,0.180569
2026-07-09T15:00:00+02:00,0.204748
2026-07-09T16:00:00+02:00,0.243704
2026-07-09T17:00:00+02:00,0.265290
2026-07-09T18:00:00+02:00,0.291614
2026-07-09T19:00:00+02:00,0.335261
2026-07-09T20:00:00+02:00,0.403696
2026-07-09T21:00:00+02:00,0.410659
2026-07-09T22:00:00+02:00,0.359470
2026-07-09T23:00:00+02:00,0.331365
2026-07-10T00:00:00+02:00,0.319577
2026-07-10T01:00:00+02:00,0.305214
2026-07-10T02:00:00+02:00,0.301285
2026-07-10T03:00:00+02:00,0.298317
2026-07-10T04:00:00+02:00,0.297343
2026-07-10T05:00:00+02:00,0.304016
2026-07-10T06:00:00+02:00,0.314207
2026-07-10T07:00:00+02:00,0.310157
2026-07-10T08:00:00+02:00,0.294996
2026-07-10T09:00:00+02:00,0.280206
2026-07-10T10:00:00+02:00,0.254999
2026-07-10T11:00:00+02:00,0.225793
2026-07-10T12:00:00+02:00,0.202255
2026-07-10T13:00:00+02:00,0.176056
2026-07-10T14:00:00+02:00,0.180400
2026-07-10T15:00:00+02:00,0.205991
2026-07-10T16:00:00+02:00,0.237454
2026-07-10T17:00:00+02:00,0.269086
2026-07-10T18:00:00+02:00,0.286535
2026-07-10T19:00:00+02:00,0.326743
2026-07-10T20:00:00+02:00,0.349394
2026-07-10T21:00:00+02:00,0.342769
2026-07-10T22:00:00+02:00,0.334130
2026-07-10T23:00:00+02:00,0.317750
2026-07-11T00:00:00+02:00,0.313149
2026-07-11T01:00:00+02:00,0.305093
2026-07-11T02:00:00+02:00,0.300785
2026-07-11T03:00:00+02:00,0.298958
2026-07-11T04:00:00+02:00,0.298604
2026-07-11T05:00:00+02:00,0.295643
2026-07-11T06:00:00+02:00,0.293562
2026-07-11T07:00:00+02:00,0.281746
2026-07-11T08:00:00+02:00,0.270659
2026-07-11T09:00:00+02:00,0.221040
2026-07-11T10:00:00+02:00,0.150316
2026-07-11T11:00:00+02:00,0.131246
2026-07-11T12:00:00+02:00,0.130838
2026-07-11T13:00:00+02:00,0.128917
2026-07-11T14:00:00+02:00,0.128140
2026-07-11T15:00:00+02:00,0.129837
2026-07-11T16:00:00+02:00,0.138694
2026-07-11T17:00:00+02:00,0.221627
2026-07-11T18:00:00+02:00,0.276942
2026-07-11T19:00:00+02:00,0.301481
2026-07-11T20:00:00+02:00,0.314486
2026-07-11T21:00:00+02:00,0.319943
2026-07-11T22:00:00+02:00,0.318264
2026-07-11T23:00:00+02:00,0.307011
2026-07-12T00:00:00+02:00,0.297155
2026-07-12T01:00:00+02:00,0.290431
2026-07-12T02:00:00+02:00,0.282790
2026-07-12T03:00:00+02:00,0.282221
2026-07-12T04:00:00+02:00,0.279538
2026-07-12T05:00:00+02:00,0.276328
2026-07-12T06:00:00+02:00,0.265901
2026-07-12T07:00:00+02:00,0.251578
2026-07-12T08:00:00+02:00,0.205873
2026-07-12T09:00:00+02:00,0.137366
2026-07-12T10:00:00+02:00,0.130796
2026-07-12T11:00:00+02:00,0.125934
2026-07-12T12:00:00+02:00,0.112437
2026-07-12T13:00:00+02:00,0.103005
2026-07-12T14:00:00+02:00,0.105074
2026-07-12T15:00:00+02:00,0.116412
2026-07-12T16:00:00+02:00,0.127592
2026-07-12T17:00:00+02:00,0.139592
2026-07-12T18:00:00+02:00,0.241093
2026-07-12T19:00:00+02:00,0.290047
2026-07-12T20:00:00+02:00,0.299805
2026-07-12T21:00:00+02:00,0.305680
2026-07-12T22:00:00+02:00,0.306215
2026-07-12T23:00:00+02:00,0.299424
2026-07-13T00:00:00+02:00,0.287823
2026-07-13T01:00:00+02:00,0.280684
2026-07-13T02:00:00+02:00,0.275757
2026-07-13T03:00:00+02:00,0.276646
2026-07-13T04:00:00+02:00,0.280094
2026-07-13T05:00:00+02:00,0.291105
2026-07-13T06:00:00+02:00,0.310862
2026-07-13T07:00:00+02:00,0.316292
2026-07-13T08:00:00+02:00,0.297770
2026-07-13T09:00:00+02:00,0.278292
2026-07-13T10:00:00+02:00,0.250576
2026-07-13T11:00:00+02:00,0.219304
2026-07-13T12:00:00+02:00,0.178040
2026-07-13T13:00:00+02:00,0.151226
2026-07-13T14:00:00+02:00,0.144795
2026-07-13T15:00:00+02:00,0.181476
2026-07-13T16:00:00+02:00,0.232442
2026-07-13T17:00:00+02:00,0.268494
2026-07-13T18:00:00+02:00,0.281967
2026-07-13T19:00:00+02:00,0.310102
2026-07-13T20:00:00+02:00,0.335866
2026-07-13T21:00:00+02:00,0.333906
2026-07-13T22:00:00+02:00,0.323328
2026-07-13T23:00:00+02:00,0.305020
2026-07-14T00:00:00+02:00,0.299651
2026-07-14T01:00:00+02:00,0.292854
2026-07-14T02:00:00+02:00,0.284944
2026-07-14T03:00:00+02:00,0.284783
2026-07-14T04:00:00+02:00,0.285307
2026-07-14T05:00:00+02:00,0.294224
2026-07-14T06:00:00+02:00,0.304010
2026-07-14T07:00:00+02:00,0.303771
2026-07-14T08:00:00+02:00,0.294088
2026-07-14T09:00:00+02:00,0.276785
2026-07-14T10:00:00+02:00,0.255625
2026-07-14T11:00:00+02:00,0.206330
2026-07-14T12:00:00+02:00,0.159588
2026-07-14T13:00:00+02:00,0.130844
2026-07-14T14:00:00+02:00,0.130850
2026-07-14T15:00:00+02:00,0.157996
2026-07-14T16:00:00+02:00,0.217056
2026-07-14T17:00:00+02:00,0.251357
2026-07-14T18:00:00+02:00,0.264697
2026-07-14T19:00:00+02:00,0.303345
2026-07-14T20:00:00+02:00,0.324486
2026-07-14T21:00:00+02:00,0.341012
2026-07-14T22:00:00+02:00,0.335056
2026-07-14T23:00:00+02:00,0.314189
2026-07-15T00:00:00+02:00,0.313460
2026-07-15T01:00:00+02:00,0.305631
2026-07-15T02:00:00+02:00,0.298015
2026-07-15T03:00:00+02:00,0.290280
2026-07-15T04:00:00+02:00,0.294091
2026-07-15T05:00:00+02:00,0.302543
2026-07-15T06:00:00+02:00,0.314413
2026-07-15T07:00:00+02:00,0.327481
2026-07-15T08:00:00+02:00,0.317910
2026-07-15T09:00:00+02:00,0.294127
2026-07-15T10:00:00+02:00,0.259110
2026-07-15T11:00:00+02:00,0.232995
2026-07-15T12:00:00+02:00,0.185215
2026-07-15T13:00:00+02:00,0.167153
2026-07-15T14:00:00+02:00,0.153931
2026-07-15T15:00:00+02:00,0.176077
2026-07-15T16:00:00+02:00,0.232284
2026-07-15T17:00:00+02:00,0.263808
2026-07-15T18:00:00+02:00,0.291003
2026-07-15T19:00:00+02:00,0.301121
2026-07-15T20:00:00+02:00,0.348081
2026-07-15T21:00:00+02:00,0.359664
2026-07-15T22:00:00+02:00,0.358790
2026-07-15T23:00:00+02:00,0.338262
2026-07-16T00:00:00+02:00,0.331749
2026-07-16T01:00:00+02:00,0.323482
2026-07-16T02:00:00+02:00,0.315311
2026-07-16T03:00:00+02:00,0.310420
2026-07-16T04:00:00+02:00,0.305126
2026-07-16T05:00:00+02:00,0.311152
2026-07-16T06:00:00+02:00,0.324628
2026-07-16T07:00:00+02:00,0.331879
2026-07-16T08:00:00+02:00,0.321640
2026-07-16T09:00:00+02:00,0.296523
2026-07-16T10:00:00+02:00,0.274087
2026-07-16T11:00:00+02:00,0.260489
2026-07-16T12:00:00+02:00,0.246393
2026-07-16T13:00:00+02:00,0.238262
2026-07-16T14:00:00+02:00,0.247682
2026-07-16T15:00:00+02:00,0.262301
2026-07-16T16:00:00+02:00,0.274737
2026-07-16T17:00:00+02:00,0.296435
2026-07-16T18:00:00+02:00,0.318397
2026-07-16T19:00:00+02:00,0.366851
2026-07-16T20:00:00+02:00,0.417708
2026-07-16T21:00:00+02:00,0.415720
2026-07-16T22:00:00+02:00,0.381126
2026-07-16T23:00:00+02:00,0.349028
2026-07-17T00:00:00+02:00,0.337234
2026-07-17T01:00:00+02:00,0.326205
2026-07-17T02:00:00+02:00,0.314740
2026-07-17T03:00:00+02:00,0.305017
2026-07-17T04:00:00+02:00,0.303759
2026-07-17T05:00:00+02:00,0.310965
2026-07-17T06:00:00+02:00,0.316255
2026-07-17T07:00:00+02:00,0.319174
2026-07-17T08:00:00+02:00,0.309603
2026-07-17T09:00:00+02:00,0.294696
2026-07-17T10:00:00+02:00,0.286214
2026-07-17T11:00:00+02:00,0.269153
2026-07-17T12:00:00+02:00,0.256802
2026-07-17T13:00:00+02:00,0.249672
2026-07-17T14:00:00+02:00,0.249975
2026-07-17T15:00:00+02:00,0.256158
2026-07-17T16:00:00+02:00,0.269456
2026-07-17T17:00:00+02:00,0.285001
2026-07-17T18:00:00+02:00,0.297999
2026-07-17T19:00:00+02:00,0.314525
2026-07-17T20:00:00+02:00,0.325633
2026-07-17T21:00:00+02:00,0.333474
2026-07-17T22:00:00+02:00,0.330267
2026-07-17T23:00:00+02:00,0.322478
2026-07-18T00:00:00+02:00,0.319873
2026-07-18T01:00:00+02:00,0.306775
2026-07-18T02:00:00+02:00,0.302670
2026-07-18T03:00:00+02:00,0.294563
2026-07-18T04:00:00+02:00,0.294448
2026-07-18T05:00:00+02:00,0.292116
2026-07-18T06:00:00+02:00,0.284944
2026-07-18T07:00:00+02:00,0.276573
2026-07-18T08:00:00+02:00,0.249999
2026-07-18T09:00:00+02:00,0.186047
2026-07-18T10:00:00+02:00,0.143543
2026-07-18T11:00:00+02:00,0.131558
2026-07-18T12:00:00+02:00,0.130835
2026-07-18T13:00:00+02:00,0.129673
2026-07-18T14:00:00+02:00,0.128971
2026-07-18T15:00:00+02:00,0.127843
2026-07-18T16:00:00+02:00,0.129988
2026-07-18T17:00:00+02:00,0.131894
2026-07-18T18:00:00+02:00,0.200845
2026-07-18T19:00:00+02:00,0.266431
2026-07-18T20:00:00+02:00,0.293226
2026-07-18T21:00:00+02:00,0.309870
2026-07-18T22:00:00+02:00,0.317626
2026-07-18T23:00:00+02:00,0.308433
2026-07-19T00:00:00+02:00,0.298674
2026-07-19T01:00:00+02:00,0.289048
2026-07-19T02:00:00+02:00,0.278334
2026-07-19T03:00:00+02:00,0.274483
2026-07-19T04:00:00+02:00,0.267919
2026-07-19T05:00:00+02:00,0.259334
2026-07-19T06:00:00+02:00,0.245331
2026-07-19T07:00:00+02:00,0.224682
2026-07-19T08:00:00+02:00,0.176745
2026-07-19T09:00:00+02:00,0.135127
2026-07-19T10:00:00+02:00,0.130865
2026-07-19T11:00:00+02:00,0.130802
2026-07-19T12:00:00+02:00,0.129952
2026-07-19T13:00:00+02:00,0.127516
2026-07-19T14:00:00+02:00,0.125015
2026-07-19T15:00:00+02:00,0.125248
2026-07-19T16:00:00+02:00,0.128194
2026-07-19T17:00:00+02:00,0.130581
2026-07-19T18:00:00+02:00,0.183978
2026-07-19T19:00:00+02:00,0.270306
2026-07-19T20:00:00+02:00,0.306932
2026-07-19T21:00:00+02:00,0.312553
2026-07-19T22:00:00+02:00,0.312783
2026-07-19T23:00:00+02:00,0.298314
2026-07-20T00:00:00+02:00,0.309268
2026-07-20T01:00:00+02:00,0.298414
2026-07-20T02:00:00+02:00,0.290755
2026-07-20T03:00:00+02:00,0.285107
2026-07-20T04:00:00+02:00,0.287548
2026-07-20T05:00:00+02:00,0.301218
2026-07-20T06:00:00+02:00,0.311567
2026-07-20T07:00:00+02:00,0.313469
2026-07-20T08:00:00+02:00,0.289357
2026-07-20T09:00:00+02:00,0.243038
2026-07-20T10:00:00+02:00,0.206221
2026-07-20T11:00:00+02:00,0.156892
2026-07-20T12:00:00+02:00,0.155213
2026-07-20T13:00:00+02:00,0.136238
2026-07-20T14:00:00+02:00,0.142366
2026-07-20T15:00:00+02:00,0.139517
2026-07-20T16:00:00+02:00,0.163565
2026-07-20T17:00:00+02:00,0.223787
2026-07-20T18:00:00+02:00,0.279737
2026-07-20T19:00:00+02:00,0.323046
2026-07-20T20:00:00+02:00,0.343828
2026-07-20T21:00:00+02:00,0.348109
2026-07-20T22:00:00+02:00,0.342376
2026-07-20T23:00:00+02:00,0.323975
2026-07-21T00:00:00+02:00,0.311778
2026-07-21T01:00:00+02:00,0.312305
2026-07-21T02:00:00+02:00,0.305036
2026-07-21T03:00:00+02:00,0.299327
2026-07-21T04:00:00+02:00,0.299699
2026-07-21T05:00:00+02:00,0.306978
2026-07-21T06:00:00+02:00,0.321758
2026-07-21T07:00:00+02:00,0.317707
2026-07-21T08:00:00+02:00,0.306757
2026-07-21T09:00:00+02:00,0.269504
2026-07-21T10:00:00+02:00,0.225457
2026-07-21T11:00:00+02:00,0.179616
2026-07-21T12:00:00+02:00,0.142953
2026-07-21T13:00:00+02:00,0.135887
2026-07-21T14:00:00+02:00,0.132529
2026-07-21T15:00:00+02:00,0.145370
2026-07-21T16:00:00+02:00,0.197445
2026-07-21T17:00:00+02:00,0.246744
2026-07-21T18:00:00+02:00,0.293299
2026-07-21T19:00:00+02:00,0.317099
2026-07-21T20:00:00+02:00,0.338277
2026-07-21T21:00:00+02:00,0.341862
2026-07-21T22:00:00+02:00,0.335434
2026-07-21T23:00:00+02:00,0.319217
2026-07-22T00:00:00+02:00,0.317499
2026-07-22T01:00:00+02:00,0.313342
2026-07-22T02:00:00+02:00,0.307313
2026-07-22T03:00:00+02:00,0.296575
2026-07-22T04:00:00+02:00,0.291181
2026-07-22T05:00:00+02:00,0.299724
2026-07-22T06:00:00+02:00,0.316694
2026-07-22T07:00:00+02:00,0.311128
2026-07-22T08:00:00+02:00,0.293613
2026-07-22T09:00:00+02:00,0.252885
2026-07-22T10:00:00+02:00,0.222447
2026-07-22T11:00:00+02:00,0.183155
2026-07-22T12:00:00+02:00,0.159890
2026-07-22T13:00:00+02:00,0.147972
2026-07-22T14:00:00+02:00,0.135563
2026-07-22T15:00:00+02:00,0.136138
2026-07-22T16:00:00+02:00,0.152040
2026-07-22T17:00:00+02:00,0.210653
2026-07-22T18:00:00+02:00,0.264283
2026-07-22T19:00:00+02:00,0.300667
2026-07-22T20:00:00+02:00,0.326226
2026-07-22T21:00:00+02:00,0.330703
2026-07-22T22:00:00+02:00,0.325312
2026-07-22T23:00:00+02:00,0.313152
2026-07-23T00:00:00+02:00,0.308357
2026-07-23T01:00:00+02:00,0.300093
2026-07-23T02:00:00+02:00,0.294990
2026-07-23T03:00:00+02:00,0.292781
2026-07-23T04:00:00+02:00,0.296762
2026-07-23T05:00:00+02:00,0.305644
2026-07-23T06:00:00+02:00,0.324033
2026-07-23T07:00:00+02:00,0.334139
2026-07-23T08:00:00+02:00,0.324081
2026-07-23T09:00:00+02:00,0.292839
2026-07-23T10:00:00+02:00,0.260922
2026-07-23T11:00:00+02:00,0.238374
2026-07-23T12:00:00+02:00,0.177266
2026-07-23T13:00:00+02:00,0.142775
2026-07-23T14:00:00+02:00,0.134504
2026-07-23T15:00:00+02:00,0.136900
2026-07-23T16:00:00+02:00,0.163423
2026-07-23T17:00:00+02:00,0.246587
2026-07-23T18:00:00+02:00,0.302915
2026-07-23T19:00:00+02:00,0.331831
2026-07-23T20:00:00+02:00,0.354888
2026-07-23T21:00:00+02:00,0.360750
2026-07-23T22:00:00+02:00,0.356566
2026-07-23T23:00:00+02:00,0.337058
2026-07-24T00:00:00+02:00,0.325663
2026-07-24T01:00:00+02:00,0.320917
2026-07-24T02:00:00+02:00,0.312686
2026-07-24T03:00:00+02:00,0.315411
2026-07-24T04:00:00+02:00,0.316621
2026-07-24T05:00:00+02:00,0.326731
2026-07-24T06:00:00+02:00,0.340667
2026-07-24T07:00:00+02:00,0.333776
2026-07-24T08:00:00+02:00,0.324350
2026-07-24T09:00:00+02:00,0.294717
2026-07-24T10:00:00+02:00,0.267205
2026-07-24T11:00:00+02:00,0.235406
2026-07-24T12:00:00+02:00,0.201992
2026-07-24T13:00:00+02:00,0.168300
2026-07-24T14:00:00+02:00,0.143392
2026-07-24T15:00:00+02:00,0.152337
2026-07-24T16:00:00+02:00,0.207080
2026-07-24T17:00:00+02:00,0.262317
2026-07-24T18:00:00+02:00,0.314921
2026-07-24T19:00:00+02:00,0.348075
2026-07-24T20:00:00+02:00,0.373975
2026-07-24T21:00:00+02:00,0.377669
2026-07-24T22:00:00+02:00,0.366588
2026-07-24T23:00:00+02:00,0.348789
2026-07-25T00:00:00+02:00,0.331525
2026-07-25T01:00:00+02:00,0.326459
2026-07-25T02:00:00+02:00,0.322447
2026-07-25T03:00:00+02:00,0.318854
2026-07-25T04:00:00+02:00,0.309906
2026-07-25T05:00:00+02:00,0.306327
2026-07-25T06:00:00+02:00,0.293541
2026-07-25T07:00:00+02:00,0.270070
2026-07-25T08:00:00+02:00,0.232414
2026-07-25T09:00:00+02:00,0.144299
2026-07-25T10:00:00+02:00,0.130708
2026-07-25T11:00:00+02:00,0.127695
2026-07-25T12:00:00+02:00,0.123644
2026-07-25T13:00:00+02:00,0.118868
2026-07-25T14:00:00+02:00,0.117988
2026-07-25T15:00:00+02:00,0.127066
2026-07-25T16:00:00+02:00,0.130372
2026-07-25T17:00:00+02:00,0.143679
2026-07-25T18:00:00+02:00,0.244741
2026-07-25T19:00:00+02:00,0.320859
2026-07-25T20:00:00+02:00,0.337448
2026-07-25T21:00:00+02:00,0.335667
2026-07-25T22:00:00+02:00,0.331084
2026-07-25T23:00:00+02:00,0.324450
2026-07-26T00:00:00+02:00,0.316655
2026-07-26T01:00:00+02:00,0.317009
2026-07-26T02:00:00+02:00,0.307344
2026-07-26T03:00:00+02:00,0.309679
2026-07-26T04:00:00+02:00,0.303901
2026-07-26T05:00:00+02:00,0.294273
2026-07-26T06:00:00+02:00,0.274286
2026-07-26T07:00:00+02:00,0.258460
2026-07-26T08:00:00+02:00,0.248834
2026-07-26T09:00:00+02:00,0.204273
2026-07-26T10:00:00+02:00,0.145313
2026-07-26T11:00:00+02:00,0.130847
2026-07-26T12:00:00+02:00,0.130771
2026-07-26T13:00:00+02:00,0.130523
2026-07-26T14:00:00+02:00,0.130027
2026-07-26T15:00:00+02:00,0.129764
2026-07-26T16:00:00+02:00,0.131159
2026-07-26T17:00:00+02:00,0.186616
2026-07-26T18:00:00+02:00,0.247291
2026-07-26T19:00:00+02:00,0.287158
2026-07-26T20:00:00+02:00,0.317009
2026-07-26T21:00:00+02:00,0.317480
2026-07-26T22:00:00+02:00,0.311790
2026-07-26T23:00:00+02:00,0.296372
2026-07-27T00:00:00+02:00,0.223781
2026-07-27T01:00:00+02:00,0.212773
2026-07-27T02:00:00+02:00,0.202406
2026-07-27T03:00:00+02:00,0.200089
2026-07-27T04:00:00+02:00,0.210683
2026-07-27T05:00:00+02:00,0.238918
2026-07-27T06:00:00+02:00,0.271634
2026-07-27T07:00:00+02:00,0.288056
2026-07-27T08:00:00+02:00,0.277127
2026-07-27T09:00:00+02:00,0.221412
2026-07-27T10:00:00+02:00,0.158193
2026-07-27T11:00:00+02:00,0.132831
2026-07-27T12:00:00+02:00,0.130853
2026-07-27T13:00:00+02:00,0.133031
2026-07-27T14:00:00+02:00,0.130136
2026-07-27T15:00:00+02:00,0.130672
2026-07-27T16:00:00+02:00,0.130541
2026-07-27T17:00:00+02:00,0.147884
2026-07-27T18:00:00+02:00,0.248710
2026-07-27T19:00:00+02:00,0.313500
2026-07-27T20:00:00+02:00,0.340921
2026-07-27T21:00:00+02:00,0.346920
2026-07-27T22:00:00+02:00,0.340431
2026-07-27T23:00:00+02:00,0.323543
2026-07-28T00:00:00+02:00,0.325760
2026-07-28T01:00:00+02:00,0.310623
2026-07-28T02:00:00+02:00,0.302377
2026-07-28T03:00:00+02:00,0.293819
2026-07-28T04:00:00+02:00,0.296620
2026-07-28T05:00:00+02:00,0.310831
2026-07-28T06:00:00+02:00,0.329596
2026-07-28T07:00:00+02:00,0.328101
2026-07-28T08:00:00+02:00,0.312637
2026-07-28T09:00:00+02:00,0.282336
2026-07-28T10:00:00+02:00,0.196193
2026-07-28T11:00:00+02:00,0.136719
2026-07-28T12:00:00+02:00,0.131083
2026-07-28T13:00:00+02:00,0.131001
2026-07-28T14:00:00+02:00,0.132762
2026-07-28T15:00:00+02:00,0.134937
2026-07-28T16:00:00+02:00,0.180460
2026-07-28T17:00:00+02:00,0.258030
2026-07-28T18:00:00+02:00,0.317647
2026-07-28T19:00:00+02:00,0.365372
2026-07-28T20:00:00+02:00,0.390985
2026-07-28T21:00:00+02:00,0.384862
2026-07-28T22:00:00+02:00,0.365539
2026-07-28T23:00:00+02:00,0.336381
2026-07-29T00:00:00+02:00,0.312450
2026-07-29T01:00:00+02:00,0.308224
2026-07-29T02:00:00+02:00,0.295806
2026-07-29T03:00:00+02:00,0.294203
2026-07-29T04:00:00+02:00,0.298650
2026-07-29T05:00:00+02:00,0.308841
2026-07-29T06:00:00+02:00,0.331271
2026-07-29T07:00:00+02:00,0.323860
2026-07-29T08:00:00+02:00,0.308581
2026-07-29T09:00:00+02:00,0.280842
2026-07-29T10:00:00+02:00,0.234477
2026-07-29T11:00:00+02:00,0.165982
2026-07-29T12:00:00+02:00,0.132623
2026-07-29T13:00:00+02:00,0.131174
2026-07-29T14:00:00+02:00,0.131854
2026-07-29T15:00:00+02:00,0.139653
2026-07-29T16:00:00+02:00,0.217562
2026-07-29T17:00:00+02:00,0.279716
2026-07-29T18:00:00+02:00,0.325309
2026-07-29T19:00:00+02:00,0.418815
2026-07-29T20:00:00+02:00,0.441884
2026-07-29T21:00:00+02:00,0.401427
2026-07-29T22:00:00+02:00,0.364289
2026-07-29T23:00:00+02:00,0.332938
2026-07-30T00:00:00+02:00,0.312054
2026-07-30T01:00:00+02:00,0.303136
2026-07-30T02:00:00+02:00,0.300247
2026-07-30T03:00:00+02:00,0.292887
2026-07-30T04:00:00+02:00,0.290077
2026-07-30T05:00:00+02:00,0.295897
2026-07-30T06:00:00+02:00,0.310269
2026-07-30T07:00:00+02:00,0.309879
2026-07-30T08:00:00+02:00,0.300298
2026-07-30T09:00:00+02:00,0.275418
2026-07-30T10:00:00+02:00,0.235772
2026-07-30T11:00:00+02:00,0.178282
2026-07-30T12:00:00+02:00,0.152276
2026-07-30T13:00:00+02:00,0.159790
2026-07-30T14:00:00+02:00,0.179807
2026-07-30T15:00:00+02:00,0.226622
2026-07-30T16:00:00+02:00,0.255541
2026-07-30T17:00:00+02:00,0.285530
2026-07-30T18:00:00+02:00,0.309712
2026-07-30T19:00:00+02:00,0.340725
2026-07-30T20:00:00+02:00,0.368921
2026-07-30T21:00:00+02:00,0.378298
2026-07-30T22:00:00+02:00,0.361110
2026-07-30T23:00:00+02:00,0.337554
2026-07-31T00:00:00+02:00,0.334121
2026-07-31T01:00:00+02:00,0.326655
2026-07-31T02:00:00+02:00,0.316694
2026-07-31T03:00:00+02:00,0.313264
2026-07-31T04:00:00+02:00,0.315547
2026-07-31T05:00:00+02:00,0.327064
2026-07-31T06:00:00+02:00,0.344769
2026-07-31T07:00:00+02:00,0.338773
2026-07-31T08:00:00+02:00,0.323164
2026-07-31T09:00:00+02:00,0.301614
2026-07-31T10:00:00+02:00,0.280890
2026-07-31T11:00:00+02:00,0.257020
2026-07-31T12:00:00+02:00,0.244735
2026-07-31T13:00:00+02:00,0.231604
2026-07-31T14:00:00+02:00,0.235255
2026-07-31T15:00:00+02:00,0.249660
2026-07-31T16:00:00+02:00,0.269655
2026-07-31T17:00:00+02:00,0.299896
2026-07-31T18:00:00+02:00,0.314767
2026-07-31T19:00:00+02:00,0.341103
2026-07-31T20:00:00+02:00,0.360357
2026-07-31T21:00:00+02:00,0.365076
2026-07-31T22:00:00+02:00,0.359585
2026-07-31T23:00:00+02:00,0.336272
2026-08-01T00:00:00+02:00,0.334538
2026-08-01T01:00:00+02:00,0.326026
2026-08-01T02:00:00+02:00,0.318957
2026-08-01T03:00:00+02:00,0.315929
2026-08-01T04:00:00+02:00,0.315045
2026-08-01T05:00:00+02:00,0.317235
2026-08-01T06:00:00+02:00,0.316960
2026-08-01T07:00:00+02:00,0.308021
2026-08-01T08:00:00+02:00,0.300480
2026-08-01T09:00:00+02:00,0.276047
2026-08-01T10:00:00+02:00,0.238440
2026-08-01T11:00:00+02:00,0.189233
2026-08-01T12:00:00+02:00,0.148026
2026-08-01T13:00:00+02:00,0.131404
2026-08-01T14:00:00+02:00,0.130850
2026-08-01T15:00:00+02:00,0.133999
2026-08-01T16:00:00+02:00,0.176900
2026-08-01T17:00:00+02:00,0.246774
2026-08-01T18:00:00+02:00,0.300265
2026-08-01T19:00:00+02:00,0.332191
2026-08-01T20:00:00+02:00,0.349939
2026-08-01T21:00:00+02:00,0.349627
2026-08-01T22:00:00+02:00,0.346892
2026-08-01T23:00:00+02:00,0.336550
2026-08-02T00:00:00+02:00,0.334617
2026-08-02T01:00:00+02:00,0.324120
2026-08-02T02:00:00+02:00,0.320297
2026-08-02T03:00:00+02:00,0.316397
2026-08-02T04:00:00+02:00,0.314930
2026-08-02T05:00:00+02:00,0.320823
2026-08-02T06:00:00+02:00,0.312347
2026-08-02T07:00:00+02:00,0.298556
2026-08-02T08:00:00+02:00,0.278688
2026-08-02T09:00:00+02:00,0.204233
2026-08-02T10:00:00+02:00,0.134153
2026-08-02T11:00:00+02:00,0.130602
2026-08-02T12:00:00+02:00,0.128572
2026-08-02T13:00:00+02:00,0.126297
2026-08-02T14:00:00+02:00,0.127480
2026-08-02T15:00:00+02:00,0.129583
2026-08-02T16:00:00+02:00,0.134335
2026-08-02T17:00:00+02:00,0.235107
2026-08-02T18:00:00+02:00,0.307649
2026-08-02T19:00:00+02:00,0.343662
2026-08-02T20:00:00+02:00,0.355263
2026-08-02T21:00:00+02:00,0.346336
2026-08-02T22:00:00+02:00,0.334696
2026-08-02T23:00:00+02:00,0.317341
2026-08-03T00:00:00+02:00,0.301415
2026-08-03T01:00:00+02:00,0.295225
2026-08-03T02:00:00+02:00,0.291599
2026-08-03T03:00:00+02:00,0.288580
2026-08-03T04:00:00+02:00,0.292028
2026-08-03T05:00:00+02:00,0.305507
2026-08-03T06:00:00+02:00,0.332506
2026-08-03T07:00:00+02:00,0.329027
2026-08-03T08:00:00+02:00,0.312350
2026-08-03T09:00:00+02:00,0.295437
2026-08-03T10:00:00+02:00,0.265596
2026-08-03T11:00:00+02:00,0.167761
2026-08-03T12:00:00+02:00,0.142439
2026-08-03T13:00:00+02:00,0.130169
2026-08-03T14:00:00+02:00,0.134725
2026-08-03T15:00:00+02:00,0.181652
2026-08-03T16:00:00+02:00,0.255819
2026-08-03T17:00:00+02:00,0.300250
2026-08-03T18:00:00+02:00,0.332481
2026-08-03T19:00:00+02:00,0.373978
2026-08-03T20:00:00+02:00,0.370315
2026-08-03T21:00:00+02:00,0.356503
2026-08-03T22:00:00+02:00,0.342703
2026-08-03T23:00:00+02:00,0.321752
2026-08-04T00:00:00+02:00,0.317967
2026-08-04T01:00:00+02:00,0.306684
2026-08-04T02:00:00+02:00,0.299663
2026-08-04T03:00:00+02:00,0.296841
2026-08-04T04:00:00+02:00,0.302982
2026-08-04T05:00:00+02:00,0.318512
2026-08-04T06:00:00+02:00,0.333347
2026-08-04T07:00:00+02:00,0.335515
2026-08-04T08:00:00+02:00,0.326253
2026-08-04T09:00:00+02:00,0.308160
2026-08-04T10:00:00+02:00,0.281867
2026-08-04T11:00:00+02:00,0.256421
2026-08-04T12:00:00+02:00,0.236498
2026-08-04T13:00:00+02:00,0.223373
2026-08-04T14:00:00+02:00,0.232566
2026-08-04T15:00:00+02:00,0.258696
2026-08-04T16:00:00+02:00,0.276737
2026-08-04T17:00:00+02:00,0.307921
2026-08-04T18:00:00+02:00,0.324810
2026-08-04T19:00:00+02:00,0.342688
2026-08-04T20:00:00+02:00,0.362314
2026-08-04T21:00:00+02:00,0.365082
2026-08-04T22:00:00+02:00,0.350598
2026-08-04T23:00:00+02:00,0.327696
2026-08-05T00:00:00+02:00,0.318578
2026-08-05T01:00:00+02:00,0.311497
2026-08-05T02:00:00+02:00,0.308802
2026-08-05T03:00:00+02:00,0.303629
2026-08-05T04:00:00+02:00,0.297473
2026-08-05T05:00:00+02:00,0.303290
2026-08-05T06:00:00+02:00,0.317804
2026-08-05T07:00:00+02:00,0.317713
2026-08-05T08:00:00+02:00,0.300165
2026-08-05T09:00:00+02:00,0.266415
2026-08-05T10:00:00+02:00,0.208841
2026-08-05T11:00:00+02:00,0.134069
2026-08-05T12:00:00+02:00,0.130762
2026-08-05T13:00:00+02:00,0.129773
2026-08-05T14:00:00+02:00,0.128923
2026-08-05T15:00:00+02:00,0.128929
2026-08-05T16:00:00+02:00,0.132036
2026-08-05T17:00:00+02:00,0.191653
2026-08-05T18:00:00+02:00,0.268739
2026-08-05T19:00:00+02:00,0.303916
2026-08-05T20:00:00+02:00,0.322547
2026-08-05T21:00:00+02:00,0.343084
2026-08-05T22:00:00+02:00,0.338973
2026-08-05T23:00:00+02:00,0.324450
2026-08-06T00:00:00+02:00,0.322644
2026-08-06T01:00:00+02:00,0.314283
2026-08-06T02:00:00+02:00,0.305873
2026-08-06T03:00:00+02:00,0.294856
2026-08-06T04:00:00+02:00,0.290924
2026-08-06T05:00:00+02:00,0.294436
2026-08-06T06:00:00+02:00,0.318639
2026-08-06T07:00:00+02:00,0.312220
2026-08-06T08:00:00+02:00,0.300407
2026-08-06T09:00:00+02:00,0.245377
2026-08-06T10:00:00+02:00,0.155343
2026-08-06T11:00:00+02:00,0.129676
2026-08-06T12:00:00+02:00,0.127181
2026-08-06T13:00:00+02:00,0.127949
2026-08-06T14:00:00+02:00,0.127175
2026-08-06T15:00:00+02:00,0.130045
2026-08-06T16:00:00+02:00,0.131655
2026-08-06T17:00:00+02:00,0.179329
2026-08-06T18:00:00+02:00,0.273545
2026-08-06T19:00:00+02:00,0.309110
2026-08-06T20:00:00+02:00,0.333555
2026-08-06T21:00:00+02:00,0.338223
2026-08-06T22:00:00+02:00,0.342155
2026-08-06T23:00:00+02:00,0.328141
2026-08-07T00:00:00+02:00,0.313067
2026-08-07T01:00:00+02:00,0.300395
2026-08-07T02:00:00+02:00,0.289684
2026-08-07T03:00:00+02:00,0.286695
2026-08-07T04:00:00+02:00,0.289920
2026-08-07T05:00:00+02:00,0.301799
2026-08-07T06:00:00+02:00,0.322051
2026-08-07T07:00:00+02:00,0.319038
2026-08-07T08:00:00+02:00,0.307501
2026-08-07T09:00:00+02:00,0.282838
2026-08-07T10:00:00+02:00,0.249487
2026-08-07T11:00:00+02:00,0.206693
2026-08-07T12:00:00+02:00,0.170723
2026-08-07T13:00:00+02:00,0.156263
2026-08-07T14:00:00+02:00,0.161735
2026-08-07T15:00:00+02:00,0.188954
2026-08-07T16:00:00+02:00,0.229023
2026-08-07T17:00:00+02:00,0.269855
2026-08-07T18:00:00+02:00,0.302395
2026-08-07T19:00:00+02:00,0.335071
2026-08-07T20:00:00+02:00,0.362964
2026-08-07T21:00:00+02:00,0.361579
2026-08-07T22:00:00+02:00,0.344781
2026-08-07T23:00:00+02:00,0.330352
2026-08-08T00:00:00+02:00,0.318400
2026-08-08T01:00:00+02:00,0.309994
2026-08-08T02:00:00+02:00,0.304663
2026-08-08T03:00:00+02:00,0.303097
2026-08-08T04:00:00+02:00,0.300492
2026-08-08T05:00:00+02:00,0.304561
2026-08-08T06:00:00+02:00,0.307401
2026-08-08T07:00:00+02:00,0.297464
2026-08-08T08:00:00+02:00,0.270039
2026-08-08T09:00:00+02:00,0.206529
2026-08-08T10:00:00+02:00,0.135554
2026-08-08T11:00:00+02:00,0.129749
2026-08-08T12:00:00+02:00,0.125332
2026-08-08T13:00:00+02:00,0.120323
2026-08-08T14:00:00+02:00,0.118656
2026-08-08T15:00:00+02:00,0.123787
2026-08-08T16:00:00+02:00,0.130705
2026-08-08T17:00:00+02:00,0.210583
2026-08-08T18:00:00+02:00,0.297089
2026-08-08T19:00:00+02:00,0.332869
2026-08-08T20:00:00+02:00,0.352652
2026-08-08T21:00:00+02:00,0.347891
2026-08-08T22:00:00+02:00,0.337579
2026-08-08T23:00:00+02:00,0.317698
2026-08-09T00:00:00+02:00,0.306633
2026-08-09T01:00:00+02:00,0.299457
2026-08-09T02:00:00+02:00,0.295945
2026-08-09T03:00:00+02:00,0.292930
2026-08-09T04:00:00+02:00,0.293023
2026-08-09T05:00:00+02:00,0.294200
2026-08-09T06:00:00+02:00,0.290325
2026-08-09T07:00:00+02:00,0.274011
2026-08-09T08:00:00+02:00,0.241650
2026-08-09T09:00:00+02:00,0.163826
2026-08-09T10:00:00+02:00,0.131267
2026-08-09T11:00:00+02:00,0.130850
2026-08-09T12:00:00+02:00,0.128140
2026-08-09T13:00:00+02:00,0.127160
2026-08-09T14:00:00+02:00,0.129250
2026-08-09T15:00:00+02:00,0.130832
2026-08-09T16:00:00+02:00,0.135838
2026-08-09T17:00:00+02:00,0.227962
2026-08-09T18:00:00+02:00,0.309909
2026-08-09T19:00:00+02:00,0.332088
2026-08-09T20:00:00+02:00,0.341986
2026-08-09T21:00:00+02:00,0.341550
2026-08-09T22:00:00+02:00,0.336550
2026-08-09T23:00:00+02:00,0.321219
2026-08-10T00:00:00+02:00,0.308182
2026-08-10T01:00:00+02:00,0.298226
2026-08-10T02:00:00+02:00,0.290252
2026-08-10T03:00:00+02:00,0.284611
2026-08-10T04:00:00+02:00,0.285134
2026-08-10T05:00:00+02:00,0.303971
2026-08-10T06:00:00+02:00,0.328373
2026-08-10T07:00:00+02:00,0.330140
2026-08-10T08:00:00+02:00,0.325521
2026-08-10T09:00:00+02:00,0.298898
2026-08-10T10:00:00+02:00,0.266019
2026-08-10T11:00:00+02:00,0.227000
2026-08-10T12:00:00+02:00,0.178285
2026-08-10T13:00:00+02:00,0.145074
2026-08-10T14:00:00+02:00,0.136098
2026-08-10T15:00:00+02:00,0.142950
2026-08-10T16:00:00+02:00,0.190076
2026-08-10T17:00:00+02:00,0.262822
2026-08-10T18:00:00+02:00,0.301832
2026-08-10T19:00:00+02:00,0.338658
2026-08-10T20:00:00+02:00,0.351796
2026-08-10T21:00:00+02:00,0.351469
2026-08-10T22:00:00+02:00,0.339073
2026-08-10T23:00:00+02:00,0.318763
2026-08-11T00:00:00+02:00,0.305320
2026-08-11T01:00:00+02:00,0.308130
2026-08-11T02:00:00+02:00,0.301654
2026-08-11T03:00:00+02:00,0.292197
2026-08-11T04:00:00+02:00,0.292908
2026-08-11T05:00:00+02:00,0.304279
2026-08-11T06:00:00+02:00,0.324329
2026-08-11T07:00:00+02:00,0.324783
2026-08-11T08:00:00+02:00,0.307220
2026-08-11T09:00:00+02:00,0.266034
2026-08-11T10:00:00+02:00,0.201677
2026-08-11T11:00:00+02:00,0.143162
2026-08-11T12:00:00+02:00,0.130871
2026-08-11T13:00:00+02:00,0.130768
2026-08-11T14:00:00+02:00,0.128506
2026-08-11T15:00:00+02:00,0.132480
2026-08-11T16:00:00+02:00,0.185179
2026-08-11T17:00:00+02:00,0.265481
2026-08-11T18:00:00+02:00,0.308399
2026-08-11T19:00:00+02:00,0.343577
2026-08-11T20:00:00+02:00,0.371743
2026-08-11T21:00:00+02:00,0.358953
2026-08-11T22:00:00+02:00,0.338193
2026-08-11T23:00:00+02:00,0.316697
2026-08-12T00:00:00+02:00,0.318709
2026-08-12T01:00:00+02:00,0.311751
2026-08-12T02:00:00+02:00,0.304243
2026-08-12T03:00:00+02:00,0.299951
2026-08-12T04:00:00+02:00,0.300129
2026-08-12T05:00:00+02:00,0.316585
2026-08-12T06:00:00+02:00,0.336974
2026-08-12T07:00:00+02:00,0.333576
2026-08-12T08:00:00+02:00,0.318612
2026-08-12T09:00:00+02:00,0.286831
2026-08-12T10:00:00+02:00,0.236888
2026-08-12T11:00:00+02:00,0.175859
2026-08-12T12:00:00+02:00,0.130835
2026-08-12T13:00:00+02:00,0.128088
2026-08-12T14:00:00+02:00,0.125369
2026-08-12T15:00:00+02:00,0.143240
2026-08-12T16:00:00+02:00,0.234353
2026-08-12T17:00:00+02:00,0.300961
2026-08-12T18:00:00+02:00,0.352958
2026-08-12T19:00:00+02:00,0.493850
2026-08-12T20:00:00+02:00,0.493018
2026-08-12T21:00:00+02:00,0.408690
2026-08-12T22:00:00+02:00,0.361552
2026-08-12T23:00:00+02:00,0.339091
2026-08-13T00:00:00+02:00,0.317314
2026-08-13T01:00:00+02:00,0.309437
2026-08-13T02:00:00+02:00,0.304391
2026-08-13T03:00:00+02:00,0.303544
2026-08-13T04:00:00+02:00,0.306203
2026-08-13T05:00:00+02:00,0.321301
2026-08-13T06:00:00+02:00,0.341671
2026-08-13T07:00:00+02:00,0.337878
2026-08-13T08:00:00+02:00,0.320578
2026-08-13T09:00:00+02:00,0.297966
2026-08-13T10:00:00+02:00,0.264370
2026-08-13T11:00:00+02:00,0.196275
2026-08-13T12:00:00+02:00,0.143833
2026-08-13T13:00:00+02:00,0.136440
2026-08-13T14:00:00+02:00,0.136900
2026-08-13T15:00:00+02:00,0.185466
2026-08-13T16:00:00+02:00,0.265345
2026-08-13T17:00:00+02:00,0.311984
2026-08-13T18:00:00+02:00,0.377687
2026-08-13T19:00:00+02:00,0.526036
2026-08-13T20:00:00+02:00,0.540874
2026-08-13T21:00:00+02:00,0.457562
2026-08-13T22:00:00+02:00,0.389164
2026-08-13T23:00:00+02:00,0.333903
2026-08-14T00:00:00+02:00,0.319610
2026-08-14T01:00:00+02:00,0.309706
2026-08-14T02:00:00+02:00,0.307183
2026-08-14T03:00:00+02:00,0.302731
2026-08-14T04:00:00+02:00,0.304978
2026-08-14T05:00:00+02:00,0.318034
2026-08-14T06:00:00+02:00,0.338922
2026-08-14T07:00:00+02:00,0.336650
2026-08-14T08:00:00+02:00,0.309168
2026-08-14T09:00:00+02:00,0.301790
2026-08-14T10:00:00+02:00,0.274755
2026-08-14T11:00:00+02:00,0.212198
2026-08-14T12:00:00+02:00,0.170012
2026-08-14T13:00:00+02:00,0.156865
2026-08-14T14:00:00+02:00,0.159896
2026-08-14T15:00:00+02:00,0.209388
2026-08-14T16:00:00+02:00,0.271597
2026-08-14T17:00:00+02:00,0.304673
2026-08-14T18:00:00+02:00,0.348644
2026-08-14T19:00:00+02:00,0.428816
2026-08-14T20:00:00+02:00,0.448826
2026-08-14T21:00:00+02:00,0.411050
2026-08-14T22:00:00+02:00,0.370430
2026-08-14T23:00:00+02:00,0.345646
2026-08-15T00:00:00+02:00,0.335881
2026-08-15T01:00:00+02:00,0.327351
2026-08-15T02:00:00+02:00,0.320702
2026-08-15T03:00:00+02:00,0.320744
2026-08-15T04:00:00+02:00,0.317813
2026-08-15T05:00:00+02:00,0.316999
2026-08-15T06:00:00+02:00,0.320799
2026-08-15T07:00:00+02:00,0.317568
2026-08-15T08:00:00+02:00,0.312081
2026-08-15T09:00:00+02:00,0.279719
2026-08-15T10:00:00+02:00,0.220124
2026-08-15T11:00:00+02:00,0.166339
2026-08-15T12:00:00+02:00,0.147605
2026-08-15T13:00:00+02:00,0.138171
2026-08-15T14:00:00+02:00,0.138385
2026-08-15T15:00:00+02:00,0.149118
2026-08-15T16:00:00+02:00,0.213841
2026-08-15T17:00:00+02:00,0.288921
2026-08-15T18:00:00+02:00,0.330924
2026-08-15T19:00:00+02:00,0.348644
2026-08-15T20:00:00+02:00,0.354688
2026-08-15T21:00:00+02:00,0.352694
2026-08-15T22:00:00+02:00,0.348157
2026-08-15T23:00:00+02:00,0.341378
2026-08-16T00:00:00+02:00,0.341768
2026-08-16T01:00:00+02:00,0.334841
2026-08-16T02:00:00+02:00,0.330899
2026-08-16T03:00:00+02:00,0.321467
2026-08-16T04:00:00+02:00,0.320699
2026-08-16T05:00:00+02:00,0.320753
2026-08-16T06:00:00+02:00,0.320336
2026-08-16T07:00:00+02:00,0.312798
2026-08-16T08:00:00+02:00,0.308336
2026-08-16T09:00:00+02:00,0.281864
2026-08-16T10:00:00+02:00,0.248099
2026-08-16T11:00:00+02:00,0.204938
2026-08-16T12:00:00+02:00,0.183521
2026-08-16T13:00:00+02:00,0.163928
2026-08-16T14:00:00+02:00,0.175085
2026-08-16T15:00:00+02:00,0.212770
2026-08-16T16:00:00+02:00,0.271373
2026-08-16T17:00:00+02:00,0.306693
2026-08-16T18:00:00+02:00,0.335966
2026-08-16T19:00:00+02:00,0.358294
2026-08-16T20:00:00+02:00,0.372871
2026-08-16T21:00:00+02:00,0.379717
2026-08-16T22:00:00+02:00,0.380757
2026-08-16T23:00:00+02:00,0.363953
2026-08-17T00:00:00+02:00,0.363324
2026-08-17T01:00:00+02:00,0.347210
2026-08-17T02:00:00+02:00,0.329169
2026-08-17T03:00:00+02:00,0.324789
2026-08-17T04:00:00+02:00,0.323325
2026-08-17T05:00:00+02:00,0.342561
2026-08-17T06:00:00+02:00,0.369704
2026-08-17T07:00:00+02:00,0.379082
2026-08-17T08:00:00+02:00,0.383540
2026-08-17T09:00:00+02:00,0.371259
2026-08-17T10:00:00+02:00,0.342951
2026-08-17T11:00:00+02:00,0.332657
2026-08-17T12:00:00+02:00,0.317489
2026-08-17T13:00:00+02:00,0.312489
2026-08-17T14:00:00+02:00,0.301784
2026-08-17T15:00:00+02:00,0.297080
2026-08-17T16:00:00+02:00,0.299007
2026-08-17T17:00:00+02:00,0.315980
2026-08-17T18:00:00+02:00,0.348015
2026-08-17T19:00:00+02:00,0.378970
2026-08-17T20:00:00+02:00,0.389252
2026-08-17T21:00:00+02:00,0.384953
2026-08-17T22:00:00+02:00,0.370073
2026-08-17T23:00:00+02:00,0.348553
2026-08-18T00:00:00+02:00,0.340867
2026-08-18T01:00:00+02:00,0.324193
2026-08-18T02:00:00+02:00,0.313324
2026-08-18T03:00:00+02:00,0.310405
2026-08-18T04:00:00+02:00,0.311406
2026-08-18T05:00:00+02:00,0.323276
2026-08-18T06:00:00+02:00,0.337288
2026-08-18T07:00:00+02:00,0.353823
2026-08-18T08:00:00+02:00,0.354966
2026-08-18T09:00:00+02:00,0.326528
2026-08-18T10:00:00+02:00,0.315318
2026-08-18T11:00:00+02:00,0.305374
2026-08-18T12:00:00+02:00,0.296121
2026-08-18T13:00:00+02:00,0.290410
2026-08-18T14:00:00+02:00,0.289130
2026-08-18T15:00:00+02:00,0.290863
2026-08-18T16:00:00+02:00,0.298359
2026-08-18T17:00:00+02:00,0.309165
2026-08-18T18:00:00+02:00,0.333398
2026-08-18T19:00:00+02:00,0.368452
2026-08-18T20:00:00+02:00,0.373791
2026-08-18T21:00:00+02:00,0.371640
2026-08-18T22:00:00+02:00,0.362426
2026-08-18T23:00:00+02:00,0.345192
2026-08-19T00:00:00+02:00,0.344536
2026-08-19T01:00:00+02:00,0.321546
2026-08-19T02:00:00+02:00,0.314059
2026-08-19T03:00:00+02:00,0.309083
2026-08-19T04:00:00+02:00,0.311134
2026-08-19T05:00:00+02:00,0.326459
2026-08-19T06:00:00+02:00,0.354416
2026-08-19T07:00:00+02:00,0.363932
2026-08-19T08:00:00+02:00,0.361797
2026-08-19T09:00:00+02:00,0.336157
2026-08-19T10:00:00+02:00,0.316276
2026-08-19T11:00:00+02:00,0.303832
2026-08-19T12:00:00+02:00,0.295510
2026-08-19T13:00:00+02:00,0.288540
2026-08-19T14:00:00+02:00,0.286093
2026-08-19T15:00:00+02:00,0.289771
2026-08-19T16:00:00+02:00,0.299058
2026-08-19T17:00:00+02:00,0.317160
2026-08-19T18:00:00+02:00,0.353318
2026-08-19T19:00:00+02:00,0.382016
2026-08-19T20:00:00+02:00,0.384318
2026-08-19T21:00:00+02:00,0.380258
2026-08-19T22:00:00+02:00,0.371758
2026-08-19T23:00:00+02:00,0.356572
